ts,url,http,bytes,out
01:34:25,https://docs.oracle.com/en-us/iaas/Content//en/cloud/paas/analytics-cloud/index.html,404,15118,
01:34:26,https://docs.oracle.com/en-us/iaas/Content//en/cloud/paas/apex/index.html,404,15118,
01:34:28,https://docs.oracle.com/en-us/iaas/Content//en/cloud/paas/app-builder-cloud/index.html,404,15118,
01:34:29,https://docs.oracle.com/en-us/iaas/Content//en/cloud/paas/application-integration/index.html,404,15118,
01:34:30,https://docs.oracle.com/en-us/iaas/Content//en/cloud/paas/autonomous-database/dedicated/index.html,404,15118,
01:34:32,https://docs.oracle.com/en-us/iaas/Content//en/cloud/paas/blockchain-cloud/index.html,404,15118,
01:34:33,https://docs.oracle.com/en-us/iaas/Content//en/cloud/paas/content-cloud/index.html,404,15118,
01:34:34,https://docs.oracle.com/en-us/iaas/Content//en/cloud/paas/data-safe/index.html,404,15118,
01:34:36,https://docs.oracle.com/en-us/iaas/Content//en/cloud/paas/goldengate-service/index.html,404,15118,
01:34:37,https://docs.oracle.com/en-us/iaas/Content//en/cloud/paas/integration-cloud/index.html,404,15118,
01:34:38,https://docs.oracle.com/en-us/iaas/Content//en/cloud/paas/nosql-cloud/index.html,404,15118,
01:34:40,https://docs.oracle.com/en-us/iaas/Content//en/cloud/paas/visual-builder/index.html,404,15118,
01:34:41,https://docs.oracle.com/en-us/iaas/Content//en/cloud/saas/epm-cloud/index.html,404,15118,
01:34:43,https://docs.oracle.com/en-us/iaas/Content//en/database/oracle/apex/26.1/index.html,404,15118,
01:34:44,https://docs.oracle.com/en-us/iaas/Content//en/engineered-systems/exadata-cloud-at-customer/ecccm/index.html,404,15118,
01:34:45,https://docs.oracle.com/en-us/iaas/Content//iaas/Content/Network/Troubleshoot/fastconnecttroubleshoot.htm,404,15118,
01:34:46,https://docs.oracle.com/en-us/iaas/Content//iaas/Content/Network/Troubleshoot/ipsectroubleshoot.htm,404,15118,
01:34:47,https://docs.oracle.com/en-us/iaas/Content//iaas/Content/dev/terraform/home.htm,404,15118,
01:34:49,https://docs.oracle.com/en-us/iaas/Content//iaas/api/,404,15118,
01:34:50,https://docs.oracle.com/en-us/iaas/Content//iaas/api/#/en/functionsdocgenpbf/latest/,404,15118,
01:34:52,https://docs.oracle.com/en-us/iaas/Content//iaas/images/,404,15118,
01:34:53,https://docs.oracle.com/en-us/iaas/Content//iaas/tools/dotnet/latest/api/index.html,404,15118,
01:34:55,https://docs.oracle.com/en-us/iaas/Content//iaas/tools/go/latest/,404,15118,
01:34:56,https://docs.oracle.com/en-us/iaas/Content//iaas/tools/java/latest/,404,15118,
01:34:58,https://docs.oracle.com/en-us/iaas/Content//iaas/tools/oci-cli/latest/oci_cli_docs/,404,15118,
01:34:59,https://docs.oracle.com/en-us/iaas/Content//iaas/tools/powershell/latest/articles/intro.html,404,15118,
01:35:00,https://docs.oracle.com/en-us/iaas/Content//iaas/tools/python/latest/api/landing.html,404,15118,
01:35:01,https://docs.oracle.com/en-us/iaas/Content//iaas/tools/ruby/latest/index.html,404,15118,
01:35:04,https://docs.oracle.com/en-us/iaas/Content//iaas/tools/typescript/latest/globals.html,404,15118,
01:35:05,https://docs.oracle.com/en-us/iaas/Content/8u361-above-blocklisted---known-issue.html,404,15118,
01:35:06,https://docs.oracle.com/en-us/iaas/Content/API/Concepts/apisigningkey.htm,200,36229,API__Concepts__apisigningkey.md
01:35:07,https://docs.oracle.com/en-us/iaas/Content/API/Concepts/cliconcepts.htm,200,19287,API__Concepts__cliconcepts.md
01:35:08,https://docs.oracle.com/en-us/iaas/Content/API/Concepts/clientsideencryption.htm,200,12865,API__Concepts__clientsideencryption.md
01:35:10,https://docs.oracle.com/en-us/iaas/Content/API/Concepts/cloudshellintro.htm,200,30195,API__Concepts__cloudshellintro.md
01:35:11,https://docs.oracle.com/en-us/iaas/Content/API/Concepts/cloudshellintro_topic-Cloud_Shell_Networking.htm,200,22207,API__Concepts__cloudshellintro_topic-Cloud_Shell_Networking.md
01:35:12,https://docs.oracle.com/en-us/iaas/Content/API/Concepts/cloudshellquickstart_dotnet.htm,200,8281,API__Concepts__cloudshellquickstart_dotnet.md
01:35:13,https://docs.oracle.com/en-us/iaas/Content/API/Concepts/cloudshellquickstart_go.htm,200,7376,API__Concepts__cloudshellquickstart_go.md
01:35:14,https://docs.oracle.com/en-us/iaas/Content/API/Concepts/cloudshellquickstart_java.htm,200,9173,API__Concepts__cloudshellquickstart_java.md
01:35:15,https://docs.oracle.com/en-us/iaas/Content/API/Concepts/cloudshellquickstart_powershell.htm,200,6385,API__Concepts__cloudshellquickstart_powershell.md
01:35:16,https://docs.oracle.com/en-us/iaas/Content/API/Concepts/cloudshellquickstart_python.htm,200,6804,API__Concepts__cloudshellquickstart_python.md
01:35:17,https://docs.oracle.com/en-us/iaas/Content/API/Concepts/cloudshellquickstart_ruby.htm,200,6595,API__Concepts__cloudshellquickstart_ruby.md
01:35:18,https://docs.oracle.com/en-us/iaas/Content/API/Concepts/cloudshellquickstart_typescriptandjavascript.htm,200,9970,API__Concepts__cloudshellquickstart_typescriptandjavascript.md
01:35:19,https://docs.oracle.com/en-us/iaas/Content/API/Concepts/code_editor_intro.htm,200,10670,API__Concepts__code_editor_intro.md
01:35:20,https://docs.oracle.com/en-us/iaas/Content/API/Concepts/code_editor_using.htm,200,5479,API__Concepts__code_editor_using.md
01:35:21,https://docs.oracle.com/en-us/iaas/Content/API/Concepts/code_editor_using_accessing_the_cloud_shell_home_directory.htm,200,6010,API__Concepts__code_editor_using_accessing_the_cloud_shell_home_directory.md
01:35:23,https://docs.oracle.com/en-us/iaas/Content/API/Concepts/code_editor_using_changing_code_editor_views.htm,200,6730,API__Concepts__code_editor_using_changing_code_editor_views.md
01:35:24,https://docs.oracle.com/en-us/iaas/Content/API/Concepts/code_editor_using_code_editor_ui.htm,200,8447,API__Concepts__code_editor_using_code_editor_ui.md
01:35:25,https://docs.oracle.com/en-us/iaas/Content/API/Concepts/code_editor_using_command_palette.htm,200,6336,API__Concepts__code_editor_using_command_palette.md
01:35:26,https://docs.oracle.com/en-us/iaas/Content/API/Concepts/code_editor_using_creating_a_new_file.htm,200,5946,API__Concepts__code_editor_using_creating_a_new_file.md
01:35:28,https://docs.oracle.com/en-us/iaas/Content/API/Concepts/code_editor_using_launching_code_editor.htm,200,7120,API__Concepts__code_editor_using_launching_code_editor.md
01:35:29,https://docs.oracle.com/en-us/iaas/Content/API/Concepts/code_editor_using_performing_file_operations.htm,200,6879,API__Concepts__code_editor_using_performing_file_operations.md
01:35:30,https://docs.oracle.com/en-us/iaas/Content/API/Concepts/code_editor_using_starting_a_terminal_session.htm,200,6154,API__Concepts__code_editor_using_starting_a_terminal_session.md
01:35:31,https://docs.oracle.com/en-us/iaas/Content/API/Concepts/code_editor_using_using_git_from_code_editor.htm,200,5540,API__Concepts__code_editor_using_using_git_from_code_editor.md
01:35:33,https://docs.oracle.com/en-us/iaas/Content/API/Concepts/code_editor_using_using_git_from_code_editor_clone_repo.htm,200,6340,API__Concepts__code_editor_using_using_git_from_code_editor_clone_repo.md
01:35:34,https://docs.oracle.com/en-us/iaas/Content/API/Concepts/code_editor_using_using_git_from_code_editor_one_click_clone.htm,200,12128,API__Concepts__code_editor_using_using_git_from_code_editor_one_click_clone.md
01:35:35,https://docs.oracle.com/en-us/iaas/Content/API/Concepts/code_editor_using_using_git_from_code_editor_setup_authentication.htm,200,7130,API__Concepts__code_editor_using_using_git_from_code_editor_setup_authentication.md
01:35:36,https://docs.oracle.com/en-us/iaas/Content/API/Concepts/code_editor_using_using_git_from_code_editor_work_with_files.htm,200,8794,API__Concepts__code_editor_using_using_git_from_code_editor_work_with_files.md
01:35:37,https://docs.oracle.com/en-us/iaas/Content/API/Concepts/code_editor_using_workspaces.htm,200,6098,API__Concepts__code_editor_using_workspaces.md
01:35:39,https://docs.oracle.com/en-us/iaas/Content/API/Concepts/dev_tools_known_issues.htm,200,50765,API__Concepts__dev_tools_known_issues.md
01:35:40,https://docs.oracle.com/en-us/iaas/Content/API/Concepts/devcloudshell_known_issues.htm,200,11112,API__Concepts__devcloudshell_known_issues.md
01:35:41,https://docs.oracle.com/en-us/iaas/Content/API/Concepts/devcloudshellgettingstarted.htm,200,32739,API__Concepts__devcloudshellgettingstarted.md
01:35:42,https://docs.oracle.com/en-us/iaas/Content/API/Concepts/developerquickstarts.htm,200,7544,API__Concepts__developerquickstarts.md
01:35:43,https://docs.oracle.com/en-us/iaas/Content/API/Concepts/devguidesetupprereq.htm,200,7949,API__Concepts__devguidesetupprereq.md
01:35:44,https://docs.oracle.com/en-us/iaas/Content/API/Concepts/devopstools.htm,200,9367,API__Concepts__devopstools.md
01:35:45,https://docs.oracle.com/en-us/iaas/Content/API/Concepts/devopstools_topic-DevOps_Tools_and_Plugins.htm,200,14157,API__Concepts__devopstools_topic-DevOps_Tools_and_Plugins.md
01:35:46,https://docs.oracle.com/en-us/iaas/Content/API/Concepts/devtoolslanding.htm,200,13916,API__Concepts__devtoolslanding.md
01:35:46,https://docs.oracle.com/en-us/iaas/Content/API/Concepts/sdk_adding_new_region_endpoints.htm,200,16837,API__Concepts__sdk_adding_new_region_endpoints.md
01:35:48,https://docs.oracle.com/en-us/iaas/Content/API/Concepts/sdk_authentication_methods.htm,200,36136,API__Concepts__sdk_authentication_methods.md
01:35:49,https://docs.oracle.com/en-us/iaas/Content/API/Concepts/sdk_troubleshooting.htm,200,17590,API__Concepts__sdk_troubleshooting.md
01:35:51,https://docs.oracle.com/en-us/iaas/Content/API/Concepts/sdkconfig.htm,200,17485,API__Concepts__sdkconfig.md
01:35:52,https://docs.oracle.com/en-us/iaas/Content/API/Concepts/sdks.htm,200,7498,API__Concepts__sdks.md
01:35:54,https://docs.oracle.com/en-us/iaas/Content/API/Concepts/signingrequests.htm,200,37176,API__Concepts__signingrequests.md
01:35:55,https://docs.oracle.com/en-us/iaas/Content/API/Concepts/usingapi.htm,200,27098,API__Concepts__usingapi.md
01:35:57,https://docs.oracle.com/en-us/iaas/Content/API/Concepts/workrequests.htm,200,122569,API__Concepts__workrequests.md
01:35:58,https://docs.oracle.com/en-us/iaas/Content/API/References/apierrors.htm,200,56989,API__References__apierrors.md
01:35:59,https://docs.oracle.com/en-us/iaas/Content/API/SDKDocs/ansible.htm,200,13282,API__SDKDocs__ansible.md
01:36:00,https://docs.oracle.com/en-us/iaas/Content/API/SDKDocs/ansiblegetstarted.htm,200,21584,API__SDKDocs__ansiblegetstarted.md
01:36:01,https://docs.oracle.com/en-us/iaas/Content/API/SDKDocs/ansibleinventoryintro.htm,200,45964,API__SDKDocs__ansibleinventoryintro.md
01:36:03,https://docs.oracle.com/en-us/iaas/Content/API/SDKDocs/ansiblesamples.htm,200,39343,API__SDKDocs__ansiblesamples.md
01:36:04,https://docs.oracle.com/en-us/iaas/Content/API/SDKDocs/cliconfigure.htm,200,28087,API__SDKDocs__cliconfigure.md
01:36:06,https://docs.oracle.com/en-us/iaas/Content/API/SDKDocs/clicontainer.htm,200,15758,API__SDKDocs__clicontainer.md
01:36:07,https://docs.oracle.com/en-us/iaas/Content/API/SDKDocs/clienvironmentvariables.htm,200,21925,API__SDKDocs__clienvironmentvariables.md
01:36:07,https://docs.oracle.com/en-us/iaas/Content/API/SDKDocs/cliinstall.htm,200,25219,API__SDKDocs__cliinstall.md
01:36:08,https://docs.oracle.com/en-us/iaas/Content/API/SDKDocs/climanualinst.htm,200,28987,API__SDKDocs__climanualinst.md
01:36:10,https://docs.oracle.com/en-us/iaas/Content/API/SDKDocs/clitoken.htm,200,20680,API__SDKDocs__clitoken.md
01:36:11,https://docs.oracle.com/en-us/iaas/Content/API/SDKDocs/clitroubleshooting.htm,200,23378,API__SDKDocs__clitroubleshooting.md
01:36:12,https://docs.oracle.com/en-us/iaas/Content/API/SDKDocs/cliuninstall.htm,200,9538,API__SDKDocs__cliuninstall.md
01:36:13,https://docs.oracle.com/en-us/iaas/Content/API/SDKDocs/cliupgrading.htm,200,8144,API__SDKDocs__cliupgrading.md
01:36:15,https://docs.oracle.com/en-us/iaas/Content/API/SDKDocs/cliusing.htm,200,48989,API__SDKDocs__cliusing.md
01:36:16,https://docs.oracle.com/en-us/iaas/Content/API/SDKDocs/cliusing_topic-Using_Interactive_Mode.htm,200,7693,API__SDKDocs__cliusing_topic-Using_Interactive_Mode.md
01:36:17,https://docs.oracle.com/en-us/iaas/Content/API/SDKDocs/cluster-api-provider.htm,200,11401,API__SDKDocs__cluster-api-provider.md
01:36:18,https://docs.oracle.com/en-us/iaas/Content/API/SDKDocs/crossplane-provider.htm,200,10882,API__SDKDocs__crossplane-provider.md
01:36:20,https://docs.oracle.com/en-us/iaas/Content/API/SDKDocs/devops_plugin.htm,200,8525,API__SDKDocs__devops_plugin.md
01:36:20,https://docs.oracle.com/en-us/iaas/Content/API/SDKDocs/dotnetconcepts.htm,200,34505,API__SDKDocs__dotnetconcepts.md
01:36:21,https://docs.oracle.com/en-us/iaas/Content/API/SDKDocs/dotnetsdk.htm,200,15717,API__SDKDocs__dotnetsdk.md
01:36:22,https://docs.oracle.com/en-us/iaas/Content/API/SDKDocs/dotnetsdkexamples.htm,200,9877,API__SDKDocs__dotnetsdkexamples.md
01:36:23,https://docs.oracle.com/en-us/iaas/Content/API/SDKDocs/dotnetsdkgettingstarted.htm,200,18864,API__SDKDocs__dotnetsdkgettingstarted.md
01:36:25,https://docs.oracle.com/en-us/iaas/Content/API/SDKDocs/eclipsegettingstarted.htm,200,10935,API__SDKDocs__eclipsegettingstarted.md
01:36:26,https://docs.oracle.com/en-us/iaas/Content/API/SDKDocs/eclipsetoolkit.htm,200,10675,API__SDKDocs__eclipsetoolkit.md
01:36:27,https://docs.oracle.com/en-us/iaas/Content/API/SDKDocs/eclipseusing.htm,200,10697,API__SDKDocs__eclipseusing.md
01:36:29,https://docs.oracle.com/en-us/iaas/Content/API/SDKDocs/gosdk.htm,200,18637,API__SDKDocs__gosdk.md
01:36:30,https://docs.oracle.com/en-us/iaas/Content/API/SDKDocs/grafana.htm,200,16485,API__SDKDocs__grafana.md
01:36:32,https://docs.oracle.com/en-us/iaas/Content/API/SDKDocs/hdfsconnector.htm,200,78487,API__SDKDocs__hdfsconnector.md
01:36:33,https://docs.oracle.com/en-us/iaas/Content/API/SDKDocs/hdfsconnectorspark.htm,200,22170,API__SDKDocs__hdfsconnectorspark.md
01:36:34,https://docs.oracle.com/en-us/iaas/Content/API/SDKDocs/javadownload.htm,200,7673,API__SDKDocs__javadownload.md
01:36:35,https://docs.oracle.com/en-us/iaas/Content/API/SDKDocs/javasdk.htm,200,17406,API__SDKDocs__javasdk.md
01:36:37,https://docs.oracle.com/en-us/iaas/Content/API/SDKDocs/javasdk3.htm,200,21411,API__SDKDocs__javasdk3.md
01:36:38,https://docs.oracle.com/en-us/iaas/Content/API/SDKDocs/javasdkconcepts.htm,200,54112,API__SDKDocs__javasdkconcepts.md
01:36:39,https://docs.oracle.com/en-us/iaas/Content/API/SDKDocs/javasdkconfig.htm,200,25914,API__SDKDocs__javasdkconfig.md
01:36:41,https://docs.oracle.com/en-us/iaas/Content/API/SDKDocs/javasdkexamples.htm,200,15113,API__SDKDocs__javasdkexamples.md
01:36:42,https://docs.oracle.com/en-us/iaas/Content/API/SDKDocs/javasdkgettingstarted.htm,200,22567,API__SDKDocs__javasdkgettingstarted.md
01:36:43,https://docs.oracle.com/en-us/iaas/Content/API/SDKDocs/javasdktroubleshooting.htm,200,14762,API__SDKDocs__javasdktroubleshooting.md
01:36:45,https://docs.oracle.com/en-us/iaas/Content/API/SDKDocs/jenkinsplugin.htm,200,9771,API__SDKDocs__jenkinsplugin.md
01:36:45,https://docs.oracle.com/en-us/iaas/Content/API/SDKDocs/knifeplugin.htm,200,9428,API__SDKDocs__knifeplugin.md
01:36:46,https://docs.oracle.com/en-us/iaas/Content/API/SDKDocs/operator-kubernetes.htm,200,11313,API__SDKDocs__operator-kubernetes.md
01:36:48,https://docs.oracle.com/en-us/iaas/Content/API/SDKDocs/plsqlsdk.htm,200,11088,API__SDKDocs__plsqlsdk.md
01:36:49,https://docs.oracle.com/en-us/iaas/Content/API/SDKDocs/plsqlsdkexamples.htm,200,17888,API__SDKDocs__plsqlsdkexamples.md
01:36:50,https://docs.oracle.com/en-us/iaas/Content/API/SDKDocs/powershell.htm,200,16893,API__SDKDocs__powershell.md
01:36:52,https://docs.oracle.com/en-us/iaas/Content/API/SDKDocs/powershellconcepts.htm,200,42681,API__SDKDocs__powershellconcepts.md
01:36:53,https://docs.oracle.com/en-us/iaas/Content/API/SDKDocs/powershellconcepts_topic_understanding_oci_cmdlets.htm,200,23680,API__SDKDocs__powershellconcepts_topic_understanding_oci_cmdlets.md
01:36:54,https://docs.oracle.com/en-us/iaas/Content/API/SDKDocs/powershellexamples.htm,200,9757,API__SDKDocs__powershellexamples.md
01:36:55,https://docs.oracle.com/en-us/iaas/Content/API/SDKDocs/powershellgettingstarted.htm,200,25299,API__SDKDocs__powershellgettingstarted.md
01:36:57,https://docs.oracle.com/en-us/iaas/Content/API/SDKDocs/pythonsdk.htm,200,24515,API__SDKDocs__pythonsdk.md
01:36:58,https://docs.oracle.com/en-us/iaas/Content/API/SDKDocs/rubysdk.htm,200,15588,API__SDKDocs__rubysdk.md
01:36:59,https://docs.oracle.com/en-us/iaas/Content/API/SDKDocs/solutions-kubernetes.htm,200,10169,API__SDKDocs__solutions-kubernetes.md
01:37:00,https://docs.oracle.com/en-us/iaas/Content/API/SDKDocs/typescriptsdk.htm,200,17178,API__SDKDocs__typescriptsdk.md
01:37:01,https://docs.oracle.com/en-us/iaas/Content/API/SDKDocs/typescriptsdkconcepts.htm,200,41073,API__SDKDocs__typescriptsdkconcepts.md
01:37:02,https://docs.oracle.com/en-us/iaas/Content/API/SDKDocs/typescriptsdkexamples.htm,200,11480,API__SDKDocs__typescriptsdkexamples.md
01:37:03,https://docs.oracle.com/en-us/iaas/Content/API/SDKDocs/typescriptsdkgettingstarted.htm,200,14763,API__SDKDocs__typescriptsdkgettingstarted.md
01:37:04,https://docs.oracle.com/en-us/iaas/Content/API/SDKDocs/usingthetoolkitforjavadownload.htm,200,15186,API__SDKDocs__usingthetoolkitforjavadownload.md
01:37:05,https://docs.oracle.com/en-us/iaas/Content/API/SDKDocs/visualstudio_gettingstarted.htm,200,9197,API__SDKDocs__visualstudio_gettingstarted.md
01:37:06,https://docs.oracle.com/en-us/iaas/Content/API/SDKDocs/visualstudio_intro.htm,200,9155,API__SDKDocs__visualstudio_intro.md
01:37:08,https://docs.oracle.com/en-us/iaas/Content/API/SDKDocs/visualstudio_using.htm,200,14508,API__SDKDocs__visualstudio_using.md
01:37:09,https://docs.oracle.com/en-us/iaas/Content/API/SDKDocs/vscode_plugins_intro.htm,200,11692,API__SDKDocs__vscode_plugins_intro.md
01:37:10,https://docs.oracle.com/en-us/iaas/Content/APIGateway/Concepts/apigatewayconcepts.htm,200,23417,APIGateway__Concepts__apigatewayconcepts.md
01:37:12,https://docs.oracle.com/en-us/iaas/Content/APIGateway/Concepts/apigatewaynetworkconfigexample.htm,200,38147,APIGateway__Concepts__apigatewaynetworkconfigexample.md
01:37:13,https://docs.oracle.com/en-us/iaas/Content/APIGateway/Concepts/apigatewayoverview.htm,200,16546,APIGateway__Concepts__apigatewayoverview.md
01:37:14,https://docs.oracle.com/en-us/iaas/Content/APIGateway/Concepts/apigatewayprerequisites.htm,200,11191,APIGateway__Concepts__apigatewayprerequisites.md
01:37:15,https://docs.oracle.com/en-us/iaas/Content/APIGateway/Reference/apigatewaylimits.htm,200,40407,APIGateway__Reference__apigatewaylimits.md
01:37:17,https://docs.oracle.com/en-us/iaas/Content/APIGateway/Reference/apigatewaymetrics.htm,200,37372,APIGateway__Reference__apigatewaymetrics.md
01:37:18,https://docs.oracle.com/en-us/iaas/Content/APIGateway/Reference/apigatewayotherdocs.htm,200,8457,APIGateway__Reference__apigatewayotherdocs.md
01:37:19,https://docs.oracle.com/en-us/iaas/Content/APIGateway/Tasks/adding_authn_authz_request_policies-multi-argument.htm,200,57259,APIGateway__Tasks__adding_authn_authz_request_policies-multi-argument.md
01:37:20,https://docs.oracle.com/en-us/iaas/Content/APIGateway/Tasks/adding_authn_authz_request_policies-single-argument.htm,200,32095,APIGateway__Tasks__adding_authn_authz_request_policies-single-argument.md
01:37:22,https://docs.oracle.com/en-us/iaas/Content/APIGateway/Tasks/apigatewayaddingauthzauthn.htm,200,8220,APIGateway__Tasks__apigatewayaddingauthzauthn.md
01:37:23,https://docs.oracle.com/en-us/iaas/Content/APIGateway/Tasks/apigatewayaddingbackendstoapigateways.htm,200,7105,APIGateway__Tasks__apigatewayaddingbackendstoapigateways.md
01:37:24,https://docs.oracle.com/en-us/iaas/Content/APIGateway/Tasks/apigatewayaddingcorssupport.htm,200,35073,APIGateway__Tasks__apigatewayaddingcorssupport.md
01:37:25,https://docs.oracle.com/en-us/iaas/Content/APIGateway/Tasks/apigatewayaddingloginbackends.htm,200,19169,APIGateway__Tasks__apigatewayaddingloginbackends.md
01:37:26,https://docs.oracle.com/en-us/iaas/Content/APIGateway/Tasks/apigatewayaddinglogoutbackends.htm,200,24300,APIGateway__Tasks__apigatewayaddinglogoutbackends.md
01:37:28,https://docs.oracle.com/en-us/iaas/Content/APIGateway/Tasks/apigatewayaddinglogpolicies.htm,200,22829,APIGateway__Tasks__apigatewayaddinglogpolicies.md
01:37:28,https://docs.oracle.com/en-us/iaas/Content/APIGateway/Tasks/apigatewayaddingmtlssupport.htm,200,21492,APIGateway__Tasks__apigatewayaddingmtlssupport.md
01:37:30,https://docs.oracle.com/en-us/iaas/Content/APIGateway/Tasks/apigatewayaddingmultipleauthenticationservers.htm,200,45661,APIGateway__Tasks__apigatewayaddingmultipleauthenticationservers.md
01:37:30,https://docs.oracle.com/en-us/iaas/Content/APIGateway/Tasks/apigatewayaddingparamswildcards.htm,200,9671,APIGateway__Tasks__apigatewayaddingparamswildcards.md
01:37:32,https://docs.oracle.com/en-us/iaas/Content/APIGateway/Tasks/apigatewayaddingrequestpolicies.htm,200,25793,APIGateway__Tasks__apigatewayaddingrequestpolicies.md
01:37:33,https://docs.oracle.com/en-us/iaas/Content/APIGateway/Tasks/apigatewayaddingrequestvalidation.htm,200,33748,APIGateway__Tasks__apigatewayaddingrequestvalidation.md
01:37:34,https://docs.oracle.com/en-us/iaas/Content/APIGateway/Tasks/apigatewayaddingresourcelocks.htm,200,9999,APIGateway__Tasks__apigatewayaddingresourcelocks.md
01:37:36,https://docs.oracle.com/en-us/iaas/Content/APIGateway/Tasks/apigatewayaddingstockresponses.htm,200,27483,APIGateway__Tasks__apigatewayaddingstockresponses.md
01:37:36,https://docs.oracle.com/en-us/iaas/Content/APIGateway/Tasks/apigatewayassigningIPaddresseshostnameendpoint.htm,200,12995,APIGateway__Tasks__apigatewayassigningIPaddresseshostnameendpoint.md
01:37:38,https://docs.oracle.com/en-us/iaas/Content/APIGateway/Tasks/apigatewayassigningIPaddressesviewing.htm,200,6520,APIGateway__Tasks__apigatewayassigningIPaddressesviewing.md
01:37:39,https://docs.oracle.com/en-us/iaas/Content/APIGateway/Tasks/apigatewayassigningIPv4IPv6addresses-top.htm,200,7113,APIGateway__Tasks__apigatewayassigningIPv4IPv6addresses-top.md
01:37:40,https://docs.oracle.com/en-us/iaas/Content/APIGateway/Tasks/apigatewayassigningIPv4IPv6addressessummary.htm,200,10970,APIGateway__Tasks__apigatewayassigningIPv4IPv6addressessummary.md
01:37:41,https://docs.oracle.com/en-us/iaas/Content/APIGateway/Tasks/apigatewayassigningIPv4IPv6addressestoAPIgateways.htm,200,20783,APIGateway__Tasks__apigatewayassigningIPv4IPv6addressestoAPIgateways.md
01:37:42,https://docs.oracle.com/en-us/iaas/Content/APIGateway/Tasks/apigatewayassigningreservedIPaddressestoAPIgateways.htm,200,11196,APIGateway__Tasks__apigatewayassigningreservedIPaddressestoAPIgateways.md
01:37:43,https://docs.oracle.com/en-us/iaas/Content/APIGateway/Tasks/apigatewaycallingandparameterizingapis.htm,200,6411,APIGateway__Tasks__apigatewaycallingandparameterizingapis.md
01:37:44,https://docs.oracle.com/en-us/iaas/Content/APIGateway/Tasks/apigatewayconfiguringclient.htm,200,6384,APIGateway__Tasks__apigatewayconfiguringclient.md
01:37:45,https://docs.oracle.com/en-us/iaas/Content/APIGateway/Tasks/apigatewayconfiguringclientocicli.htm,200,9219,APIGateway__Tasks__apigatewayconfiguringclientocicli.md
01:37:47,https://docs.oracle.com/en-us/iaas/Content/APIGateway/Tasks/apigatewayconfiguringtenancies.htm,200,11632,APIGateway__Tasks__apigatewayconfiguringtenancies.md
01:37:48,https://docs.oracle.com/en-us/iaas/Content/APIGateway/Tasks/apigatewaycontextvariables.htm,200,33348,APIGateway__Tasks__apigatewaycontextvariables.md
01:37:50,https://docs.oracle.com/en-us/iaas/Content/APIGateway/Tasks/apigatewaycreatingapigatewaysandresources.htm,200,7030,APIGateway__Tasks__apigatewaycreatingapigatewaysandresources.md
01:37:51,https://docs.oracle.com/en-us/iaas/Content/APIGateway/Tasks/apigatewaycreatingapiobject.htm,200,18247,APIGateway__Tasks__apigatewaycreatingapiobject.md
01:37:52,https://docs.oracle.com/en-us/iaas/Content/APIGateway/Tasks/apigatewaycreatingcompartment.htm,200,8225,APIGateway__Tasks__apigatewaycreatingcompartment.md
01:37:53,https://docs.oracle.com/en-us/iaas/Content/APIGateway/Tasks/apigatewaycreatingdeployment.htm,200,50631,APIGateway__Tasks__apigatewaycreatingdeployment.md
01:37:55,https://docs.oracle.com/en-us/iaas/Content/APIGateway/Tasks/apigatewaycreatinggateway.htm,200,25786,APIGateway__Tasks__apigatewaycreatinggateway.md
01:37:56,https://docs.oracle.com/en-us/iaas/Content/APIGateway/Tasks/apigatewaycreatinggroupsusers.htm,200,9680,APIGateway__Tasks__apigatewaycreatinggroupsusers.md
01:37:58,https://docs.oracle.com/en-us/iaas/Content/APIGateway/Tasks/apigatewaycreatingpolicies.htm,200,43336,APIGateway__Tasks__apigatewaycreatingpolicies.md
01:37:59,https://docs.oracle.com/en-us/iaas/Content/APIGateway/Tasks/apigatewaycreatingspecification.htm,200,19787,APIGateway__Tasks__apigatewaycreatingspecification.md
01:38:00,https://docs.oracle.com/en-us/iaas/Content/APIGateway/Tasks/apigatewaycreatingvcn.htm,200,13308,APIGateway__Tasks__apigatewaycreatingvcn.md
01:38:01,https://docs.oracle.com/en-us/iaas/Content/APIGateway/Tasks/apigatewaydefiningusageplans.htm,200,9707,APIGateway__Tasks__apigatewaydefiningusageplans.md
01:38:02,https://docs.oracle.com/en-us/iaas/Content/APIGateway/Tasks/apigatewaydefiningusageplans_topic-Creating-a-subscriber.htm,200,24225,APIGateway__Tasks__apigatewaydefiningusageplans_topic-Creating-a-subscriber.md
01:38:04,https://docs.oracle.com/en-us/iaas/Content/APIGateway/Tasks/apigatewaydefiningusageplans_topic-Creating-a-usage-plan.htm,200,32448,APIGateway__Tasks__apigatewaydefiningusageplans_topic-Creating-a-usage-plan.md
01:38:05,https://docs.oracle.com/en-us/iaas/Content/APIGateway/Tasks/apigatewaydefiningusageplans_topic-Examples.htm,200,13417,APIGateway__Tasks__apigatewaydefiningusageplans_topic-Examples.md
01:38:06,https://docs.oracle.com/en-us/iaas/Content/APIGateway/Tasks/apigatewaydefiningusageplans_topic-Making_an_API_Deployment_Eligible_for_Inclusion_in_a_Usage_Plan.htm,200,26741,APIGateway__Tasks__apigatewaydefiningusageplans_topic-Making_an_API_Deployment_Eligible_for_Inclusion_in_a_Usage_Plan.md
01:38:07,https://docs.oracle.com/en-us/iaas/Content/APIGateway/Tasks/apigatewaydeleting-deployment.htm,200,11569,APIGateway__Tasks__apigatewaydeleting-deployment.md
01:38:09,https://docs.oracle.com/en-us/iaas/Content/APIGateway/Tasks/apigatewaydeleting.htm,200,11360,APIGateway__Tasks__apigatewaydeleting.md
01:38:10,https://docs.oracle.com/en-us/iaas/Content/APIGateway/Tasks/apigatewaydynamicroutingbasedonrequest_topic.htm,200,61170,APIGateway__Tasks__apigatewaydynamicroutingbasedonrequest_topic.md
01:38:11,https://docs.oracle.com/en-us/iaas/Content/APIGateway/Tasks/apigatewaygeneratingsdk.htm,200,40472,APIGateway__Tasks__apigatewaygeneratingsdk.md
01:38:12,https://docs.oracle.com/en-us/iaas/Content/APIGateway/Tasks/apigatewayinvokingdeployedapi.htm,200,11474,APIGateway__Tasks__apigatewayinvokingdeployedapi.md
01:38:13,https://docs.oracle.com/en-us/iaas/Content/APIGateway/Tasks/apigatewaylimitingbackendaccess.htm,200,16727,APIGateway__Tasks__apigatewaylimitingbackendaccess.md
01:38:15,https://docs.oracle.com/en-us/iaas/Content/APIGateway/Tasks/apigatewaylisting-apis.htm,200,9792,APIGateway__Tasks__apigatewaylisting-apis.md
01:38:16,https://docs.oracle.com/en-us/iaas/Content/APIGateway/Tasks/apigatewaylisting-certificates.htm,200,10038,APIGateway__Tasks__apigatewaylisting-certificates.md
01:38:17,https://docs.oracle.com/en-us/iaas/Content/APIGateway/Tasks/apigatewaylisting-deployments.htm,200,9616,APIGateway__Tasks__apigatewaylisting-deployments.md
01:38:17,https://docs.oracle.com/en-us/iaas/Content/APIGateway/Tasks/apigatewaylisting-subscribers.htm,200,9972,APIGateway__Tasks__apigatewaylisting-subscribers.md
01:38:19,https://docs.oracle.com/en-us/iaas/Content/APIGateway/Tasks/apigatewaylisting-usageplans.htm,200,9964,APIGateway__Tasks__apigatewaylisting-usageplans.md
01:38:20,https://docs.oracle.com/en-us/iaas/Content/APIGateway/Tasks/apigatewaylisting.htm,200,9832,APIGateway__Tasks__apigatewaylisting.md
01:38:22,https://docs.oracle.com/en-us/iaas/Content/APIGateway/Tasks/apigatewaymanagingapideployments.htm,200,6432,APIGateway__Tasks__apigatewaymanagingapideployments.md
01:38:23,https://docs.oracle.com/en-us/iaas/Content/APIGateway/Tasks/apigatewaymanagingapigateways.htm,200,6347,APIGateway__Tasks__apigatewaymanagingapigateways.md
01:38:24,https://docs.oracle.com/en-us/iaas/Content/APIGateway/Tasks/apigatewaymanagingapigatewaysandresources.htm,200,6783,APIGateway__Tasks__apigatewaymanagingapigatewaysandresources.md
01:38:25,https://docs.oracle.com/en-us/iaas/Content/APIGateway/Tasks/apigatewaymanagingapis.htm,200,5732,APIGateway__Tasks__apigatewaymanagingapis.md
01:38:26,https://docs.oracle.com/en-us/iaas/Content/APIGateway/Tasks/apigatewaymanagingcertificates.htm,200,5916,APIGateway__Tasks__apigatewaymanagingcertificates.md
01:38:27,https://docs.oracle.com/en-us/iaas/Content/APIGateway/Tasks/apigatewaymanagingresourcelocks.htm,200,7448,APIGateway__Tasks__apigatewaymanagingresourcelocks.md
01:38:28,https://docs.oracle.com/en-us/iaas/Content/APIGateway/Tasks/apigatewaymanagingsubscribers.htm,200,5737,APIGateway__Tasks__apigatewaymanagingsubscribers.md
01:38:29,https://docs.oracle.com/en-us/iaas/Content/APIGateway/Tasks/apigatewaymanagingusageplans.htm,200,5734,APIGateway__Tasks__apigatewaymanagingusageplans.md
01:38:31,https://docs.oracle.com/en-us/iaas/Content/APIGateway/Tasks/apigatewaymodifyingresponsesrequests-addingheadertransformrequestpolicies.htm,200,26097,APIGateway__Tasks__apigatewaymodifyingresponsesrequests-addingheadertransformrequestpolicies.md
01:38:32,https://docs.oracle.com/en-us/iaas/Content/APIGateway/Tasks/apigatewaymodifyingresponsesrequests-addingqueryparamtransformrequestpolicies.htm,200,26411,APIGateway__Tasks__apigatewaymodifyingresponsesrequests-addingqueryparamtransformrequestpolicies.md
01:38:34,https://docs.oracle.com/en-us/iaas/Content/APIGateway/Tasks/apigatewaymodifyingresponsesrequests-addingresponsetransforms.htm,200,25812,APIGateway__Tasks__apigatewaymodifyingresponsesrequests-addingresponsetransforms.md
01:38:35,https://docs.oracle.com/en-us/iaas/Content/APIGateway/Tasks/apigatewaymodifyingresponsesrequests-protectedrequestresponseheaders.htm,200,13456,APIGateway__Tasks__apigatewaymodifyingresponsesrequests-protectedrequestresponseheaders.md
01:38:36,https://docs.oracle.com/en-us/iaas/Content/APIGateway/Tasks/apigatewaymodifyingresponsesrequests-transformexamples.htm,200,15555,APIGateway__Tasks__apigatewaymodifyingresponsesrequests-transformexamples.md
01:38:37,https://docs.oracle.com/en-us/iaas/Content/APIGateway/Tasks/apigatewaymodifyingresponsesrequests.htm,200,10868,APIGateway__Tasks__apigatewaymodifyingresponsesrequests.md
01:38:38,https://docs.oracle.com/en-us/iaas/Content/APIGateway/Tasks/apigatewaymovingdeployments.htm,200,12473,APIGateway__Tasks__apigatewaymovingdeployments.md
01:38:39,https://docs.oracle.com/en-us/iaas/Content/APIGateway/Tasks/apigatewaymovingresources.htm,200,12175,APIGateway__Tasks__apigatewaymovingresources.md
01:38:40,https://docs.oracle.com/en-us/iaas/Content/APIGateway/Tasks/apigatewayobservingapigatewaysandresources.htm,200,6134,APIGateway__Tasks__apigatewayobservingapigatewaysandresources.md
01:38:41,https://docs.oracle.com/en-us/iaas/Content/APIGateway/Tasks/apigatewayoverridingresourcelocks.htm,200,10835,APIGateway__Tasks__apigatewayoverridingresourcelocks.md
01:38:42,https://docs.oracle.com/en-us/iaas/Content/APIGateway/Tasks/apigatewayquickstartsetupcreatedeploy.htm,200,25184,APIGateway__Tasks__apigatewayquickstartsetupcreatedeploy.md
01:38:43,https://docs.oracle.com/en-us/iaas/Content/APIGateway/Tasks/apigatewayremovingresourcelocks.htm,200,10207,APIGateway__Tasks__apigatewayremovingresourcelocks.md
01:38:44,https://docs.oracle.com/en-us/iaas/Content/APIGateway/Tasks/apigatewayresponsecaching.htm,200,49824,APIGateway__Tasks__apigatewayresponsecaching.md
01:38:45,https://docs.oracle.com/en-us/iaas/Content/APIGateway/Tasks/apigatewaysecuringapigatewaysandresources.htm,200,6653,APIGateway__Tasks__apigatewaysecuringapigatewaysandresources.md
01:38:46,https://docs.oracle.com/en-us/iaas/Content/APIGateway/Tasks/apigatewaysettingupcustomcertificateauthorities.htm,200,21099,APIGateway__Tasks__apigatewaysettingupcustomcertificateauthorities.md
01:38:47,https://docs.oracle.com/en-us/iaas/Content/APIGateway/Tasks/apigatewaysettingupcustomdomainscerts.htm,200,45588,APIGateway__Tasks__apigatewaysettingupcustomdomainscerts.md
01:38:49,https://docs.oracle.com/en-us/iaas/Content/APIGateway/Tasks/apigatewaysupportedtlsversionsciphers.htm,200,14180,APIGateway__Tasks__apigatewaysupportedtlsversionsciphers.md
01:38:50,https://docs.oracle.com/en-us/iaas/Content/APIGateway/Tasks/apigatewaytroubleshooting.htm,200,32658,APIGateway__Tasks__apigatewaytroubleshooting.md
01:38:51,https://docs.oracle.com/en-us/iaas/Content/APIGateway/Tasks/apigatewaytroubleshooting_topic-5xx_responses_returned_because_backend_unreachable.htm,200,15724,APIGateway__Tasks__apigatewaytroubleshooting_topic-5xx_responses_returned_because_backend_unreachable.md
01:38:52,https://docs.oracle.com/en-us/iaas/Content/APIGateway/Tasks/apigatewaytroubleshooting_topic-Creating_a_new_API_deployment_Bad-request-HTTP-400-errors.htm,200,13176,APIGateway__Tasks__apigatewaytroubleshooting_topic-Creating_a_new_API_deployment_Bad-request-HTTP-400-errors.md
01:38:53,https://docs.oracle.com/en-us/iaas/Content/APIGateway/Tasks/apigatewaytroubleshooting_topic-Issues-affecting-API-gateways.htm,200,7422,APIGateway__Tasks__apigatewaytroubleshooting_topic-Issues-affecting-API-gateways.md
01:38:54,https://docs.oracle.com/en-us/iaas/Content/APIGateway/Tasks/apigatewaytroubleshooting_topic-Issues-calling-APIs.htm,200,7160,APIGateway__Tasks__apigatewaytroubleshooting_topic-Issues-calling-APIs.md
01:38:55,https://docs.oracle.com/en-us/iaas/Content/APIGateway/Tasks/apigatewaytroubleshooting_topic-Issues-calling-APIs_Deployment-requests-fail-with-5xx.htm,200,13871,APIGateway__Tasks__apigatewaytroubleshooting_topic-Issues-calling-APIs_Deployment-requests-fail-with-5xx.md
01:38:56,https://docs.oracle.com/en-us/iaas/Content/APIGateway/Tasks/apigatewaytroubleshooting_topic-Issues-calling-APIs_Gateway-requests-fail-with-4xx.htm,200,9898,APIGateway__Tasks__apigatewaytroubleshooting_topic-Issues-calling-APIs_Gateway-requests-fail-with-4xx.md
01:38:58,https://docs.oracle.com/en-us/iaas/Content/APIGateway/Tasks/apigatewaytroubleshooting_topic-Issues-calling-APIs_Miscellaneous-issues.htm,200,10112,APIGateway__Tasks__apigatewaytroubleshooting_topic-Issues-calling-APIs_Miscellaneous-issues.md
01:38:59,https://docs.oracle.com/en-us/iaas/Content/APIGateway/Tasks/apigatewaytroubleshooting_topic-Issues-setting-up-and-running-API-deployments.htm,200,8873,APIGateway__Tasks__apigatewaytroubleshooting_topic-Issues-setting-up-and-running-API-deployments.md
01:39:00,https://docs.oracle.com/en-us/iaas/Content/APIGateway/Tasks/apigatewaytroubleshooting_topic-Issues-setting-up-and-running-API-gateways.htm,200,15841,APIGateway__Tasks__apigatewaytroubleshooting_topic-Issues-setting-up-and-running-API-gateways.md
01:39:01,https://docs.oracle.com/en-us/iaas/Content/APIGateway/Tasks/apigatewaytroubleshooting_topic-authentication_provider_call_failures_http-500.htm,200,13884,APIGateway__Tasks__apigatewaytroubleshooting_topic-authentication_provider_call_failures_http-500.md
01:39:02,https://docs.oracle.com/en-us/iaas/Content/APIGateway/Tasks/apigatewaytroubleshooting_topic-dynamic_authentication_selector_configuration_is_invalid.htm,200,19121,APIGateway__Tasks__apigatewaytroubleshooting_topic-dynamic_authentication_selector_configuration_is_invalid.md
01:39:04,https://docs.oracle.com/en-us/iaas/Content/APIGateway/Tasks/apigatewaytroubleshooting_topic-forwarded_headers_do_not_match.htm,200,16287,APIGateway__Tasks__apigatewaytroubleshooting_topic-forwarded_headers_do_not_match.md
01:39:05,https://docs.oracle.com/en-us/iaas/Content/APIGateway/Tasks/apigatewaytroubleshooting_topic-gateway_create_or_update_fails.htm,200,20089,APIGateway__Tasks__apigatewaytroubleshooting_topic-gateway_create_or_update_fails.md
01:39:06,https://docs.oracle.com/en-us/iaas/Content/APIGateway/Tasks/apigatewaytroubleshooting_topic-header_transformations_do_not_work.htm,200,13836,APIGateway__Tasks__apigatewaytroubleshooting_topic-header_transformations_do_not_work.md
01:39:08,https://docs.oracle.com/en-us/iaas/Content/APIGateway/Tasks/apigatewaytroubleshooting_topic-https_backend_tls_handshake_fails.htm,200,13889,APIGateway__Tasks__apigatewaytroubleshooting_topic-https_backend_tls_handshake_fails.md
01:39:08,https://docs.oracle.com/en-us/iaas/Content/APIGateway/Tasks/apigatewaytroubleshooting_topic-monitor_endpoint_reachability.htm,200,13720,APIGateway__Tasks__apigatewaytroubleshooting_topic-monitor_endpoint_reachability.md
01:39:09,https://docs.oracle.com/en-us/iaas/Content/APIGateway/Tasks/apigatewaytroubleshooting_topic-opc-request-id_values_do_not_match.htm,200,21239,APIGateway__Tasks__apigatewaytroubleshooting_topic-opc-request-id_values_do_not_match.md
01:39:11,https://docs.oracle.com/en-us/iaas/Content/APIGateway/Tasks/apigatewaytroubleshooting_topic-requests_fail_connectivity_subnet-placement.htm,200,13751,APIGateway__Tasks__apigatewaytroubleshooting_topic-requests_fail_connectivity_subnet-placement.md
01:39:12,https://docs.oracle.com/en-us/iaas/Content/APIGateway/Tasks/apigatewaytroubleshooting_topic-response_cache_tls_handshake_fails.htm,200,12974,APIGateway__Tasks__apigatewaytroubleshooting_topic-response_cache_tls_handshake_fails.md
01:39:13,https://docs.oracle.com/en-us/iaas/Content/APIGateway/Tasks/apigatewaytroubleshooting_topic-service_api_calls_fail_after_proxied.htm,200,14282,APIGateway__Tasks__apigatewaytroubleshooting_topic-service_api_calls_fail_after_proxied.md
01:39:14,https://docs.oracle.com/en-us/iaas/Content/APIGateway/Tasks/apigatewaytroubleshooting_topic-token_validation_fails_token_claims_do_not_match.htm,200,14462,APIGateway__Tasks__apigatewaytroubleshooting_topic-token_validation_fails_token_claims_do_not_match.md
01:39:15,https://docs.oracle.com/en-us/iaas/Content/APIGateway/Tasks/apigatewaytroubleshooting_topic-troubleshooting-guides.htm,200,7076,APIGateway__Tasks__apigatewaytroubleshooting_topic-troubleshooting-guides.md
01:39:16,https://docs.oracle.com/en-us/iaas/Content/APIGateway/Tasks/apigatewaytroubleshooting_topic-troubleshooting-guides_calling-apis.htm,200,8697,APIGateway__Tasks__apigatewaytroubleshooting_topic-troubleshooting-guides_calling-apis.md
01:39:17,https://docs.oracle.com/en-us/iaas/Content/APIGateway/Tasks/apigatewaytroubleshooting_topic-troubleshooting-guides_creating-deployments.htm,200,7358,APIGateway__Tasks__apigatewaytroubleshooting_topic-troubleshooting-guides_creating-deployments.md
01:39:18,https://docs.oracle.com/en-us/iaas/Content/APIGateway/Tasks/apigatewaytroubleshooting_topic-troubleshooting-guides_creating-gateways.htm,200,6335,APIGateway__Tasks__apigatewaytroubleshooting_topic-troubleshooting-guides_creating-gateways.md
01:39:20,https://docs.oracle.com/en-us/iaas/Content/APIGateway/Tasks/apigatewaytroubleshooting_topic-troubleshooting-guides_gateway-issues.htm,200,6713,APIGateway__Tasks__apigatewaytroubleshooting_topic-troubleshooting-guides_gateway-issues.md
01:39:21,https://docs.oracle.com/en-us/iaas/Content/APIGateway/Tasks/apigatewaytroubleshooting_topic-unexpected_response_codes_returned.htm,200,14980,APIGateway__Tasks__apigatewaytroubleshooting_topic-unexpected_response_codes_returned.md
01:39:21,https://docs.oracle.com/en-us/iaas/Content/APIGateway/Tasks/apigatewayupdating-deployments.htm,200,13283,APIGateway__Tasks__apigatewayupdating-deployments.md
01:39:22,https://docs.oracle.com/en-us/iaas/Content/APIGateway/Tasks/apigatewayupdating.htm,200,14054,APIGateway__Tasks__apigatewayupdating.md
01:39:24,https://docs.oracle.com/en-us/iaas/Content/APIGateway/Tasks/apigatewayusingauthorizerfunction.htm,200,11746,APIGateway__Tasks__apigatewayusingauthorizerfunction.md
01:39:25,https://docs.oracle.com/en-us/iaas/Content/APIGateway/Tasks/apigatewayusingauthorizerfunction_topic-Adding_authn_authz_request_policies.htm,200,6807,APIGateway__Tasks__apigatewayusingauthorizerfunction_topic-Adding_authn_authz_request_policies.md
01:39:27,https://docs.oracle.com/en-us/iaas/Content/APIGateway/Tasks/apigatewayusingauthorizerfunction_topic-Creating_an_Authorizer_Function.htm,200,25674,APIGateway__Tasks__apigatewayusingauthorizerfunction_topic-Creating_an_Authorizer_Function.md
01:39:28,https://docs.oracle.com/en-us/iaas/Content/APIGateway/Tasks/apigatewayusingauthorizerfunction_topic-Deploying_an_Authorizer_Function.htm,200,7299,APIGateway__Tasks__apigatewayusingauthorizerfunction_topic-Deploying_an_Authorizer_Function.md
01:39:29,https://docs.oracle.com/en-us/iaas/Content/APIGateway/Tasks/apigatewayusingauthorizerfunction_topic-Prerequisites_for_Using_Authorizer_Functions.htm,200,7630,APIGateway__Tasks__apigatewayusingauthorizerfunction_topic-Prerequisites_for_Using_Authorizer_Functions.md
01:39:30,https://docs.oracle.com/en-us/iaas/Content/APIGateway/Tasks/apigatewayusingfunctionsbackend.htm,200,22792,APIGateway__Tasks__apigatewayusingfunctionsbackend.md
01:39:31,https://docs.oracle.com/en-us/iaas/Content/APIGateway/Tasks/apigatewayusinghttpbackend.htm,200,27054,APIGateway__Tasks__apigatewayusinghttpbackend.md
01:39:32,https://docs.oracle.com/en-us/iaas/Content/APIGateway/Tasks/apigatewayusingjwttokens-identityprovider.htm,200,10977,APIGateway__Tasks__apigatewayusingjwttokens-identityprovider.md
01:39:34,https://docs.oracle.com/en-us/iaas/Content/APIGateway/Tasks/apigatewayusingjwttokens-keyparams.htm,200,8124,APIGateway__Tasks__apigatewayusingjwttokens-keyparams.md
01:39:35,https://docs.oracle.com/en-us/iaas/Content/APIGateway/Tasks/apigatewayusingjwttokens-prerequisites.htm,200,8395,APIGateway__Tasks__apigatewayusingjwttokens-prerequisites.md
01:39:36,https://docs.oracle.com/en-us/iaas/Content/APIGateway/Tasks/apigatewayusingjwttokens-requestpolicy.htm,200,37367,APIGateway__Tasks__apigatewayusingjwttokens-requestpolicy.md
01:39:38,https://docs.oracle.com/en-us/iaas/Content/APIGateway/Tasks/apigatewayusingjwttokens-usingconsole.htm,200,39458,APIGateway__Tasks__apigatewayusingjwttokens-usingconsole.md
01:39:39,https://docs.oracle.com/en-us/iaas/Content/APIGateway/Tasks/apigatewayusingjwttokens-usinjson.htm,200,57845,APIGateway__Tasks__apigatewayusingjwttokens-usinjson.md
01:39:40,https://docs.oracle.com/en-us/iaas/Content/APIGateway/Tasks/apigatewayusingjwttokens.htm,200,29436,APIGateway__Tasks__apigatewayusingjwttokens.md
01:39:41,https://docs.oracle.com/en-us/iaas/Content/APIGateway/home.htm,200,20943,APIGateway__home.md
01:39:43,https://docs.oracle.com/en-us/iaas/Content/APIGateway/known-issues/apigateway-known-issues.htm,200,5437,APIGateway__known-issues__apigateway-known-issues.md
01:39:44,https://docs.oracle.com/en-us/iaas/Content/Archive/Concepts/Knownissues_archive-storage.htm,200,5359,Archive__Concepts__Knownissues_archive-storage.md
01:39:45,https://docs.oracle.com/en-us/iaas/Content/Archive/Concepts/archivestorageoverview.htm,200,23658,Archive__Concepts__archivestorageoverview.md
01:39:46,https://docs.oracle.com/en-us/iaas/Content/Archive/home.htm,200,9330,Archive__home.md
01:39:47,https://docs.oracle.com/en-us/iaas/Content/Audit/Concepts/auditoverview.htm,200,12311,Audit__Concepts__auditoverview.md
01:39:48,https://docs.oracle.com/en-us/iaas/Content/Audit/Concepts/bulkexport.htm,200,13479,Audit__Concepts__bulkexport.md
01:39:49,https://docs.oracle.com/en-us/iaas/Content/Audit/Reference/logeventreference.htm,200,34499,Audit__Reference__logeventreference.md
01:39:50,https://docs.oracle.com/en-us/iaas/Content/Audit/Tasks/copying-the-details-of-log-event.htm,200,8053,Audit__Tasks__copying-the-details-of-log-event.md
01:39:51,https://docs.oracle.com/en-us/iaas/Content/Audit/Tasks/listing-log-events.htm,200,9646,Audit__Tasks__listing-log-events.md
01:39:52,https://docs.oracle.com/en-us/iaas/Content/Audit/Tasks/searching-log-events.htm,200,11244,Audit__Tasks__searching-log-events.md
01:39:53,https://docs.oracle.com/en-us/iaas/Content/Audit/Tasks/settingretentionperiod.htm,200,6265,Audit__Tasks__settingretentionperiod.md
01:39:54,https://docs.oracle.com/en-us/iaas/Content/Audit/Tasks/viewing-details-of-log-event.htm,200,8322,Audit__Tasks__viewing-details-of-log-event.md
01:39:56,https://docs.oracle.com/en-us/iaas/Content/Audit/Tasks/viewinglogevents.htm,200,11984,Audit__Tasks__viewinglogevents.md
01:39:57,https://docs.oracle.com/en-us/iaas/Content/Audit/home.htm,200,9615,Audit__home.md
01:39:58,https://docs.oracle.com/en-us/iaas/Content/Audit/known-issues.htm,200,5341,Audit__known-issues.md
01:39:59,https://docs.oracle.com/en-us/iaas/Content/Balance/Concepts/balanceoverview.htm,200,23872,Balance__Concepts__balanceoverview.md
01:40:00,https://docs.oracle.com/en-us/iaas/Content/Balance/Concepts/balanceoverview_topic-Load_Balancing_Concepts.htm,200,20000,Balance__Concepts__balanceoverview_topic-Load_Balancing_Concepts.md
01:40:01,https://docs.oracle.com/en-us/iaas/Content/Balance/Concepts/hostname_pathrouterules_combo.htm,200,11244,Balance__Concepts__hostname_pathrouterules_combo.md
01:40:02,https://docs.oracle.com/en-us/iaas/Content/Balance/Concepts/load_balancer_types.htm,200,14625,Balance__Concepts__load_balancer_types.md
01:40:03,https://docs.oracle.com/en-us/iaas/Content/Balance/Concepts/routing_policy_conditions.htm,200,40312,Balance__Concepts__routing_policy_conditions.md
01:40:05,https://docs.oracle.com/en-us/iaas/Content/Balance/Reference/connectionreuse.htm,200,11722,Balance__Reference__connectionreuse.md
01:40:06,https://docs.oracle.com/en-us/iaas/Content/Balance/Reference/httpheaders.htm,200,12686,Balance__Reference__httpheaders.md
01:40:07,https://docs.oracle.com/en-us/iaas/Content/Balance/Reference/lb-vs-nlb.htm,200,11869,Balance__Reference__lb-vs-nlb.md
01:40:08,https://docs.oracle.com/en-us/iaas/Content/Balance/Reference/lbpolicies.htm,200,11252,Balance__Reference__lbpolicies.md
01:40:10,https://docs.oracle.com/en-us/iaas/Content/Balance/Reference/loadbalancermetrics.htm,200,37614,Balance__Reference__loadbalancermetrics.md
01:40:11,https://docs.oracle.com/en-us/iaas/Content/Balance/Reference/loadbalancermetrics_topic-Using_the_Console.htm,200,11686,Balance__Reference__loadbalancermetrics_topic-Using_the_Console.md
01:40:11,https://docs.oracle.com/en-us/iaas/Content/Balance/Reference/response_match_errors.htm,200,6419,Balance__Reference__response_match_errors.md
01:40:13,https://docs.oracle.com/en-us/iaas/Content/Balance/Reference/sessionpersistence.htm,200,18261,Balance__Reference__sessionpersistence.md
01:40:14,https://docs.oracle.com/en-us/iaas/Content/Balance/Reference/troubleshooting_backend-set.htm,200,8018,Balance__Reference__troubleshooting_backend-set.md
01:40:15,https://docs.oracle.com/en-us/iaas/Content/Balance/Reference/troubleshooting_backend.htm,200,17045,Balance__Reference__troubleshooting_backend.md
01:40:16,https://docs.oracle.com/en-us/iaas/Content/Balance/Reference/troubleshooting_health.htm,200,11718,Balance__Reference__troubleshooting_health.md
01:40:18,https://docs.oracle.com/en-us/iaas/Content/Balance/Reference/troubleshooting_http.htm,200,12261,Balance__Reference__troubleshooting_http.md
01:40:19,https://docs.oracle.com/en-us/iaas/Content/Balance/Reference/troubleshooting_load_balancer.htm,200,7075,Balance__Reference__troubleshooting_load_balancer.md
01:40:20,https://docs.oracle.com/en-us/iaas/Content/Balance/Reference/troubleshooting_ssl.htm,200,14811,Balance__Reference__troubleshooting_ssl.md
01:40:21,https://docs.oracle.com/en-us/iaas/Content/Balance/Reference/ui-mapping.htm,200,9545,Balance__Reference__ui-mapping.md
01:40:23,https://docs.oracle.com/en-us/iaas/Content/Balance/Tasks/client-certificate-forwarding.htm,200,9940,Balance__Tasks__client-certificate-forwarding.md
01:40:24,https://docs.oracle.com/en-us/iaas/Content/Balance/Tasks/common_side_effects_health_misconfiguration.htm,200,10645,Balance__Tasks__common_side_effects_health_misconfiguration.md
01:40:25,https://docs.oracle.com/en-us/iaas/Content/Balance/Tasks/create_backend_server.htm,200,12614,Balance__Tasks__create_backend_server.md
01:40:26,https://docs.oracle.com/en-us/iaas/Content/Balance/Tasks/create_certificate.htm,200,10363,Balance__Tasks__create_certificate.md
01:40:27,https://docs.oracle.com/en-us/iaas/Content/Balance/Tasks/create_custom_health_page.htm,200,7458,Balance__Tasks__create_custom_health_page.md
01:40:28,https://docs.oracle.com/en-us/iaas/Content/Balance/Tasks/create_hostname.htm,200,9012,Balance__Tasks__create_hostname.md
01:40:29,https://docs.oracle.com/en-us/iaas/Content/Balance/Tasks/create_log.htm,200,10476,Balance__Tasks__create_log.md
01:40:31,https://docs.oracle.com/en-us/iaas/Content/Balance/Tasks/create_routing-policy.htm,200,13536,Balance__Tasks__create_routing-policy.md
01:40:32,https://docs.oracle.com/en-us/iaas/Content/Balance/Tasks/delete_backend_server.htm,200,8444,Balance__Tasks__delete_backend_server.md
01:40:33,https://docs.oracle.com/en-us/iaas/Content/Balance/Tasks/delete_certificate.htm,200,8418,Balance__Tasks__delete_certificate.md
01:40:34,https://docs.oracle.com/en-us/iaas/Content/Balance/Tasks/delete_hostname.htm,200,7642,Balance__Tasks__delete_hostname.md
01:40:35,https://docs.oracle.com/en-us/iaas/Content/Balance/Tasks/delete_log.htm,200,7688,Balance__Tasks__delete_log.md
01:40:36,https://docs.oracle.com/en-us/iaas/Content/Balance/Tasks/delete_path-route-set.htm,200,7864,Balance__Tasks__delete_path-route-set.md
01:40:38,https://docs.oracle.com/en-us/iaas/Content/Balance/Tasks/delete_routing-policy.htm,200,7818,Balance__Tasks__delete_routing-policy.md
01:40:39,https://docs.oracle.com/en-us/iaas/Content/Balance/Tasks/disable_log.htm,200,8300,Balance__Tasks__disable_log.md
01:40:40,https://docs.oracle.com/en-us/iaas/Content/Balance/Tasks/edit_log.htm,200,7734,Balance__Tasks__edit_log.md
01:40:42,https://docs.oracle.com/en-us/iaas/Content/Balance/Tasks/editinghealthcheck_topic-Editing_Health_Check_Policies.htm,200,10968,Balance__Tasks__editinghealthcheck_topic-Editing_Health_Check_Policies.md
01:40:43,https://docs.oracle.com/en-us/iaas/Content/Balance/Tasks/editinghealthcheck_topic-Health_Status.htm,200,8775,Balance__Tasks__editinghealthcheck_topic-Health_Status.md
01:40:44,https://docs.oracle.com/en-us/iaas/Content/Balance/Tasks/get_backend-server-health.htm,200,10200,Balance__Tasks__get_backend-server-health.md
01:40:45,https://docs.oracle.com/en-us/iaas/Content/Balance/Tasks/get_backend-set-health.htm,200,10429,Balance__Tasks__get_backend-set-health.md
01:40:46,https://docs.oracle.com/en-us/iaas/Content/Balance/Tasks/get_backend_server.htm,200,8021,Balance__Tasks__get_backend_server.md
01:40:47,https://docs.oracle.com/en-us/iaas/Content/Balance/Tasks/get_backend_set.htm,200,8028,Balance__Tasks__get_backend_set.md
01:40:49,https://docs.oracle.com/en-us/iaas/Content/Balance/Tasks/get_certificate.htm,200,7523,Balance__Tasks__get_certificate.md
01:40:50,https://docs.oracle.com/en-us/iaas/Content/Balance/Tasks/get_health-checker.htm,200,8054,Balance__Tasks__get_health-checker.md
01:40:51,https://docs.oracle.com/en-us/iaas/Content/Balance/Tasks/get_hostname.htm,200,7642,Balance__Tasks__get_hostname.md
01:40:52,https://docs.oracle.com/en-us/iaas/Content/Balance/Tasks/get_listener.htm,200,6907,Balance__Tasks__get_listener.md
01:40:53,https://docs.oracle.com/en-us/iaas/Content/Balance/Tasks/get_load_balancer.htm,200,7458,Balance__Tasks__get_load_balancer.md
01:40:55,https://docs.oracle.com/en-us/iaas/Content/Balance/Tasks/get_load_balancer_health.htm,200,12078,Balance__Tasks__get_load_balancer_health.md
01:40:56,https://docs.oracle.com/en-us/iaas/Content/Balance/Tasks/get_log.htm,200,7754,Balance__Tasks__get_log.md
01:40:57,https://docs.oracle.com/en-us/iaas/Content/Balance/Tasks/get_path-route-set.htm,200,8026,Balance__Tasks__get_path-route-set.md
01:40:58,https://docs.oracle.com/en-us/iaas/Content/Balance/Tasks/get_routing-policy.htm,200,7865,Balance__Tasks__get_routing-policy.md
01:40:59,https://docs.oracle.com/en-us/iaas/Content/Balance/Tasks/get_rule_set.htm,200,7906,Balance__Tasks__get_rule_set.md
01:41:01,https://docs.oracle.com/en-us/iaas/Content/Balance/Tasks/get_work_request.htm,200,8610,Balance__Tasks__get_work_request.md
01:41:02,https://docs.oracle.com/en-us/iaas/Content/Balance/Tasks/health_check_best_practices.htm,200,6656,Balance__Tasks__health_check_best_practices.md
01:41:03,https://docs.oracle.com/en-us/iaas/Content/Balance/Tasks/hostname_management.htm,200,10511,Balance__Tasks__hostname_management.md
01:41:04,https://docs.oracle.com/en-us/iaas/Content/Balance/Tasks/ip-version.htm,200,10643,Balance__Tasks__ip-version.md
01:41:05,https://docs.oracle.com/en-us/iaas/Content/Balance/Tasks/list-backend-server.htm,200,11474,Balance__Tasks__list-backend-server.md
01:41:06,https://docs.oracle.com/en-us/iaas/Content/Balance/Tasks/list-backend-set.htm,200,11075,Balance__Tasks__list-backend-set.md
01:41:08,https://docs.oracle.com/en-us/iaas/Content/Balance/Tasks/list-certificate.htm,200,11000,Balance__Tasks__list-certificate.md
01:41:09,https://docs.oracle.com/en-us/iaas/Content/Balance/Tasks/list-hostname.htm,200,10548,Balance__Tasks__list-hostname.md
01:41:10,https://docs.oracle.com/en-us/iaas/Content/Balance/Tasks/list-listener.htm,200,9801,Balance__Tasks__list-listener.md
01:41:11,https://docs.oracle.com/en-us/iaas/Content/Balance/Tasks/list-load-balancer.htm,200,11935,Balance__Tasks__list-load-balancer.md
01:41:12,https://docs.oracle.com/en-us/iaas/Content/Balance/Tasks/list-log.htm,200,10159,Balance__Tasks__list-log.md
01:41:13,https://docs.oracle.com/en-us/iaas/Content/Balance/Tasks/list-path-route-set.htm,200,10720,Balance__Tasks__list-path-route-set.md
01:41:14,https://docs.oracle.com/en-us/iaas/Content/Balance/Tasks/list-routing-policy.htm,200,9991,Balance__Tasks__list-routing-policy.md
01:41:16,https://docs.oracle.com/en-us/iaas/Content/Balance/Tasks/list-rule-set.htm,200,10613,Balance__Tasks__list-rule-set.md
01:41:17,https://docs.oracle.com/en-us/iaas/Content/Balance/Tasks/list-work-request.htm,200,10070,Balance__Tasks__list-work-request.md
01:41:18,https://docs.oracle.com/en-us/iaas/Content/Balance/Tasks/list_load_balancer_health.htm,200,8084,Balance__Tasks__list_load_balancer_health.md
01:41:19,https://docs.oracle.com/en-us/iaas/Content/Balance/Tasks/list_ssl-cipher-suite.htm,200,10802,Balance__Tasks__list_ssl-cipher-suite.md
01:41:20,https://docs.oracle.com/en-us/iaas/Content/Balance/Tasks/load_balancer_health_management.htm,200,9344,Balance__Tasks__load_balancer_health_management.md
01:41:21,https://docs.oracle.com/en-us/iaas/Content/Balance/Tasks/managingbackendservers.htm,200,11766,Balance__Tasks__managingbackendservers.md
01:41:22,https://docs.oracle.com/en-us/iaas/Content/Balance/Tasks/managingbackendsets.htm,200,8376,Balance__Tasks__managingbackendsets.md
01:41:23,https://docs.oracle.com/en-us/iaas/Content/Balance/Tasks/managingbackendsets_topic-Creating_Backend_Sets.htm,200,21611,Balance__Tasks__managingbackendsets_topic-Creating_Backend_Sets.md
01:41:24,https://docs.oracle.com/en-us/iaas/Content/Balance/Tasks/managingbackendsets_topic-Deleting_Backend_Sets.htm,200,8136,Balance__Tasks__managingbackendsets_topic-Deleting_Backend_Sets.md
01:41:25,https://docs.oracle.com/en-us/iaas/Content/Balance/Tasks/managingbackendsets_topic-Editing_Backend_Sets.htm,200,9848,Balance__Tasks__managingbackendsets_topic-Editing_Backend_Sets.md
01:41:27,https://docs.oracle.com/en-us/iaas/Content/Balance/Tasks/managingcertificates.htm,200,30460,Balance__Tasks__managingcertificates.md
01:41:28,https://docs.oracle.com/en-us/iaas/Content/Balance/Tasks/managingciphersuites.htm,200,13438,Balance__Tasks__managingciphersuites.md
01:41:29,https://docs.oracle.com/en-us/iaas/Content/Balance/Tasks/managingciphersuites_topic-Creating_Cipher_Suites.htm,200,9662,Balance__Tasks__managingciphersuites_topic-Creating_Cipher_Suites.md
01:41:30,https://docs.oracle.com/en-us/iaas/Content/Balance/Tasks/managingciphersuites_topic-Deleting_Cipher_Suites.htm,200,8546,Balance__Tasks__managingciphersuites_topic-Deleting_Cipher_Suites.md
01:41:31,https://docs.oracle.com/en-us/iaas/Content/Balance/Tasks/managingciphersuites_topic-Editing_Cipher_Suites.htm,200,8917,Balance__Tasks__managingciphersuites_topic-Editing_Cipher_Suites.md
01:41:33,https://docs.oracle.com/en-us/iaas/Content/Balance/Tasks/managingciphersuites_topic-Predefined_Cipher_Suites.htm,200,23966,Balance__Tasks__managingciphersuites_topic-Predefined_Cipher_Suites.md
01:41:34,https://docs.oracle.com/en-us/iaas/Content/Balance/Tasks/managingciphersuites_topic-Supported_Ciphers.htm,200,57879,Balance__Tasks__managingciphersuites_topic-Supported_Ciphers.md
01:41:35,https://docs.oracle.com/en-us/iaas/Content/Balance/Tasks/managingciphersuites_topic-Viewing_Cipher_Suite_Details.htm,200,7953,Balance__Tasks__managingciphersuites_topic-Viewing_Cipher_Suite_Details.md
01:41:36,https://docs.oracle.com/en-us/iaas/Content/Balance/Tasks/managinglisteners.htm,200,9591,Balance__Tasks__managinglisteners.md
01:41:37,https://docs.oracle.com/en-us/iaas/Content/Balance/Tasks/managinglisteners_topic-Creating_Listeners.htm,200,16689,Balance__Tasks__managinglisteners_topic-Creating_Listeners.md
01:41:38,https://docs.oracle.com/en-us/iaas/Content/Balance/Tasks/managinglisteners_topic-Deleting_Listeners.htm,200,7663,Balance__Tasks__managinglisteners_topic-Deleting_Listeners.md
01:41:39,https://docs.oracle.com/en-us/iaas/Content/Balance/Tasks/managinglisteners_topic-Editing_Listeners.htm,200,8318,Balance__Tasks__managinglisteners_topic-Editing_Listeners.md
01:41:41,https://docs.oracle.com/en-us/iaas/Content/Balance/Tasks/managinglisteners_topic-Enabling_Listeners_to_Accept_Traffic.htm,200,8366,Balance__Tasks__managinglisteners_topic-Enabling_Listeners_to_Accept_Traffic.md
01:41:42,https://docs.oracle.com/en-us/iaas/Content/Balance/Tasks/managingloadbalancer.htm,200,22356,Balance__Tasks__managingloadbalancer.md
01:41:43,https://docs.oracle.com/en-us/iaas/Content/Balance/Tasks/managingloadbalancer_topic-Changing_the_Load_Balancer_Bandwidth.htm,200,9642,Balance__Tasks__managingloadbalancer_topic-Changing_the_Load_Balancer_Bandwidth.md
01:41:44,https://docs.oracle.com/en-us/iaas/Content/Balance/Tasks/managingloadbalancer_topic-Creating_Load_Balancers.htm,200,58812,Balance__Tasks__managingloadbalancer_topic-Creating_Load_Balancers.md
01:41:45,https://docs.oracle.com/en-us/iaas/Content/Balance/Tasks/managingloadbalancer_topic-Editing_Load_Balancers.htm,200,7557,Balance__Tasks__managingloadbalancer_topic-Editing_Load_Balancers.md
01:41:46,https://docs.oracle.com/en-us/iaas/Content/Balance/Tasks/managingloadbalancer_topic-Logging.htm,200,7589,Balance__Tasks__managingloadbalancer_topic-Logging.md
01:41:47,https://docs.oracle.com/en-us/iaas/Content/Balance/Tasks/managingloadbalancer_topic-Moving_a_Load_Balancer_to_a_Different_Compartment.htm,200,8550,Balance__Tasks__managingloadbalancer_topic-Moving_a_Load_Balancer_to_a_Different_Compartment.md
01:41:48,https://docs.oracle.com/en-us/iaas/Content/Balance/Tasks/managingloadbalancer_topic-Terminating_Load_Balancers.htm,200,7560,Balance__Tasks__managingloadbalancer_topic-Terminating_Load_Balancers.md
01:41:50,https://docs.oracle.com/en-us/iaas/Content/Balance/Tasks/managingrequest.htm,200,6914,Balance__Tasks__managingrequest.md
01:41:51,https://docs.oracle.com/en-us/iaas/Content/Balance/Tasks/managingrequest_topic-Creating_Path_Route_Sets.htm,200,10435,Balance__Tasks__managingrequest_topic-Creating_Path_Route_Sets.md
01:41:52,https://docs.oracle.com/en-us/iaas/Content/Balance/Tasks/managingrulesets.htm,200,33772,Balance__Tasks__managingrulesets.md
01:41:53,https://docs.oracle.com/en-us/iaas/Content/Balance/Tasks/managingrulesets_topic-Creating_Rule_Sets.htm,200,18880,Balance__Tasks__managingrulesets_topic-Creating_Rule_Sets.md
01:41:54,https://docs.oracle.com/en-us/iaas/Content/Balance/Tasks/managingrulesets_topic-Deleting_Rule_Sets.htm,200,7727,Balance__Tasks__managingrulesets_topic-Deleting_Rule_Sets.md
01:41:55,https://docs.oracle.com/en-us/iaas/Content/Balance/Tasks/managingrulesets_topic-Editing_Rule_Sets.htm,200,8191,Balance__Tasks__managingrulesets_topic-Editing_Rule_Sets.md
01:41:57,https://docs.oracle.com/en-us/iaas/Content/Balance/Tasks/path-route-set_management.htm,200,13974,Balance__Tasks__path-route-set_management.md
01:41:58,https://docs.oracle.com/en-us/iaas/Content/Balance/Tasks/routing-policy_management.htm,200,10392,Balance__Tasks__routing-policy_management.md
01:41:59,https://docs.oracle.com/en-us/iaas/Content/Balance/Tasks/smart_check.htm,200,11025,Balance__Tasks__smart_check.md
01:42:00,https://docs.oracle.com/en-us/iaas/Content/Balance/Tasks/understanding_health_issues.htm,200,9147,Balance__Tasks__understanding_health_issues.md
01:42:02,https://docs.oracle.com/en-us/iaas/Content/Balance/Tasks/update_backend_server.htm,200,12154,Balance__Tasks__update_backend_server.md
01:42:03,https://docs.oracle.com/en-us/iaas/Content/Balance/Tasks/update_certificate.htm,200,12725,Balance__Tasks__update_certificate.md
01:42:04,https://docs.oracle.com/en-us/iaas/Content/Balance/Tasks/update_hostname.htm,200,8370,Balance__Tasks__update_hostname.md
01:42:05,https://docs.oracle.com/en-us/iaas/Content/Balance/Tasks/update_path-route-set.htm,200,8247,Balance__Tasks__update_path-route-set.md
01:42:06,https://docs.oracle.com/en-us/iaas/Content/Balance/Tasks/update_routing-policy.htm,200,8214,Balance__Tasks__update_routing-policy.md
01:42:07,https://docs.oracle.com/en-us/iaas/Content/Balance/Tasks/viewingworkrequest.htm,200,10953,Balance__Tasks__viewingworkrequest.md
01:42:08,https://docs.oracle.com/en-us/iaas/Content/Balance/Tasks/zpr-security-attributes.htm,200,12118,Balance__Tasks__zpr-security-attributes.md
01:42:10,https://docs.oracle.com/en-us/iaas/Content/Balance/Troubleshooting/common_load_balancer_errors.htm,200,41374,Balance__Troubleshooting__common_load_balancer_errors.md
01:42:11,https://docs.oracle.com/en-us/iaas/Content/Balance/home.htm,200,12298,Balance__home.md
01:42:12,https://docs.oracle.com/en-us/iaas/Content/Balance/known-issues-load-balancer.htm,200,6791,Balance__known-issues-load-balancer.md
01:42:13,https://docs.oracle.com/en-us/iaas/Content/Bastion/Concepts/bastionoverview.htm,200,30456,Bastion__Concepts__bastionoverview.md
01:42:15,https://docs.oracle.com/en-us/iaas/Content/Bastion/Reference/bastionpolicyreference.htm,200,29484,Bastion__Reference__bastionpolicyreference.md
01:42:16,https://docs.oracle.com/en-us/iaas/Content/Bastion/Reference/events.htm,200,12671,Bastion__Reference__events.md
01:42:17,https://docs.oracle.com/en-us/iaas/Content/Bastion/Reference/metrics.htm,200,16193,Bastion__Reference__metrics.md
01:42:18,https://docs.oracle.com/en-us/iaas/Content/Bastion/Tasks/change-compartment-bastion.htm,200,7919,Bastion__Tasks__change-compartment-bastion.md
01:42:19,https://docs.oracle.com/en-us/iaas/Content/Bastion/Tasks/connect-dynamic-port-forwarding.htm,200,11067,Bastion__Tasks__connect-dynamic-port-forwarding.md
01:42:21,https://docs.oracle.com/en-us/iaas/Content/Bastion/Tasks/connect-managed-ssh.htm,200,9093,Bastion__Tasks__connect-managed-ssh.md
01:42:22,https://docs.oracle.com/en-us/iaas/Content/Bastion/Tasks/connect-port-forwarding.htm,200,35151,Bastion__Tasks__connect-port-forwarding.md
01:42:24,https://docs.oracle.com/en-us/iaas/Content/Bastion/Tasks/connectingtosessions.htm,200,14868,Bastion__Tasks__connectingtosessions.md
01:42:25,https://docs.oracle.com/en-us/iaas/Content/Bastion/Tasks/create-bastion.htm,200,14071,Bastion__Tasks__create-bastion.md
01:42:26,https://docs.oracle.com/en-us/iaas/Content/Bastion/Tasks/create-session-dynamic-port-forwarding.htm,200,9508,Bastion__Tasks__create-session-dynamic-port-forwarding.md
01:42:27,https://docs.oracle.com/en-us/iaas/Content/Bastion/Tasks/create-session-managed-ssh.htm,200,13182,Bastion__Tasks__create-session-managed-ssh.md
01:42:28,https://docs.oracle.com/en-us/iaas/Content/Bastion/Tasks/create-session-port-forwarding.htm,200,11187,Bastion__Tasks__create-session-port-forwarding.md
01:42:29,https://docs.oracle.com/en-us/iaas/Content/Bastion/Tasks/create-session.htm,200,6018,Bastion__Tasks__create-session.md
01:42:30,https://docs.oracle.com/en-us/iaas/Content/Bastion/Tasks/delete-bastion.htm,200,7704,Bastion__Tasks__delete-bastion.md
01:42:31,https://docs.oracle.com/en-us/iaas/Content/Bastion/Tasks/delete-session.htm,200,7835,Bastion__Tasks__delete-session.md
01:42:32,https://docs.oracle.com/en-us/iaas/Content/Bastion/Tasks/get-bastion.htm,200,8912,Bastion__Tasks__get-bastion.md
01:42:33,https://docs.oracle.com/en-us/iaas/Content/Bastion/Tasks/get-session.htm,200,7545,Bastion__Tasks__get-session.md
01:42:34,https://docs.oracle.com/en-us/iaas/Content/Bastion/Tasks/get-work-request.htm,200,7097,Bastion__Tasks__get-work-request.md
01:42:36,https://docs.oracle.com/en-us/iaas/Content/Bastion/Tasks/known-issues.htm,200,10592,Bastion__Tasks__known-issues.md
01:42:37,https://docs.oracle.com/en-us/iaas/Content/Bastion/Tasks/list-bastion.htm,200,10747,Bastion__Tasks__list-bastion.md
01:42:37,https://docs.oracle.com/en-us/iaas/Content/Bastion/Tasks/list-session.htm,200,7508,Bastion__Tasks__list-session.md
01:42:39,https://docs.oracle.com/en-us/iaas/Content/Bastion/Tasks/list-work-request-error.htm,200,7106,Bastion__Tasks__list-work-request-error.md
01:42:40,https://docs.oracle.com/en-us/iaas/Content/Bastion/Tasks/list-work-request-log.htm,200,7155,Bastion__Tasks__list-work-request-log.md
01:42:41,https://docs.oracle.com/en-us/iaas/Content/Bastion/Tasks/list-work-request.htm,200,6997,Bastion__Tasks__list-work-request.md
01:42:42,https://docs.oracle.com/en-us/iaas/Content/Bastion/Tasks/manage-security-attributes.htm,200,9235,Bastion__Tasks__manage-security-attributes.md
01:42:43,https://docs.oracle.com/en-us/iaas/Content/Bastion/Tasks/managingbastions.htm,200,12189,Bastion__Tasks__managingbastions.md
01:42:44,https://docs.oracle.com/en-us/iaas/Content/Bastion/Tasks/managingsessions.htm,200,11525,Bastion__Tasks__managingsessions.md
01:42:44,https://docs.oracle.com/en-us/iaas/Content/Bastion/Tasks/managingworkrequests.htm,200,8191,Bastion__Tasks__managingworkrequests.md
01:42:46,https://docs.oracle.com/en-us/iaas/Content/Bastion/Tasks/troubleshooting.htm,200,6692,Bastion__Tasks__troubleshooting.md
01:42:47,https://docs.oracle.com/en-us/iaas/Content/Bastion/Tasks/troubleshooting_bastion_creation_failed.htm,200,8061,Bastion__Tasks__troubleshooting_bastion_creation_failed.md
01:42:48,https://docs.oracle.com/en-us/iaas/Content/Bastion/Tasks/troubleshooting_cannot_delete_vcn.htm,200,6965,Bastion__Tasks__troubleshooting_cannot_delete_vcn.md
01:42:49,https://docs.oracle.com/en-us/iaas/Content/Bastion/Tasks/troubleshooting_connect_session_failed.htm,200,13722,Bastion__Tasks__troubleshooting_connect_session_failed.md
01:42:50,https://docs.oracle.com/en-us/iaas/Content/Bastion/Tasks/troubleshooting_managed_ssh_session_creation_failed.htm,200,12435,Bastion__Tasks__troubleshooting_managed_ssh_session_creation_failed.md
01:42:51,https://docs.oracle.com/en-us/iaas/Content/Bastion/Tasks/troubleshooting_no_bastion.htm,200,9077,Bastion__Tasks__troubleshooting_no_bastion.md
01:42:52,https://docs.oracle.com/en-us/iaas/Content/Bastion/Tasks/update-bastion.htm,200,8767,Bastion__Tasks__update-bastion.md
01:42:53,https://docs.oracle.com/en-us/iaas/Content/Bastion/Tasks/update-session.htm,200,8212,Bastion__Tasks__update-session.md
01:42:54,https://docs.oracle.com/en-us/iaas/Content/Bastion/home.htm,200,10863,Bastion__home.md
01:42:55,https://docs.oracle.com/en-us/iaas/Content/Billing/Concepts/FinOps.htm,200,17925,Billing__Concepts__FinOps.md
01:42:56,https://docs.oracle.com/en-us/iaas/Content/Billing/Concepts/applications_subscriptions.htm,200,18234,Billing__Concepts__applications_subscriptions.md
01:42:58,https://docs.oracle.com/en-us/iaas/Content/Billing/Concepts/billingoverview.htm,200,19109,Billing__Concepts__billingoverview.md
01:42:59,https://docs.oracle.com/en-us/iaas/Content/Billing/Concepts/billingtoolsoverview.htm,200,11330,Billing__Concepts__billingtoolsoverview.md
01:43:00,https://docs.oracle.com/en-us/iaas/Content/Billing/Concepts/budgetsoverview.htm,200,16371,Billing__Concepts__budgetsoverview.md
01:43:01,https://docs.oracle.com/en-us/iaas/Content/Billing/Concepts/cancel-subscription.htm,200,5606,Billing__Concepts__cancel-subscription.md
01:43:03,https://docs.oracle.com/en-us/iaas/Content/Billing/Concepts/costanalysisoverview.htm,200,123271,Billing__Concepts__costanalysisoverview.md
01:43:05,https://docs.oracle.com/en-us/iaas/Content/Billing/Concepts/costanomalydetectionoverview.htm,200,16647,Billing__Concepts__costanomalydetectionoverview.md
01:43:05,https://docs.oracle.com/en-us/iaas/Content/Billing/Concepts/costmanagementoverview.htm,200,6989,Billing__Concepts__costmanagementoverview.md
01:43:06,https://docs.oracle.com/en-us/iaas/Content/Billing/Concepts/costmonitors.htm,200,5929,Billing__Concepts__costmonitors.md
01:43:07,https://docs.oracle.com/en-us/iaas/Content/Billing/Concepts/costusagereportsoverview.htm,200,51487,Billing__Concepts__costusagereportsoverview.md
01:43:09,https://docs.oracle.com/en-us/iaas/Content/Billing/Concepts/dashboards-billing-widgets.htm,200,6919,Billing__Concepts__dashboards-billing-widgets.md
01:43:10,https://docs.oracle.com/en-us/iaas/Content/Billing/Concepts/infrastructure_subscriptions.htm,200,28066,Billing__Concepts__infrastructure_subscriptions.md
01:43:12,https://docs.oracle.com/en-us/iaas/Content/Billing/Concepts/invoices.htm,200,35093,Billing__Concepts__invoices.md
01:43:12,https://docs.oracle.com/en-us/iaas/Content/Billing/Concepts/paymenthistory.htm,200,25249,Billing__Concepts__paymenthistory.md
01:43:14,https://docs.oracle.com/en-us/iaas/Content/Billing/Concepts/scheduledreportoverview.htm,200,13173,Billing__Concepts__scheduledreportoverview.md
01:43:15,https://docs.oracle.com/en-us/iaas/Content/Billing/Concepts/subscriptions-paymentfailure.htm,200,6511,Billing__Concepts__subscriptions-paymentfailure.md
01:43:16,https://docs.oracle.com/en-us/iaas/Content/Billing/Concepts/subscriptions.htm,200,13324,Billing__Concepts__subscriptions.md
01:43:18,https://docs.oracle.com/en-us/iaas/Content/Billing/Concepts/supportrewardsoverview.htm,200,12632,Billing__Concepts__supportrewardsoverview.md
01:43:19,https://docs.oracle.com/en-us/iaas/Content/Billing/Concepts/usagestatements.htm,200,11028,Billing__Concepts__usagestatements.md
01:43:19,https://docs.oracle.com/en-us/iaas/Content/Billing/Tasks/activate-cost-monitor.htm,200,7393,Billing__Tasks__activate-cost-monitor.md
01:43:21,https://docs.oracle.com/en-us/iaas/Content/Billing/Tasks/changingpaymentmethod.htm,200,26324,Billing__Tasks__changingpaymentmethod.md
01:43:22,https://docs.oracle.com/en-us/iaas/Content/Billing/Tasks/create-alert-rule.htm,200,9988,Billing__Tasks__create-alert-rule.md
01:43:23,https://docs.oracle.com/en-us/iaas/Content/Billing/Tasks/create-budget.htm,200,16030,Billing__Tasks__create-budget.md
01:43:24,https://docs.oracle.com/en-us/iaas/Content/Billing/Tasks/create-cost-monitor.htm,200,15363,Billing__Tasks__create-cost-monitor.md
01:43:25,https://docs.oracle.com/en-us/iaas/Content/Billing/Tasks/create-notification-groups.htm,200,7964,Billing__Tasks__create-notification-groups.md
01:43:26,https://docs.oracle.com/en-us/iaas/Content/Billing/Tasks/create-redeemable-user.htm,200,9515,Billing__Tasks__create-redeemable-user.md
01:43:28,https://docs.oracle.com/en-us/iaas/Content/Billing/Tasks/deactivate-cost-monitor.htm,200,7418,Billing__Tasks__deactivate-cost-monitor.md
01:43:29,https://docs.oracle.com/en-us/iaas/Content/Billing/Tasks/delete-alert-rule.htm,200,7705,Billing__Tasks__delete-alert-rule.md
01:43:30,https://docs.oracle.com/en-us/iaas/Content/Billing/Tasks/delete-budget.htm,200,7371,Billing__Tasks__delete-budget.md
01:43:30,https://docs.oracle.com/en-us/iaas/Content/Billing/Tasks/delete-cost-monitor.htm,200,7346,Billing__Tasks__delete-cost-monitor.md
01:43:32,https://docs.oracle.com/en-us/iaas/Content/Billing/Tasks/delete-notification-groups.htm,200,7748,Billing__Tasks__delete-notification-groups.md
01:43:33,https://docs.oracle.com/en-us/iaas/Content/Billing/Tasks/delete-redeemable-user.htm,200,8010,Billing__Tasks__delete-redeemable-user.md
01:43:34,https://docs.oracle.com/en-us/iaas/Content/Billing/Tasks/download-cost-usage-report.htm,200,11927,Billing__Tasks__download-cost-usage-report.md
01:43:36,https://docs.oracle.com/en-us/iaas/Content/Billing/Tasks/edit-notification-groups.htm,200,8017,Billing__Tasks__edit-notification-groups.md
01:43:37,https://docs.oracle.com/en-us/iaas/Content/Billing/Tasks/get-alert-rule.htm,200,8034,Billing__Tasks__get-alert-rule.md
01:43:38,https://docs.oracle.com/en-us/iaas/Content/Billing/Tasks/get-budget.htm,200,7679,Billing__Tasks__get-budget.md
01:43:39,https://docs.oracle.com/en-us/iaas/Content/Billing/Tasks/get-cost-anomaly-details.htm,200,16120,Billing__Tasks__get-cost-anomaly-details.md
01:43:40,https://docs.oracle.com/en-us/iaas/Content/Billing/Tasks/get-cost-monitor-details.htm,200,10971,Billing__Tasks__get-cost-monitor-details.md
01:43:41,https://docs.oracle.com/en-us/iaas/Content/Billing/Tasks/get-notification-groups-details.htm,200,7608,Billing__Tasks__get-notification-groups-details.md
01:43:42,https://docs.oracle.com/en-us/iaas/Content/Billing/Tasks/list-alert-rule.htm,200,10448,Billing__Tasks__list-alert-rule.md
01:43:43,https://docs.oracle.com/en-us/iaas/Content/Billing/Tasks/list-budget.htm,200,11326,Billing__Tasks__list-budget.md
01:43:45,https://docs.oracle.com/en-us/iaas/Content/Billing/Tasks/list-cost-anomaly.htm,200,13982,Billing__Tasks__list-cost-anomaly.md
01:43:46,https://docs.oracle.com/en-us/iaas/Content/Billing/Tasks/list-cost-monitor.htm,200,12971,Billing__Tasks__list-cost-monitor.md
01:43:47,https://docs.oracle.com/en-us/iaas/Content/Billing/Tasks/list-cost-usage-report.htm,200,11730,Billing__Tasks__list-cost-usage-report.md
01:43:48,https://docs.oracle.com/en-us/iaas/Content/Billing/Tasks/list-notification-groups.htm,200,10427,Billing__Tasks__list-notification-groups.md
01:43:49,https://docs.oracle.com/en-us/iaas/Content/Billing/Tasks/list-products-product-summary.htm,200,9431,Billing__Tasks__list-products-product-summary.md
01:43:50,https://docs.oracle.com/en-us/iaas/Content/Billing/Tasks/list-redeemable-users-redeemable-user-summary.htm,200,8087,Billing__Tasks__list-redeemable-users-redeemable-user-summary.md
01:43:51,https://docs.oracle.com/en-us/iaas/Content/Billing/Tasks/list-redemptions-redemption-summary.htm,200,8167,Billing__Tasks__list-redemptions-redemption-summary.md
01:43:52,https://docs.oracle.com/en-us/iaas/Content/Billing/Tasks/list-rewards-monthly-reward-summary.htm,200,10825,Billing__Tasks__list-rewards-monthly-reward-summary.md
01:43:53,https://docs.oracle.com/en-us/iaas/Content/Billing/Tasks/manage-cost-anomaly.htm,200,5395,Billing__Tasks__manage-cost-anomaly.md
01:43:54,https://docs.oracle.com/en-us/iaas/Content/Billing/Tasks/managingalertrules.htm,200,10009,Billing__Tasks__managingalertrules.md
01:43:55,https://docs.oracle.com/en-us/iaas/Content/Billing/Tasks/managingbudgets.htm,200,6303,Billing__Tasks__managingbudgets.md
01:43:56,https://docs.oracle.com/en-us/iaas/Content/Billing/Tasks/notification-groups.htm,200,5544,Billing__Tasks__notification-groups.md
01:43:58,https://docs.oracle.com/en-us/iaas/Content/Billing/Tasks/redeem_rewards.htm,200,10285,Billing__Tasks__redeem_rewards.md
01:43:59,https://docs.oracle.com/en-us/iaas/Content/Billing/Tasks/schedule-create.htm,200,10478,Billing__Tasks__schedule-create.md
01:44:00,https://docs.oracle.com/en-us/iaas/Content/Billing/Tasks/schedule-delete.htm,200,7649,Billing__Tasks__schedule-delete.md
01:44:01,https://docs.oracle.com/en-us/iaas/Content/Billing/Tasks/schedule-get.htm,200,8246,Billing__Tasks__schedule-get.md
01:44:02,https://docs.oracle.com/en-us/iaas/Content/Billing/Tasks/schedule-list.htm,200,11104,Billing__Tasks__schedule-list.md
01:44:03,https://docs.oracle.com/en-us/iaas/Content/Billing/Tasks/schedule-update.htm,200,8407,Billing__Tasks__schedule-update.md
01:44:04,https://docs.oracle.com/en-us/iaas/Content/Billing/Tasks/scheduled-run-get.htm,200,7063,Billing__Tasks__scheduled-run-get.md
01:44:05,https://docs.oracle.com/en-us/iaas/Content/Billing/Tasks/scheduled-run-list.htm,200,7045,Billing__Tasks__scheduled-run-list.md
01:44:06,https://docs.oracle.com/en-us/iaas/Content/Billing/Tasks/signingup_topic-Estimating_Costs.htm,200,41551,Billing__Tasks__signingup_topic-Estimating_Costs.md
01:44:07,https://docs.oracle.com/en-us/iaas/Content/Billing/Tasks/update-alert-rule.htm,200,8092,Billing__Tasks__update-alert-rule.md
01:44:09,https://docs.oracle.com/en-us/iaas/Content/Billing/Tasks/update-budget.htm,200,8643,Billing__Tasks__update-budget.md
01:44:10,https://docs.oracle.com/en-us/iaas/Content/Billing/Tasks/update-cost-monitor.htm,200,8193,Billing__Tasks__update-cost-monitor.md
01:44:11,https://docs.oracle.com/en-us/iaas/Content/Billing/Tasks/viewing-redemption-code.htm,200,8338,Billing__Tasks__viewing-redemption-code.md
01:44:12,https://docs.oracle.com/en-us/iaas/Content/Billing/home.htm,200,18781,Billing__home.md
01:44:13,https://docs.oracle.com/en-us/iaas/Content/Billing/known-issues.htm,200,5485,Billing__known-issues.md
01:44:15,https://docs.oracle.com/en-us/iaas/Content/Block/Concepts/blockvolumebackups.htm,200,43388,Block__Concepts__blockvolumebackups.md
01:44:16,https://docs.oracle.com/en-us/iaas/Content/Block/Concepts/blockvolumebalancedperformance.htm,200,11104,Block__Concepts__blockvolumebalancedperformance.md
01:44:17,https://docs.oracle.com/en-us/iaas/Content/Block/Concepts/blockvolumeencryption.htm,200,15575,Block__Concepts__blockvolumeencryption.md
01:44:19,https://docs.oracle.com/en-us/iaas/Content/Block/Concepts/blockvolumehigherperformance.htm,200,16125,Block__Concepts__blockvolumehigherperformance.md
01:44:20,https://docs.oracle.com/en-us/iaas/Content/Block/Concepts/blockvolumelowercost.htm,200,10119,Block__Concepts__blockvolumelowercost.md
01:44:22,https://docs.oracle.com/en-us/iaas/Content/Block/Concepts/blockvolumeperformance.htm,200,110065,Block__Concepts__blockvolumeperformance.md
01:44:23,https://docs.oracle.com/en-us/iaas/Content/Block/Concepts/blockvolumeperformance_topic-Metrics_and_Performance_Testing.htm,200,13085,Block__Concepts__blockvolumeperformance_topic-Metrics_and_Performance_Testing.md
01:44:24,https://docs.oracle.com/en-us/iaas/Content/Block/Concepts/blockvolumeultrahighperformance.htm,200,26107,Block__Concepts__blockvolumeultrahighperformance.md
01:44:26,https://docs.oracle.com/en-us/iaas/Content/Block/Concepts/boot_volume_replicas.htm,200,9114,Block__Concepts__boot_volume_replicas.md
01:44:27,https://docs.oracle.com/en-us/iaas/Content/Block/Concepts/bootvolumebackups.htm,200,18991,Block__Concepts__bootvolumebackups.md
01:44:28,https://docs.oracle.com/en-us/iaas/Content/Block/Concepts/bootvolumes.htm,200,21627,Block__Concepts__bootvolumes.md
01:44:30,https://docs.oracle.com/en-us/iaas/Content/Block/Concepts/bv-perf-win-tests.htm,200,55745,Block__Concepts__bv-perf-win-tests.md
01:44:31,https://docs.oracle.com/en-us/iaas/Content/Block/Concepts/change-compartment-volume-group.htm,200,8485,Block__Concepts__change-compartment-volume-group.md
01:44:33,https://docs.oracle.com/en-us/iaas/Content/Block/Concepts/clone-volume-group.htm,200,9136,Block__Concepts__clone-volume-group.md
01:44:34,https://docs.oracle.com/en-us/iaas/Content/Block/Concepts/create-assign-to-group-bv-volume-backup-policy-assignment.htm,200,9871,Block__Concepts__create-assign-to-group-bv-volume-backup-policy-assignment.md
01:44:35,https://docs.oracle.com/en-us/iaas/Content/Block/Concepts/create-change-assignment-to-group-bv-volume-backup-policy-assignment.htm,200,9958,Block__Concepts__create-change-assignment-to-group-bv-volume-backup-policy-assignment.md
01:44:36,https://docs.oracle.com/en-us/iaas/Content/Block/Concepts/create-volume-group.htm,200,14913,Block__Concepts__create-volume-group.md
01:44:37,https://docs.oracle.com/en-us/iaas/Content/Block/Concepts/delete-for-volume-group-bv-volume-backup-policy-assignment.htm,200,8095,Block__Concepts__delete-for-volume-group-bv-volume-backup-policy-assignment.md
01:44:38,https://docs.oracle.com/en-us/iaas/Content/Block/Concepts/delete-volume-group.htm,200,8414,Block__Concepts__delete-volume-group.md
01:44:39,https://docs.oracle.com/en-us/iaas/Content/Block/Concepts/get-bv-volume-backup-policy-assignment.htm,200,7276,Block__Concepts__get-bv-volume-backup-policy-assignment.md
01:44:40,https://docs.oracle.com/en-us/iaas/Content/Block/Concepts/get-volume-backup-policy-asset-assignment-bv-volume-backup-policy-assignment.htm,200,8177,Block__Concepts__get-volume-backup-policy-asset-assignment-bv-volume-backup-policy-assignment.md
01:44:41,https://docs.oracle.com/en-us/iaas/Content/Block/Concepts/get-volume-group.htm,200,8043,Block__Concepts__get-volume-group.md
01:44:43,https://docs.oracle.com/en-us/iaas/Content/Block/Concepts/iscsiinformation.htm,200,14266,Block__Concepts__iscsiinformation.md
01:44:44,https://docs.oracle.com/en-us/iaas/Content/Block/Concepts/list-volume-group.htm,200,11854,Block__Concepts__list-volume-group.md
01:44:45,https://docs.oracle.com/en-us/iaas/Content/Block/Concepts/managingblockencryptionkeys.htm,200,10369,Block__Concepts__managingblockencryptionkeys.md
01:44:46,https://docs.oracle.com/en-us/iaas/Content/Block/Concepts/overview.htm,200,39507,Block__Concepts__overview.md
01:44:47,https://docs.oracle.com/en-us/iaas/Content/Block/Concepts/persistent-reservations.htm,200,11035,Block__Concepts__persistent-reservations.md
01:44:48,https://docs.oracle.com/en-us/iaas/Content/Block/Concepts/reducingbackupsizewithtrim.htm,200,15116,Block__Concepts__reducingbackupsizewithtrim.md
01:44:49,https://docs.oracle.com/en-us/iaas/Content/Block/Concepts/update-performance-block-bv-volume.htm,200,11118,Block__Concepts__update-performance-block-bv-volume.md
01:44:50,https://docs.oracle.com/en-us/iaas/Content/Block/Concepts/update-performance-boot-bv-volume.htm,200,10613,Block__Concepts__update-performance-boot-bv-volume.md
01:44:51,https://docs.oracle.com/en-us/iaas/Content/Block/Concepts/update-volume-group.htm,200,12461,Block__Concepts__update-volume-group.md
01:44:52,https://docs.oracle.com/en-us/iaas/Content/Block/Concepts/volumegroupreplication.htm,200,14759,Block__Concepts__volumegroupreplication.md
01:44:53,https://docs.oracle.com/en-us/iaas/Content/Block/Concepts/volumegroups.htm,200,18858,Block__Concepts__volumegroups.md
01:44:55,https://docs.oracle.com/en-us/iaas/Content/Block/Concepts/volumegroups_topic-Scheduled_Backups.htm,200,10127,Block__Concepts__volumegroups_topic-Scheduled_Backups.md
01:44:56,https://docs.oracle.com/en-us/iaas/Content/Block/Concepts/volumegroups_topic-Volume_Group_Backups.htm,200,11280,Block__Concepts__volumegroups_topic-Volume_Group_Backups.md
01:44:57,https://docs.oracle.com/en-us/iaas/Content/Block/Concepts/volumereplication.htm,200,20995,Block__Concepts__volumereplication.md
01:44:58,https://docs.oracle.com/en-us/iaas/Content/Block/References/bootvolumemetrics.htm,200,6252,Block__References__bootvolumemetrics.md
01:44:59,https://docs.oracle.com/en-us/iaas/Content/Block/References/consistentdevicepaths.htm,200,14905,Block__References__consistentdevicepaths.md
01:45:01,https://docs.oracle.com/en-us/iaas/Content/Block/References/fstaboptions.htm,200,13769,Block__References__fstaboptions.md
01:45:02,https://docs.oracle.com/en-us/iaas/Content/Block/References/fstaboptionsconsistentdevicepaths.htm,200,12765,Block__References__fstaboptionsconsistentdevicepaths.md
01:45:04,https://docs.oracle.com/en-us/iaas/Content/Block/References/samplefiocommandslinux.htm,200,24557,Block__References__samplefiocommandslinux.md
01:45:05,https://docs.oracle.com/en-us/iaas/Content/Block/References/volumemetrics-charts-namespace.htm,200,9350,Block__References__volumemetrics-charts-namespace.md
01:45:06,https://docs.oracle.com/en-us/iaas/Content/Block/References/volumemetrics-charts-replica.htm,200,7752,Block__References__volumemetrics-charts-replica.md
01:45:07,https://docs.oracle.com/en-us/iaas/Content/Block/References/volumemetrics-charts-volume.htm,200,7725,Block__References__volumemetrics-charts-volume.md
01:45:08,https://docs.oracle.com/en-us/iaas/Content/Block/References/volumemetrics-charts.htm,200,7049,Block__References__volumemetrics-charts.md
01:45:10,https://docs.oracle.com/en-us/iaas/Content/Block/References/volumemetrics-query.htm,200,12597,Block__References__volumemetrics-query.md
01:45:11,https://docs.oracle.com/en-us/iaas/Content/Block/References/volumemetrics-reference.htm,200,23733,Block__References__volumemetrics-reference.md
01:45:12,https://docs.oracle.com/en-us/iaas/Content/Block/References/volumemetrics.htm,200,8364,Block__References__volumemetrics.md
01:45:13,https://docs.oracle.com/en-us/iaas/Content/Block/Tasks/assign-encryption-key-new.htm,200,14912,Block__Tasks__assign-encryption-key-new.md
01:45:15,https://docs.oracle.com/en-us/iaas/Content/Block/Tasks/assign-encryption-key.htm,200,14292,Block__Tasks__assign-encryption-key.md
01:45:16,https://docs.oracle.com/en-us/iaas/Content/Block/Tasks/attach-compute-boot-volume-attachment.htm,200,14140,Block__Tasks__attach-compute-boot-volume-attachment.md
01:45:17,https://docs.oracle.com/en-us/iaas/Content/Block/Tasks/attach-compute-volume-attachment.htm,200,18479,Block__Tasks__attach-compute-volume-attachment.md
01:45:19,https://docs.oracle.com/en-us/iaas/Content/Block/Tasks/attach-to-multiple-instances-compute-volume-attachment.htm,200,29101,Block__Tasks__attach-to-multiple-instances-compute-volume-attachment.md
01:45:20,https://docs.oracle.com/en-us/iaas/Content/Block/Tasks/backupstatusevents.htm,200,15575,Block__Tasks__backupstatusevents.md
01:45:21,https://docs.oracle.com/en-us/iaas/Content/Block/Tasks/block-volume-policy-assignments.htm,200,7355,Block__Tasks__block-volume-policy-assignments.md
01:45:22,https://docs.oracle.com/en-us/iaas/Content/Block/Tasks/boot-volume-policy-assignments.htm,200,5769,Block__Tasks__boot-volume-policy-assignments.md
01:45:23,https://docs.oracle.com/en-us/iaas/Content/Block/Tasks/bootv-backup-edit.htm,200,13642,Block__Tasks__bootv-backup-edit.md
01:45:24,https://docs.oracle.com/en-us/iaas/Content/Block/Tasks/bv-backup-edit.htm,200,13581,Block__Tasks__bv-backup-edit.md
01:45:25,https://docs.oracle.com/en-us/iaas/Content/Block/Tasks/change-boot-volume-backup-compartment-bv-boot-volume-backup.htm,200,8722,Block__Tasks__change-boot-volume-backup-compartment-bv-boot-volume-backup.md
01:45:26,https://docs.oracle.com/en-us/iaas/Content/Block/Tasks/change-boot-volume-compartment-bv-boot-volume.htm,200,8597,Block__Tasks__change-boot-volume-compartment-bv-boot-volume.md
01:45:27,https://docs.oracle.com/en-us/iaas/Content/Block/Tasks/change-volume-backup-compartment-bv-volume-backup.htm,200,9195,Block__Tasks__change-volume-backup-compartment-bv-volume-backup.md
01:45:28,https://docs.oracle.com/en-us/iaas/Content/Block/Tasks/change-volume-group-backup-compartment-bv-volume-group-backup.htm,200,8617,Block__Tasks__change-volume-group-backup-compartment-bv-volume-group-backup.md
01:45:29,https://docs.oracle.com/en-us/iaas/Content/Block/Tasks/changecompartmentblockvolume.htm,200,9096,Block__Tasks__changecompartmentblockvolume.md
01:45:30,https://docs.oracle.com/en-us/iaas/Content/Block/Tasks/changingvolumeperformance.htm,200,11553,Block__Tasks__changingvolumeperformance.md
01:45:31,https://docs.oracle.com/en-us/iaas/Content/Block/Tasks/check-policy-mgmt.htm,200,6381,Block__Tasks__check-policy-mgmt.md
01:45:33,https://docs.oracle.com/en-us/iaas/Content/Block/Tasks/cloningavolume.htm,200,15426,Block__Tasks__cloningavolume.md
01:45:34,https://docs.oracle.com/en-us/iaas/Content/Block/Tasks/clusterplacementgroups.htm,200,15845,Block__Tasks__clusterplacementgroups.md
01:45:36,https://docs.oracle.com/en-us/iaas/Content/Block/Tasks/configuringmultipathattachments.htm,200,19810,Block__Tasks__configuringmultipathattachments.md
01:45:37,https://docs.oracle.com/en-us/iaas/Content/Block/Tasks/connectingtoavolume.htm,200,8770,Block__Tasks__connectingtoavolume.md
01:45:38,https://docs.oracle.com/en-us/iaas/Content/Block/Tasks/connectingtoavolume_topic-Connecting_to_iSCSIAttached_Volumes.htm,200,17230,Block__Tasks__connectingtoavolume_topic-Connecting_to_iSCSIAttached_Volumes.md
01:45:39,https://docs.oracle.com/en-us/iaas/Content/Block/Tasks/connectingtouhpvolumes.htm,200,12796,Block__Tasks__connectingtouhpvolumes.md
01:45:40,https://docs.oracle.com/en-us/iaas/Content/Block/Tasks/copy-bv-backup.htm,200,17767,Block__Tasks__copy-bv-backup.md
01:45:41,https://docs.oracle.com/en-us/iaas/Content/Block/Tasks/copy-bv-volume-backup-policy.htm,200,8635,Block__Tasks__copy-bv-volume-backup-policy.md
01:45:42,https://docs.oracle.com/en-us/iaas/Content/Block/Tasks/copy-bv-volume-group-backup.htm,200,9371,Block__Tasks__copy-bv-volume-group-backup.md
01:45:43,https://docs.oracle.com/en-us/iaas/Content/Block/Tasks/copyingbootvolumebackupcrossregion.htm,200,19355,Block__Tasks__copyingbootvolumebackupcrossregion.md
01:45:44,https://docs.oracle.com/en-us/iaas/Content/Block/Tasks/create-activate-replica-bv-boot-volume.htm,200,13283,Block__Tasks__create-activate-replica-bv-boot-volume.md
01:45:45,https://docs.oracle.com/en-us/iaas/Content/Block/Tasks/create-activate-replica-bv-volume-group.htm,200,9974,Block__Tasks__create-activate-replica-bv-volume-group.md
01:45:46,https://docs.oracle.com/en-us/iaas/Content/Block/Tasks/create-activate-replica-bv-volume.htm,200,13148,Block__Tasks__create-activate-replica-bv-volume.md
01:45:48,https://docs.oracle.com/en-us/iaas/Content/Block/Tasks/create-autotunepolicies-bv-volume.htm,200,9930,Block__Tasks__create-autotunepolicies-bv-volume.md
01:45:49,https://docs.oracle.com/en-us/iaas/Content/Block/Tasks/create-bv-backup.htm,200,17545,Block__Tasks__create-bv-backup.md
01:45:50,https://docs.oracle.com/en-us/iaas/Content/Block/Tasks/create-bv-boot-volume-backup.htm,200,17605,Block__Tasks__create-bv-boot-volume-backup.md
01:45:52,https://docs.oracle.com/en-us/iaas/Content/Block/Tasks/create-bv-volume-backup-policy-assignment.htm,200,9450,Block__Tasks__create-bv-volume-backup-policy-assignment.md
01:45:53,https://docs.oracle.com/en-us/iaas/Content/Block/Tasks/create-bv-volume-backup-policy.htm,200,10616,Block__Tasks__create-bv-volume-backup-policy.md
01:45:54,https://docs.oracle.com/en-us/iaas/Content/Block/Tasks/create-bv-volume-group-backup.htm,200,13198,Block__Tasks__create-bv-volume-group-backup.md
01:45:55,https://docs.oracle.com/en-us/iaas/Content/Block/Tasks/create-clone-bv-boot-volume.htm,200,23437,Block__Tasks__create-clone-bv-boot-volume.md
01:45:57,https://docs.oracle.com/en-us/iaas/Content/Block/Tasks/create-cross-region-replication-bv-boot-volume.htm,200,8547,Block__Tasks__create-cross-region-replication-bv-boot-volume.md
01:45:58,https://docs.oracle.com/en-us/iaas/Content/Block/Tasks/create-cross-region-replication-bv-volume-group.htm,200,8518,Block__Tasks__create-cross-region-replication-bv-volume-group.md
01:45:59,https://docs.oracle.com/en-us/iaas/Content/Block/Tasks/create-cross-region-replication-bv-volume.htm,200,8393,Block__Tasks__create-cross-region-replication-bv-volume.md
01:46:01,https://docs.oracle.com/en-us/iaas/Content/Block/Tasks/create-destinationregion-bv-volume-backup-policy.htm,200,8997,Block__Tasks__create-destinationregion-bv-volume-backup-policy.md
01:46:02,https://docs.oracle.com/en-us/iaas/Content/Block/Tasks/create-restore-bv-boot-volume-backup.htm,200,19822,Block__Tasks__create-restore-bv-boot-volume-backup.md
01:46:03,https://docs.oracle.com/en-us/iaas/Content/Block/Tasks/create-restore-bv-volume-group.htm,200,10254,Block__Tasks__create-restore-bv-volume-group.md
01:46:04,https://docs.oracle.com/en-us/iaas/Content/Block/Tasks/create-restore-replica-boot-volume.htm,200,12657,Block__Tasks__create-restore-replica-boot-volume.md
01:46:05,https://docs.oracle.com/en-us/iaas/Content/Block/Tasks/create-restore-replica-bv-block-volume.htm,200,12709,Block__Tasks__create-restore-replica-bv-block-volume.md
01:46:06,https://docs.oracle.com/en-us/iaas/Content/Block/Tasks/create-restore-replica-bv-volume-group.htm,200,10405,Block__Tasks__create-restore-replica-bv-volume-group.md
01:46:07,https://docs.oracle.com/en-us/iaas/Content/Block/Tasks/create-restore-to-new-volume-bv-volume-backup.htm,200,12684,Block__Tasks__create-restore-to-new-volume-bv-volume-backup.md
01:46:08,https://docs.oracle.com/en-us/iaas/Content/Block/Tasks/create-schedule-bv-volume-backup-policy.htm,200,12337,Block__Tasks__create-schedule-bv-volume-backup-policy.md
01:46:09,https://docs.oracle.com/en-us/iaas/Content/Block/Tasks/creatingavolume.htm,200,17167,Block__Tasks__creatingavolume.md
01:46:11,https://docs.oracle.com/en-us/iaas/Content/Block/Tasks/delete-boot-volume-backup.htm,200,7638,Block__Tasks__delete-boot-volume-backup.md
01:46:11,https://docs.oracle.com/en-us/iaas/Content/Block/Tasks/delete-bv-backup-volume.htm,200,7930,Block__Tasks__delete-bv-backup-volume.md
01:46:13,https://docs.oracle.com/en-us/iaas/Content/Block/Tasks/delete-bv-boot-volume.htm,200,11353,Block__Tasks__delete-bv-boot-volume.md
01:46:14,https://docs.oracle.com/en-us/iaas/Content/Block/Tasks/delete-bv-volume-backup-policy.htm,200,8234,Block__Tasks__delete-bv-volume-backup-policy.md
01:46:14,https://docs.oracle.com/en-us/iaas/Content/Block/Tasks/delete-bv-volume-group-backup.htm,200,8296,Block__Tasks__delete-bv-volume-group-backup.md
01:46:16,https://docs.oracle.com/en-us/iaas/Content/Block/Tasks/delete-destinationregion-bv-volume-backup-policy.htm,200,8840,Block__Tasks__delete-destinationregion-bv-volume-backup-policy.md
01:46:17,https://docs.oracle.com/en-us/iaas/Content/Block/Tasks/delete-schedule-bv-volume-backup-policy.htm,200,6789,Block__Tasks__delete-schedule-bv-volume-backup-policy.md
01:46:18,https://docs.oracle.com/en-us/iaas/Content/Block/Tasks/deletingavolume.htm,200,8865,Block__Tasks__deletingavolume.md
01:46:20,https://docs.oracle.com/en-us/iaas/Content/Block/Tasks/detach-compute-boot-volume-attachment.htm,200,11737,Block__Tasks__detach-compute-boot-volume-attachment.md
01:46:21,https://docs.oracle.com/en-us/iaas/Content/Block/Tasks/detached-perf-existing.htm,200,9099,Block__Tasks__detached-perf-existing.md
01:46:22,https://docs.oracle.com/en-us/iaas/Content/Block/Tasks/detached-perf-new.htm,200,7899,Block__Tasks__detached-perf-new.md
01:46:23,https://docs.oracle.com/en-us/iaas/Content/Block/Tasks/detached-perf.htm,200,11635,Block__Tasks__detached-perf.md
01:46:24,https://docs.oracle.com/en-us/iaas/Content/Block/Tasks/detachingavolume.htm,200,9396,Block__Tasks__detachingavolume.md
01:46:25,https://docs.oracle.com/en-us/iaas/Content/Block/Tasks/disconnectingfromavolume.htm,200,9851,Block__Tasks__disconnectingfromavolume.md
01:46:26,https://docs.oracle.com/en-us/iaas/Content/Block/Tasks/editvolume.htm,200,14010,Block__Tasks__editvolume.md
01:46:27,https://docs.oracle.com/en-us/iaas/Content/Block/Tasks/enable-persistent-reservations-existing.htm,200,9138,Block__Tasks__enable-persistent-reservations-existing.md
01:46:28,https://docs.oracle.com/en-us/iaas/Content/Block/Tasks/enable-persistent-reservations-new.htm,200,8308,Block__Tasks__enable-persistent-reservations-new.md
01:46:30,https://docs.oracle.com/en-us/iaas/Content/Block/Tasks/enablingblockvolumemanagementplugin.htm,200,29138,Block__Tasks__enablingblockvolumemanagementplugin.md
01:46:31,https://docs.oracle.com/en-us/iaas/Content/Block/Tasks/export.htm,200,18226,Block__Tasks__export.md
01:46:32,https://docs.oracle.com/en-us/iaas/Content/Block/Tasks/extendingblockpartition.htm,200,20841,Block__Tasks__extendingblockpartition.md
01:46:34,https://docs.oracle.com/en-us/iaas/Content/Block/Tasks/extendingbootpartition.htm,200,12578,Block__Tasks__extendingbootpartition.md
01:46:35,https://docs.oracle.com/en-us/iaas/Content/Block/Tasks/get-bv-block-volume-replica.htm,200,7875,Block__Tasks__get-bv-block-volume-replica.md
01:46:36,https://docs.oracle.com/en-us/iaas/Content/Block/Tasks/get-bv-boot-volume-backup.htm,200,7238,Block__Tasks__get-bv-boot-volume-backup.md
01:46:37,https://docs.oracle.com/en-us/iaas/Content/Block/Tasks/get-bv-boot-volume.htm,200,7898,Block__Tasks__get-bv-boot-volume.md
01:46:38,https://docs.oracle.com/en-us/iaas/Content/Block/Tasks/get-bv-volume-backup-policy-assignment-specific.htm,200,7462,Block__Tasks__get-bv-volume-backup-policy-assignment-specific.md
01:46:39,https://docs.oracle.com/en-us/iaas/Content/Block/Tasks/get-bv-volume-backup-policy-assignment.htm,200,7554,Block__Tasks__get-bv-volume-backup-policy-assignment.md
01:46:40,https://docs.oracle.com/en-us/iaas/Content/Block/Tasks/get-bv-volume-backup-policy.htm,200,7925,Block__Tasks__get-bv-volume-backup-policy.md
01:46:41,https://docs.oracle.com/en-us/iaas/Content/Block/Tasks/get-bv-volume-group-backup.htm,200,7777,Block__Tasks__get-bv-volume-group-backup.md
01:46:42,https://docs.oracle.com/en-us/iaas/Content/Block/Tasks/get-bv-volume.htm,200,7763,Block__Tasks__get-bv-volume.md
01:46:43,https://docs.oracle.com/en-us/iaas/Content/Block/Tasks/get-multipath-enable-check-compute-volume-attachment.htm,200,10721,Block__Tasks__get-multipath-enable-check-compute-volume-attachment.md
01:46:44,https://docs.oracle.com/en-us/iaas/Content/Block/Tasks/get-replica-bv-boot-volume.htm,200,7865,Block__Tasks__get-replica-bv-boot-volume.md
01:46:46,https://docs.oracle.com/en-us/iaas/Content/Block/Tasks/get-replica-bv-volume-group.htm,200,7828,Block__Tasks__get-replica-bv-volume-group.md
01:46:47,https://docs.oracle.com/en-us/iaas/Content/Block/Tasks/iscsi-windows-settings.htm,200,11374,Block__Tasks__iscsi-windows-settings.md
01:46:48,https://docs.oracle.com/en-us/iaas/Content/Block/Tasks/list-backup-policies.htm,200,12118,Block__Tasks__list-backup-policies.md
01:46:49,https://docs.oracle.com/en-us/iaas/Content/Block/Tasks/list-bv-backup.htm,200,10066,Block__Tasks__list-bv-backup.md
01:46:50,https://docs.oracle.com/en-us/iaas/Content/Block/Tasks/list-bv-block-volume-replica.htm,200,11442,Block__Tasks__list-bv-block-volume-replica.md
01:46:51,https://docs.oracle.com/en-us/iaas/Content/Block/Tasks/list-bv-boot-volume-backup.htm,200,12765,Block__Tasks__list-bv-boot-volume-backup.md
01:46:53,https://docs.oracle.com/en-us/iaas/Content/Block/Tasks/list-bv-boot-volume-replica.htm,200,11593,Block__Tasks__list-bv-boot-volume-replica.md
01:46:54,https://docs.oracle.com/en-us/iaas/Content/Block/Tasks/list-bv-boot-volume.htm,200,12894,Block__Tasks__list-bv-boot-volume.md
01:46:55,https://docs.oracle.com/en-us/iaas/Content/Block/Tasks/list-bv-volume-group-backup.htm,200,12283,Block__Tasks__list-bv-volume-group-backup.md
01:46:56,https://docs.oracle.com/en-us/iaas/Content/Block/Tasks/list-bv-volume-group-replica.htm,200,11372,Block__Tasks__list-bv-volume-group-replica.md
01:46:57,https://docs.oracle.com/en-us/iaas/Content/Block/Tasks/list-compute-boot-volume-attachment.htm,200,10938,Block__Tasks__list-compute-boot-volume-attachment.md
01:46:58,https://docs.oracle.com/en-us/iaas/Content/Block/Tasks/list-compute-volume-attachment.htm,200,13194,Block__Tasks__list-compute-volume-attachment.md
01:46:59,https://docs.oracle.com/en-us/iaas/Content/Block/Tasks/listingvolumes.htm,200,12531,Block__Tasks__listingvolumes.md
01:47:00,https://docs.oracle.com/en-us/iaas/Content/Block/Tasks/moveblockresourcecompartments.htm,200,11918,Block__Tasks__moveblockresourcecompartments.md
01:47:02,https://docs.oracle.com/en-us/iaas/Content/Block/Tasks/perf-based-existing.htm,200,9052,Block__Tasks__perf-based-existing.md
01:47:03,https://docs.oracle.com/en-us/iaas/Content/Block/Tasks/perf-based-new.htm,200,7902,Block__Tasks__perf-based-new.md
01:47:04,https://docs.oracle.com/en-us/iaas/Content/Block/Tasks/perf-based.htm,200,9435,Block__Tasks__perf-based.md
01:47:05,https://docs.oracle.com/en-us/iaas/Content/Block/Tasks/recoveringlinuxbootvolume.htm,200,19858,Block__Tasks__recoveringlinuxbootvolume.md
01:47:06,https://docs.oracle.com/en-us/iaas/Content/Block/Tasks/recoveringwindowsbootvolume.htm,200,16146,Block__Tasks__recoveringwindowsbootvolume.md
01:47:07,https://docs.oracle.com/en-us/iaas/Content/Block/Tasks/replicating-block-volumes.htm,200,8842,Block__Tasks__replicating-block-volumes.md
01:47:08,https://docs.oracle.com/en-us/iaas/Content/Block/Tasks/rescanningdisk.htm,200,13518,Block__Tasks__rescanningdisk.md
01:47:09,https://docs.oracle.com/en-us/iaas/Content/Block/Tasks/resizingavolume.htm,200,12821,Block__Tasks__resizingavolume.md
01:47:10,https://docs.oracle.com/en-us/iaas/Content/Block/Tasks/restoringdeltabetweenbackups.htm,200,31082,Block__Tasks__restoringdeltabetweenbackups.md
01:47:11,https://docs.oracle.com/en-us/iaas/Content/Block/Tasks/schedulingvolumebackups.htm,200,27583,Block__Tasks__schedulingvolumebackups.md
01:47:13,https://docs.oracle.com/en-us/iaas/Content/Block/Tasks/troubleshootingmultipathattachments.htm,200,31132,Block__Tasks__troubleshootingmultipathattachments.md
01:47:14,https://docs.oracle.com/en-us/iaas/Content/Block/Tasks/update-autotunepolicies-bv-boot-volume.htm,200,9672,Block__Tasks__update-autotunepolicies-bv-boot-volume.md
01:47:15,https://docs.oracle.com/en-us/iaas/Content/Block/Tasks/update-autotunepolicies-detached-bv-boot-volume.htm,200,9235,Block__Tasks__update-autotunepolicies-detached-bv-boot-volume.md
01:47:16,https://docs.oracle.com/en-us/iaas/Content/Block/Tasks/update-backup-policy.htm,200,7072,Block__Tasks__update-backup-policy.md
01:47:17,https://docs.oracle.com/en-us/iaas/Content/Block/Tasks/update-block-volume.htm,200,6352,Block__Tasks__update-block-volume.md
01:47:18,https://docs.oracle.com/en-us/iaas/Content/Block/Tasks/update-boot-volume.htm,200,6629,Block__Tasks__update-boot-volume.md
01:47:18,https://docs.oracle.com/en-us/iaas/Content/Block/Tasks/update-bv-volume-backup-policy.htm,200,13077,Block__Tasks__update-bv-volume-backup-policy.md
01:47:19,https://docs.oracle.com/en-us/iaas/Content/Block/Tasks/update-bv-volume-group-backup.htm,200,13302,Block__Tasks__update-bv-volume-group-backup.md
01:47:20,https://docs.oracle.com/en-us/iaas/Content/Block/Tasks/update-cross-region-replication-bv-boot-volume.htm,200,9764,Block__Tasks__update-cross-region-replication-bv-boot-volume.md
01:47:21,https://docs.oracle.com/en-us/iaas/Content/Block/Tasks/update-cross-region-replication-bv-volume-group.htm,200,10615,Block__Tasks__update-cross-region-replication-bv-volume-group.md
01:47:23,https://docs.oracle.com/en-us/iaas/Content/Block/Tasks/update-cross-region-replication-bv-volume.htm,200,10017,Block__Tasks__update-cross-region-replication-bv-volume.md
01:47:24,https://docs.oracle.com/en-us/iaas/Content/Block/Tasks/update-destination-region-ad-bv-boot-volume.htm,200,9759,Block__Tasks__update-destination-region-ad-bv-boot-volume.md
01:47:25,https://docs.oracle.com/en-us/iaas/Content/Block/Tasks/update-destination-region-ad-bv-volume-group.htm,200,9937,Block__Tasks__update-destination-region-ad-bv-volume-group.md
01:47:26,https://docs.oracle.com/en-us/iaas/Content/Block/Tasks/update-destination-region-ad-bv-volume.htm,200,9722,Block__Tasks__update-destination-region-ad-bv-volume.md
01:47:27,https://docs.oracle.com/en-us/iaas/Content/Block/Tasks/update-disable-cross-region-replication-bv-boot-volume.htm,200,8629,Block__Tasks__update-disable-cross-region-replication-bv-boot-volume.md
01:47:28,https://docs.oracle.com/en-us/iaas/Content/Block/Tasks/update-disable-cross-region-replication-bv-volume-group.htm,200,9035,Block__Tasks__update-disable-cross-region-replication-bv-volume-group.md
01:47:29,https://docs.oracle.com/en-us/iaas/Content/Block/Tasks/update-disable-cross-region-replication-bv-volume.htm,200,8690,Block__Tasks__update-disable-cross-region-replication-bv-volume.md
01:47:30,https://docs.oracle.com/en-us/iaas/Content/Block/Tasks/update-display-name-bv-volume-backup-policy.htm,200,8797,Block__Tasks__update-display-name-bv-volume-backup-policy.md
01:47:31,https://docs.oracle.com/en-us/iaas/Content/Block/Tasks/update-offline-resize-block-boot-volume.htm,200,14321,Block__Tasks__update-offline-resize-block-boot-volume.md
01:47:32,https://docs.oracle.com/en-us/iaas/Content/Block/Tasks/update-online-resize-block-boot-volume.htm,200,11793,Block__Tasks__update-online-resize-block-boot-volume.md
01:47:33,https://docs.oracle.com/en-us/iaas/Content/Block/blockvolumes.htm,200,14463,Block__blockvolumes.md
01:47:34,https://docs.oracle.com/en-us/iaas/Content/Block/home.htm,200,14947,Block__home.md
01:47:36,https://docs.oracle.com/en-us/iaas/Content/Block/known-issues.htm,200,17231,Block__known-issues.md
01:47:37,https://docs.oracle.com/en-us/iaas/Content/Block/troubleshooting.htm,200,7192,Block__troubleshooting.md
01:47:38,https://docs.oracle.com/en-us/iaas/Content/CloudAdvisor/Concepts/additional_required_permissions.htm,200,9679,CloudAdvisor__Concepts__additional_required_permissions.md
01:47:39,https://docs.oracle.com/en-us/iaas/Content/CloudAdvisor/Concepts/cloudadvisoroverview.htm,200,35054,CloudAdvisor__Concepts__cloudadvisoroverview.md
01:47:41,https://docs.oracle.com/en-us/iaas/Content/CloudAdvisor/Concepts/recommendations-costmanagement.htm,200,71588,CloudAdvisor__Concepts__recommendations-costmanagement.md
01:47:42,https://docs.oracle.com/en-us/iaas/Content/CloudAdvisor/Concepts/recommendations-highavailability.htm,200,14744,CloudAdvisor__Concepts__recommendations-highavailability.md
01:47:44,https://docs.oracle.com/en-us/iaas/Content/CloudAdvisor/Concepts/recommendations-performance.htm,200,29898,CloudAdvisor__Concepts__recommendations-performance.md
01:47:44,https://docs.oracle.com/en-us/iaas/Content/CloudAdvisor/Concepts/recommendations.htm,200,17803,CloudAdvisor__Concepts__recommendations.md
01:47:46,https://docs.oracle.com/en-us/iaas/Content/CloudAdvisor/Concepts/view-recommendations.htm,200,11102,CloudAdvisor__Concepts__view-recommendations.md
01:47:47,https://docs.oracle.com/en-us/iaas/Content/CloudAdvisor/Reference/cloudadvisorpolicyreference.htm,200,50527,CloudAdvisor__Reference__cloudadvisorpolicyreference.md
01:47:49,https://docs.oracle.com/en-us/iaas/Content/CloudAdvisor/Reference/query-syntax.htm,200,32915,CloudAdvisor__Reference__query-syntax.md
01:47:50,https://docs.oracle.com/en-us/iaas/Content/CloudAdvisor/Tasks/bulk-apply-recommendations.htm,200,9196,CloudAdvisor__Tasks__bulk-apply-recommendations.md
01:47:51,https://docs.oracle.com/en-us/iaas/Content/CloudAdvisor/Tasks/cloudadvisor-cloud_advisor_settings.htm,200,7352,CloudAdvisor__Tasks__cloudadvisor-cloud_advisor_settings.md
01:47:52,https://docs.oracle.com/en-us/iaas/Content/CloudAdvisor/Tasks/cloudadvisor-customizing-profiles.htm,200,16527,CloudAdvisor__Tasks__cloudadvisor-customizing-profiles.md
01:47:53,https://docs.oracle.com/en-us/iaas/Content/CloudAdvisor/Tasks/cloudadvisor-getting_started.htm,200,21183,CloudAdvisor__Tasks__cloudadvisor-getting_started.md
01:47:54,https://docs.oracle.com/en-us/iaas/Content/CloudAdvisor/Tasks/create-profile.htm,200,7655,CloudAdvisor__Tasks__create-profile.md
01:47:55,https://docs.oracle.com/en-us/iaas/Content/CloudAdvisor/Tasks/customizing-overrides-console-create.htm,200,12108,CloudAdvisor__Tasks__customizing-overrides-console-create.md
01:47:57,https://docs.oracle.com/en-us/iaas/Content/CloudAdvisor/Tasks/customizing-overrides-console-delete.htm,200,6517,CloudAdvisor__Tasks__customizing-overrides-console-delete.md
01:47:58,https://docs.oracle.com/en-us/iaas/Content/CloudAdvisor/Tasks/customizing-overrides-console-edit-global.htm,200,8414,CloudAdvisor__Tasks__customizing-overrides-console-edit-global.md
01:48:00,https://docs.oracle.com/en-us/iaas/Content/CloudAdvisor/Tasks/customizing-overrides-console-edit-rec.htm,200,6886,CloudAdvisor__Tasks__customizing-overrides-console-edit-rec.md
01:48:01,https://docs.oracle.com/en-us/iaas/Content/CloudAdvisor/Tasks/customizing-overrides-console-view.htm,200,7090,CloudAdvisor__Tasks__customizing-overrides-console-view.md
01:48:02,https://docs.oracle.com/en-us/iaas/Content/CloudAdvisor/Tasks/customizing-overrides.htm,200,6656,CloudAdvisor__Tasks__customizing-overrides.md
01:48:03,https://docs.oracle.com/en-us/iaas/Content/CloudAdvisor/Tasks/customizing-policies.htm,200,9040,CloudAdvisor__Tasks__customizing-policies.md
01:48:05,https://docs.oracle.com/en-us/iaas/Content/CloudAdvisor/Tasks/delete-profile.htm,200,7380,CloudAdvisor__Tasks__delete-profile.md
01:48:06,https://docs.oracle.com/en-us/iaas/Content/CloudAdvisor/Tasks/filter-resource-actions.htm,200,8010,CloudAdvisor__Tasks__filter-resource-actions.md
01:48:07,https://docs.oracle.com/en-us/iaas/Content/CloudAdvisor/Tasks/get-category.htm,200,7377,CloudAdvisor__Tasks__get-category.md
01:48:08,https://docs.oracle.com/en-us/iaas/Content/CloudAdvisor/Tasks/get-profile.htm,200,7348,CloudAdvisor__Tasks__get-profile.md
01:48:09,https://docs.oracle.com/en-us/iaas/Content/CloudAdvisor/Tasks/get-recommendation.htm,200,9228,CloudAdvisor__Tasks__get-recommendation.md
01:48:10,https://docs.oracle.com/en-us/iaas/Content/CloudAdvisor/Tasks/get-resource-action.htm,200,7568,CloudAdvisor__Tasks__get-resource-action.md
01:48:11,https://docs.oracle.com/en-us/iaas/Content/CloudAdvisor/Tasks/get-work-request.htm,200,7436,CloudAdvisor__Tasks__get-work-request.md
01:48:12,https://docs.oracle.com/en-us/iaas/Content/CloudAdvisor/Tasks/history.htm,200,8640,CloudAdvisor__Tasks__history.md
01:48:13,https://docs.oracle.com/en-us/iaas/Content/CloudAdvisor/Tasks/implementing-iam-policies.htm,200,9081,CloudAdvisor__Tasks__implementing-iam-policies.md
01:48:14,https://docs.oracle.com/en-us/iaas/Content/CloudAdvisor/Tasks/implementing_cloud_advisor_recommendations.htm,200,7630,CloudAdvisor__Tasks__implementing_cloud_advisor_recommendations.md
01:48:15,https://docs.oracle.com/en-us/iaas/Content/CloudAdvisor/Tasks/list-and-get-recommendations.htm,200,5747,CloudAdvisor__Tasks__list-and-get-recommendations.md
01:48:16,https://docs.oracle.com/en-us/iaas/Content/CloudAdvisor/Tasks/list-categories.htm,200,7805,CloudAdvisor__Tasks__list-categories.md
01:48:17,https://docs.oracle.com/en-us/iaas/Content/CloudAdvisor/Tasks/list-profiles.htm,200,7428,CloudAdvisor__Tasks__list-profiles.md
01:48:19,https://docs.oracle.com/en-us/iaas/Content/CloudAdvisor/Tasks/list-recommendations.htm,200,11153,CloudAdvisor__Tasks__list-recommendations.md
01:48:20,https://docs.oracle.com/en-us/iaas/Content/CloudAdvisor/Tasks/list-resource-action-queryable-fields.htm,200,8065,CloudAdvisor__Tasks__list-resource-action-queryable-fields.md
01:48:21,https://docs.oracle.com/en-us/iaas/Content/CloudAdvisor/Tasks/list-resource-actions.htm,200,7706,CloudAdvisor__Tasks__list-resource-actions.md
01:48:22,https://docs.oracle.com/en-us/iaas/Content/CloudAdvisor/Tasks/list-work-request-errors.htm,200,7814,CloudAdvisor__Tasks__list-work-request-errors.md
01:48:24,https://docs.oracle.com/en-us/iaas/Content/CloudAdvisor/Tasks/list-work-request-logs.htm,200,7776,CloudAdvisor__Tasks__list-work-request-logs.md
01:48:25,https://docs.oracle.com/en-us/iaas/Content/CloudAdvisor/Tasks/list-work-requests.htm,200,7337,CloudAdvisor__Tasks__list-work-requests.md
01:48:26,https://docs.oracle.com/en-us/iaas/Content/CloudAdvisor/Tasks/profile-levels.htm,200,7840,CloudAdvisor__Tasks__profile-levels.md
01:48:27,https://docs.oracle.com/en-us/iaas/Content/CloudAdvisor/Tasks/profiles.htm,200,6362,CloudAdvisor__Tasks__profiles.md
01:48:28,https://docs.oracle.com/en-us/iaas/Content/CloudAdvisor/Tasks/recommendation-strategies.htm,200,7864,CloudAdvisor__Tasks__recommendation-strategies.md
01:48:29,https://docs.oracle.com/en-us/iaas/Content/CloudAdvisor/Tasks/recommendations-implement-update.htm,200,5961,CloudAdvisor__Tasks__recommendations-implement-update.md
01:48:30,https://docs.oracle.com/en-us/iaas/Content/CloudAdvisor/Tasks/resource-actions.htm,200,6178,CloudAdvisor__Tasks__resource-actions.md
01:48:31,https://docs.oracle.com/en-us/iaas/Content/CloudAdvisor/Tasks/update-profile.htm,200,7380,CloudAdvisor__Tasks__update-profile.md
01:48:32,https://docs.oracle.com/en-us/iaas/Content/CloudAdvisor/Tasks/update-recommendation-dismiss_rec.htm,200,8968,CloudAdvisor__Tasks__update-recommendation-dismiss_rec.md
01:48:33,https://docs.oracle.com/en-us/iaas/Content/CloudAdvisor/Tasks/update-recommendation-dismiss_resources.htm,200,9286,CloudAdvisor__Tasks__update-recommendation-dismiss_resources.md
01:48:35,https://docs.oracle.com/en-us/iaas/Content/CloudAdvisor/Tasks/update-recommendation-edit_postponements_resources.htm,200,9715,CloudAdvisor__Tasks__update-recommendation-edit_postponements_resources.md
01:48:36,https://docs.oracle.com/en-us/iaas/Content/CloudAdvisor/Tasks/update-recommendation-postpone_rec.htm,200,9031,CloudAdvisor__Tasks__update-recommendation-postpone_rec.md
01:48:37,https://docs.oracle.com/en-us/iaas/Content/CloudAdvisor/Tasks/update-recommendation-postpone_resources.htm,200,9037,CloudAdvisor__Tasks__update-recommendation-postpone_resources.md
01:48:37,https://docs.oracle.com/en-us/iaas/Content/CloudAdvisor/Tasks/update-recommendation-reactivate_rec.htm,200,9052,CloudAdvisor__Tasks__update-recommendation-reactivate_rec.md
01:48:38,https://docs.oracle.com/en-us/iaas/Content/CloudAdvisor/Tasks/update-recommendation-reactivate_resources.htm,200,9253,CloudAdvisor__Tasks__update-recommendation-reactivate_resources.md
01:48:40,https://docs.oracle.com/en-us/iaas/Content/CloudAdvisor/Tasks/update-recommendation.htm,200,7107,CloudAdvisor__Tasks__update-recommendation.md
01:48:41,https://docs.oracle.com/en-us/iaas/Content/CloudAdvisor/Tasks/update-resource-action.htm,200,7663,CloudAdvisor__Tasks__update-resource-action.md
01:48:42,https://docs.oracle.com/en-us/iaas/Content/CloudAdvisor/Tasks/viewing-categories.htm,200,5647,CloudAdvisor__Tasks__viewing-categories.md
01:48:43,https://docs.oracle.com/en-us/iaas/Content/CloudAdvisor/Tasks/work-requests.htm,200,6198,CloudAdvisor__Tasks__work-requests.md
01:48:44,https://docs.oracle.com/en-us/iaas/Content/CloudAdvisor/home.htm,200,11498,CloudAdvisor__home.md
01:48:45,https://docs.oracle.com/en-us/iaas/Content/ComplianceDocuments/Concepts/compliancedocsoverview.htm,200,11733,ComplianceDocuments__Concepts__compliancedocsoverview.md
01:48:46,https://docs.oracle.com/en-us/iaas/Content/ComplianceDocuments/Concepts/compliancedocsoverview_topic-To_download_a_compliance_document.htm,200,7165,ComplianceDocuments__Concepts__compliancedocsoverview_topic-To_download_a_compliance_document.md
01:48:47,https://docs.oracle.com/en-us/iaas/Content/ComplianceDocuments/Concepts/compliancedocsoverview_topic-To_sort_a_list_of_compliance_documents.htm,200,6257,ComplianceDocuments__Concepts__compliancedocsoverview_topic-To_sort_a_list_of_compliance_documents.md
01:48:48,https://docs.oracle.com/en-us/iaas/Content/ComplianceDocuments/Concepts/compliancedocsoverview_topic-To_view_a_list_of_all_compliance_documents.htm,200,6904,ComplianceDocuments__Concepts__compliancedocsoverview_topic-To_view_a_list_of_all_compliance_documents.md
01:48:49,https://docs.oracle.com/en-us/iaas/Content/ComplianceDocuments/Concepts/known-issues.htm,200,5461,ComplianceDocuments__Concepts__known-issues.md
01:48:51,https://docs.oracle.com/en-us/iaas/Content/Compute/Concepts/GMC-reserved-IPs.htm,200,16619,Compute__Concepts__GMC-reserved-IPs.md
01:48:52,https://docs.oracle.com/en-us/iaas/Content/Compute/Concepts/GMF-GMC-sample-commands.htm,200,10854,Compute__Concepts__GMF-GMC-sample-commands.md
01:48:52,https://docs.oracle.com/en-us/iaas/Content/Compute/Concepts/GMF-fabric-recycle-level.htm,200,7037,Compute__Concepts__GMF-fabric-recycle-level.md
01:48:54,https://docs.oracle.com/en-us/iaas/Content/Compute/Concepts/GMF-lifecycle-states.htm,200,8391,Compute__Concepts__GMF-lifecycle-states.md
01:48:55,https://docs.oracle.com/en-us/iaas/Content/Compute/Concepts/GMF-preferences.htm,200,6852,Compute__Concepts__GMF-preferences.md
01:48:56,https://docs.oracle.com/en-us/iaas/Content/Compute/Concepts/computeoverview.htm,200,39297,Compute__Concepts__computeoverview.md
01:48:57,https://docs.oracle.com/en-us/iaas/Content/Compute/Concepts/computeperformance.htm,200,13298,Compute__Concepts__computeperformance.md
01:48:58,https://docs.oracle.com/en-us/iaas/Content/Compute/Concepts/dedicatedvmhosts.htm,200,24841,Compute__Concepts__dedicatedvmhosts.md
01:48:59,https://docs.oracle.com/en-us/iaas/Content/Compute/Concepts/dedicatedvmhosts_manual-migration.htm,200,18734,Compute__Concepts__dedicatedvmhosts_manual-migration.md
01:49:01,https://docs.oracle.com/en-us/iaas/Content/Compute/Concepts/dedicatedvmhosts_migrating-on-demand.htm,200,10714,Compute__Concepts__dedicatedvmhosts_migrating-on-demand.md
01:49:02,https://docs.oracle.com/en-us/iaas/Content/Compute/Concepts/dedicatedvmhosts_topic-Creating_a_Dedicated_Virtual_Machine_Host.htm,200,11642,Compute__Concepts__dedicatedvmhosts_topic-Creating_a_Dedicated_Virtual_Machine_Host.md
01:49:03,https://docs.oracle.com/en-us/iaas/Content/Compute/Concepts/dedicatedvmhosts_topic-Deleting_a_Dedicated_Virtual_Machine_Host.htm,200,8252,Compute__Concepts__dedicatedvmhosts_topic-Deleting_a_Dedicated_Virtual_Machine_Host.md
01:49:04,https://docs.oracle.com/en-us/iaas/Content/Compute/Concepts/dedicatedvmhosts_topic-Listing_a_Dedicated_Virtual_Machine_Host.htm,200,10166,Compute__Concepts__dedicatedvmhosts_topic-Listing_a_Dedicated_Virtual_Machine_Host.md
01:49:05,https://docs.oracle.com/en-us/iaas/Content/Compute/Concepts/dedicatedvmhosts_topic-Placing_an_Instance_on_a_Dedicated_Virtual_Machine_Host.htm,200,10858,Compute__Concepts__dedicatedvmhosts_topic-Placing_an_Instance_on_a_Dedicated_Virtual_Machine_Host.md
01:49:07,https://docs.oracle.com/en-us/iaas/Content/Compute/Concepts/dedicatedvmhosts_topic-infrastructure-maintenance.htm,200,15185,Compute__Concepts__dedicatedvmhosts_topic-infrastructure-maintenance.md
01:49:07,https://docs.oracle.com/en-us/iaas/Content/Compute/Concepts/dvmh-get_tabs.htm,200,8388,Compute__Concepts__dvmh-get_tabs.md
01:49:08,https://docs.oracle.com/en-us/iaas/Content/Compute/Concepts/dvmh-move_tabs.htm,200,8794,Compute__Concepts__dvmh-move_tabs.md
01:49:09,https://docs.oracle.com/en-us/iaas/Content/Compute/Concepts/dvmh_changing_shape_dedicated_virtual_machine_host.htm,200,10059,Compute__Concepts__dvmh_changing_shape_dedicated_virtual_machine_host.md
01:49:10,https://docs.oracle.com/en-us/iaas/Content/Compute/Concepts/gpu-memory-clusters-deploy.htm,200,15369,Compute__Concepts__gpu-memory-clusters-deploy.md
01:49:12,https://docs.oracle.com/en-us/iaas/Content/Compute/Concepts/gpu-memory-fabric-pinning.htm,200,19759,Compute__Concepts__gpu-memory-fabric-pinning.md
01:49:13,https://docs.oracle.com/en-us/iaas/Content/Compute/Concepts/gpu-memory-fabric.htm,200,8088,Compute__Concepts__gpu-memory-fabric.md
01:49:14,https://docs.oracle.com/en-us/iaas/Content/Compute/Concepts/instance-pools.htm,200,19919,Compute__Concepts__instance-pools.md
01:49:16,https://docs.oracle.com/en-us/iaas/Content/Compute/Concepts/instance_config_moving.htm,200,9348,Compute__Concepts__instance_config_moving.md
01:49:17,https://docs.oracle.com/en-us/iaas/Content/Compute/Concepts/instancemanagement.htm,200,12842,Compute__Concepts__instancemanagement.md
01:49:18,https://docs.oracle.com/en-us/iaas/Content/Compute/Concepts/preemptible.htm,200,26976,Compute__Concepts__preemptible.md
01:49:20,https://docs.oracle.com/en-us/iaas/Content/Compute/References/arm.htm,200,17627,Compute__References__arm.md
01:49:21,https://docs.oracle.com/en-us/iaas/Content/Compute/References/bestpracticescompute.htm,200,20479,Compute__References__bestpracticescompute.md
01:49:22,https://docs.oracle.com/en-us/iaas/Content/Compute/References/bios-settings.htm,200,18006,Compute__References__bios-settings.md
01:49:23,https://docs.oracle.com/en-us/iaas/Content/Compute/References/bringyourownimage.htm,200,24234,Compute__References__bringyourownimage.md
01:49:24,https://docs.oracle.com/en-us/iaas/Content/Compute/References/burstable-instances.htm,200,26852,Compute__References__burstable-instances.md
01:49:26,https://docs.oracle.com/en-us/iaas/Content/Compute/References/compute-health-metrics.htm,200,22035,Compute__References__compute-health-metrics.md
01:49:27,https://docs.oracle.com/en-us/iaas/Content/Compute/References/compute-management-metrics.htm,200,18253,Compute__References__compute-management-metrics.md
01:49:28,https://docs.oracle.com/en-us/iaas/Content/Compute/References/compute-over-finding-details-for-compute-resources.htm,200,21659,Compute__References__compute-over-finding-details-for-compute-resources.md
01:49:29,https://docs.oracle.com/en-us/iaas/Content/Compute/References/computehealthmonitoringguidance.htm,200,23699,Compute__References__computehealthmonitoringguidance.md
01:49:30,https://docs.oracle.com/en-us/iaas/Content/Compute/References/computemetrics-topic-available-metrics-oci-vmi-resource-utilization.htm,200,21022,Compute__References__computemetrics-topic-available-metrics-oci-vmi-resource-utilization.md
01:49:32,https://docs.oracle.com/en-us/iaas/Content/Compute/References/computemetrics.htm,200,75659,Compute__References__computemetrics.md
01:49:33,https://docs.oracle.com/en-us/iaas/Content/Compute/References/computemetricsoverview.htm,200,8032,Compute__References__computemetricsoverview.md
01:49:34,https://docs.oracle.com/en-us/iaas/Content/Compute/References/computeshapes.htm,200,193290,Compute__References__computeshapes.md
01:49:35,https://docs.oracle.com/en-us/iaas/Content/Compute/References/confidential_compute.htm,200,19357,Compute__References__confidential_compute.md
01:49:36,https://docs.oracle.com/en-us/iaas/Content/Compute/References/disaster-recovery.htm,200,9702,Compute__References__disaster-recovery.md
01:49:37,https://docs.oracle.com/en-us/iaas/Content/Compute/References/extended-memory-vm-instances.htm,200,19285,Compute__References__extended-memory-vm-instances.md
01:49:38,https://docs.oracle.com/en-us/iaas/Content/Compute/References/high-performance-compute.htm,200,18477,Compute__References__high-performance-compute.md
01:49:40,https://docs.oracle.com/en-us/iaas/Content/Compute/References/high-performance-computing-metrics.htm,200,55527,Compute__References__high-performance-computing-metrics.md
01:49:42,https://docs.oracle.com/en-us/iaas/Content/Compute/References/images.htm,200,53165,Compute__References__images.md
01:49:43,https://docs.oracle.com/en-us/iaas/Content/Compute/References/infrastructure-maintenance.htm,200,34919,Compute__References__infrastructure-maintenance.md
01:49:44,https://docs.oracle.com/en-us/iaas/Content/Compute/References/infrastructurehealthmetrics.htm,200,24057,Compute__References__infrastructurehealthmetrics.md
01:49:46,https://docs.oracle.com/en-us/iaas/Content/Compute/References/instancepoolmetrics.htm,200,20767,Compute__References__instancepoolmetrics.md
01:49:47,https://docs.oracle.com/en-us/iaas/Content/Compute/References/microsoftlicensing.htm,200,43762,Compute__References__microsoftlicensing.md
01:49:48,https://docs.oracle.com/en-us/iaas/Content/Compute/References/ngcimage.htm,200,24180,Compute__References__ngcimage.md
01:49:49,https://docs.oracle.com/en-us/iaas/Content/Compute/References/nvmedeviceinformation.htm,200,32998,Compute__References__nvmedeviceinformation.md
01:49:51,https://docs.oracle.com/en-us/iaas/Content/Compute/References/serialconsole.htm,200,91789,Compute__References__serialconsole.md
01:49:53,https://docs.oracle.com/en-us/iaas/Content/Compute/References/shielded-instances.htm,200,34635,Compute__References__shielded-instances.md
01:49:54,https://docs.oracle.com/en-us/iaas/Content/Compute/References/support_options_microsoft.htm,200,11140,Compute__References__support_options_microsoft.md
01:49:55,https://docs.oracle.com/en-us/iaas/Content/Compute/References/troubleshooting-compute-instances.htm,200,11074,Compute__References__troubleshooting-compute-instances.md
01:49:56,https://docs.oracle.com/en-us/iaas/Content/Compute/References/updatingkernel.htm,200,13734,Compute__References__updatingkernel.md
01:49:57,https://docs.oracle.com/en-us/iaas/Content/Compute/References/windowsimages.htm,200,15162,Compute__References__windowsimages.md
01:49:58,https://docs.oracle.com/en-us/iaas/Content/Compute/Tasks/accessinginstance.htm,200,6858,Compute__Tasks__accessinginstance.md
01:49:59,https://docs.oracle.com/en-us/iaas/Content/Compute/Tasks/add-instances-compute-cluster.htm,200,11405,Compute__Tasks__add-instances-compute-cluster.md
01:50:00,https://docs.oracle.com/en-us/iaas/Content/Compute/Tasks/addingusers.htm,200,13220,Compute__Tasks__addingusers.md
01:50:02,https://docs.oracle.com/en-us/iaas/Content/Compute/Tasks/autoscaling-create-metric-based_tabs.htm,200,14866,Compute__Tasks__autoscaling-create-metric-based_tabs.md
01:50:03,https://docs.oracle.com/en-us/iaas/Content/Compute/Tasks/autoscaling-create-schedule-based_tabs.htm,200,12914,Compute__Tasks__autoscaling-create-schedule-based_tabs.md
01:50:04,https://docs.oracle.com/en-us/iaas/Content/Compute/Tasks/autoscaling-delete-configuration_tabs.htm,200,8156,Compute__Tasks__autoscaling-delete-configuration_tabs.md
01:50:05,https://docs.oracle.com/en-us/iaas/Content/Compute/Tasks/autoscaling-edit-metric-based_tabs.htm,200,9477,Compute__Tasks__autoscaling-edit-metric-based_tabs.md
01:50:06,https://docs.oracle.com/en-us/iaas/Content/Compute/Tasks/autoscaling-edit-schedule-based_tabs.htm,200,10266,Compute__Tasks__autoscaling-edit-schedule-based_tabs.md
01:50:07,https://docs.oracle.com/en-us/iaas/Content/Compute/Tasks/autoscaling-enable-disable-cfg-policy_tabs.htm,200,9781,Compute__Tasks__autoscaling-enable-disable-cfg-policy_tabs.md
01:50:08,https://docs.oracle.com/en-us/iaas/Content/Compute/Tasks/autoscaling-listing-configurations_tabs.htm,200,9183,Compute__Tasks__autoscaling-listing-configurations_tabs.md
01:50:09,https://docs.oracle.com/en-us/iaas/Content/Compute/Tasks/autoscalinginstancepools-topic-tracking-autoscaling-with-events.htm,200,7678,Compute__Tasks__autoscalinginstancepools-topic-tracking-autoscaling-with-events.md
01:50:10,https://docs.oracle.com/en-us/iaas/Content/Compute/Tasks/autoscalinginstancepools.htm,200,36301,Compute__Tasks__autoscalinginstancepools.md
01:50:12,https://docs.oracle.com/en-us/iaas/Content/Compute/Tasks/capacity-reservations-configuration-add_tabs.htm,200,9249,Compute__Tasks__capacity-reservations-configuration-add_tabs.md
01:50:12,https://docs.oracle.com/en-us/iaas/Content/Compute/Tasks/capacity-reservations-configuration-delete_tabs.htm,200,8574,Compute__Tasks__capacity-reservations-configuration-delete_tabs.md
01:50:13,https://docs.oracle.com/en-us/iaas/Content/Compute/Tasks/capacity-reservations-configuration-edit_tabs.htm,200,8498,Compute__Tasks__capacity-reservations-configuration-edit_tabs.md
01:50:14,https://docs.oracle.com/en-us/iaas/Content/Compute/Tasks/capacity-reservations-create-instance_tabs.htm,200,8173,Compute__Tasks__capacity-reservations-create-instance_tabs.md
01:50:16,https://docs.oracle.com/en-us/iaas/Content/Compute/Tasks/capacity-reservations-create_tabs.htm,200,14118,Compute__Tasks__capacity-reservations-create_tabs.md
01:50:17,https://docs.oracle.com/en-us/iaas/Content/Compute/Tasks/capacity-reservations-delete.htm,200,9461,Compute__Tasks__capacity-reservations-delete.md
01:50:18,https://docs.oracle.com/en-us/iaas/Content/Compute/Tasks/capacity-reservations-editing_tabs.htm,200,8424,Compute__Tasks__capacity-reservations-editing_tabs.md
01:50:19,https://docs.oracle.com/en-us/iaas/Content/Compute/Tasks/capacity-reservations-get_tabs.htm,200,8205,Compute__Tasks__capacity-reservations-get_tabs.md
01:50:21,https://docs.oracle.com/en-us/iaas/Content/Compute/Tasks/capacity-reservations-move.htm,200,8421,Compute__Tasks__capacity-reservations-move.md
01:50:21,https://docs.oracle.com/en-us/iaas/Content/Compute/Tasks/capacity-reservations-moving-in_tabs.htm,200,8637,Compute__Tasks__capacity-reservations-moving-in_tabs.md
01:50:22,https://docs.oracle.com/en-us/iaas/Content/Compute/Tasks/capacity-reservations-moving-out_tabs.htm,200,8501,Compute__Tasks__capacity-reservations-moving-out_tabs.md
01:50:24,https://docs.oracle.com/en-us/iaas/Content/Compute/Tasks/capacity-reservations-view-resources_tabs.htm,200,8608,Compute__Tasks__capacity-reservations-view-resources_tabs.md
01:50:25,https://docs.oracle.com/en-us/iaas/Content/Compute/Tasks/changewinlicense.htm,200,10624,Compute__Tasks__changewinlicense.md
01:50:25,https://docs.oracle.com/en-us/iaas/Content/Compute/Tasks/cluster-networks-get.htm,200,8301,Compute__Tasks__cluster-networks-get.md
01:50:26,https://docs.oracle.com/en-us/iaas/Content/Compute/Tasks/cluster-networks-list.htm,200,9125,Compute__Tasks__cluster-networks-list.md
01:50:28,https://docs.oracle.com/en-us/iaas/Content/Compute/Tasks/cluster-networks-move.htm,200,9534,Compute__Tasks__cluster-networks-move.md
01:50:29,https://docs.oracle.com/en-us/iaas/Content/Compute/Tasks/compute-clusters-list.htm,200,9083,Compute__Tasks__compute-clusters-list.md
01:50:30,https://docs.oracle.com/en-us/iaas/Content/Compute/Tasks/compute-clusters.htm,200,15092,Compute__Tasks__compute-clusters.md
01:50:31,https://docs.oracle.com/en-us/iaas/Content/Compute/Tasks/configuringimagecapabilities-tasks.htm,200,18728,Compute__Tasks__configuringimagecapabilities-tasks.md
01:50:33,https://docs.oracle.com/en-us/iaas/Content/Compute/Tasks/configuringimagecapabilities.htm,200,16062,Compute__Tasks__configuringimagecapabilities.md
01:50:34,https://docs.oracle.com/en-us/iaas/Content/Compute/Tasks/configuringntpservice.htm,200,18515,Compute__Tasks__configuringntpservice.md
01:50:35,https://docs.oracle.com/en-us/iaas/Content/Compute/Tasks/connect-to-instance-private-subnet.htm,200,7743,Compute__Tasks__connect-to-instance-private-subnet.md
01:50:37,https://docs.oracle.com/en-us/iaas/Content/Compute/Tasks/connect-to-linux-instance-from-windows-putty.htm,200,14715,Compute__Tasks__connect-to-linux-instance-from-windows-putty.md
01:50:38,https://docs.oracle.com/en-us/iaas/Content/Compute/Tasks/connect-to-linux-instance.htm,200,20359,Compute__Tasks__connect-to-linux-instance.md
01:50:39,https://docs.oracle.com/en-us/iaas/Content/Compute/Tasks/connect-to-windows-instance.htm,200,17523,Compute__Tasks__connect-to-windows-instance.md
01:50:41,https://docs.oracle.com/en-us/iaas/Content/Compute/Tasks/contextual-notifications-compute.htm,200,12783,Compute__Tasks__contextual-notifications-compute.md
01:50:42,https://docs.oracle.com/en-us/iaas/Content/Compute/Tasks/create-cluster-network.htm,200,13880,Compute__Tasks__create-cluster-network.md
01:50:42,https://docs.oracle.com/en-us/iaas/Content/Compute/Tasks/create-compute-cluster.htm,200,9956,Compute__Tasks__create-compute-cluster.md
01:50:44,https://docs.oracle.com/en-us/iaas/Content/Compute/Tasks/create-instance-from-instance-configuration.htm,200,21247,Compute__Tasks__create-instance-from-instance-configuration.md
01:50:45,https://docs.oracle.com/en-us/iaas/Content/Compute/Tasks/creatinginstanceconfig.htm,200,25867,Compute__Tasks__creatinginstanceconfig.md
01:50:46,https://docs.oracle.com/en-us/iaas/Content/Compute/Tasks/creatinginstancepool.htm,200,24781,Compute__Tasks__creatinginstancepool.md
01:50:47,https://docs.oracle.com/en-us/iaas/Content/Compute/Tasks/custom-images-create.htm,200,11326,Compute__Tasks__custom-images-create.md
01:50:49,https://docs.oracle.com/en-us/iaas/Content/Compute/Tasks/custom-images-delete.htm,200,8045,Compute__Tasks__custom-images-delete.md
01:50:50,https://docs.oracle.com/en-us/iaas/Content/Compute/Tasks/custom-images-edit.htm,200,9735,Compute__Tasks__custom-images-edit.md
01:50:51,https://docs.oracle.com/en-us/iaas/Content/Compute/Tasks/custom-images-export.htm,200,11699,Compute__Tasks__custom-images-export.md
01:50:52,https://docs.oracle.com/en-us/iaas/Content/Compute/Tasks/custom-images-get.htm,200,8946,Compute__Tasks__custom-images-get.md
01:50:53,https://docs.oracle.com/en-us/iaas/Content/Compute/Tasks/custom-images-import.htm,200,12885,Compute__Tasks__custom-images-import.md
01:50:54,https://docs.oracle.com/en-us/iaas/Content/Compute/Tasks/custom-images-launch.htm,200,8355,Compute__Tasks__custom-images-launch.md
01:50:55,https://docs.oracle.com/en-us/iaas/Content/Compute/Tasks/custom-images-list.htm,200,8931,Compute__Tasks__custom-images-list.md
01:50:57,https://docs.oracle.com/en-us/iaas/Content/Compute/Tasks/custom-images-move.htm,200,8456,Compute__Tasks__custom-images-move.md
01:50:58,https://docs.oracle.com/en-us/iaas/Content/Compute/Tasks/delete-cluster-network.htm,200,9085,Compute__Tasks__delete-cluster-network.md
01:50:59,https://docs.oracle.com/en-us/iaas/Content/Compute/Tasks/delete-compute-cluster.htm,200,8673,Compute__Tasks__delete-compute-cluster.md
01:51:00,https://docs.oracle.com/en-us/iaas/Content/Compute/Tasks/deletinginstanceconfig.htm,200,8418,Compute__Tasks__deletinginstanceconfig.md
01:51:02,https://docs.oracle.com/en-us/iaas/Content/Compute/Tasks/deletinginstancepool.htm,200,9438,Compute__Tasks__deletinginstancepool.md
01:51:03,https://docs.oracle.com/en-us/iaas/Content/Compute/Tasks/detach-instance-from-cluster-network.htm,200,11001,Compute__Tasks__detach-instance-from-cluster-network.md
01:51:04,https://docs.oracle.com/en-us/iaas/Content/Compute/Tasks/developing-with-compute.htm,200,9852,Compute__Tasks__developing-with-compute.md
01:51:05,https://docs.oracle.com/en-us/iaas/Content/Compute/Tasks/diagnostic-reboot.htm,200,13528,Compute__Tasks__diagnostic-reboot.md
01:51:06,https://docs.oracle.com/en-us/iaas/Content/Compute/Tasks/disablesmt.htm,200,8207,Compute__Tasks__disablesmt.md
01:51:07,https://docs.oracle.com/en-us/iaas/Content/Compute/Tasks/displayingconsole-capturing.htm,200,9871,Compute__Tasks__displayingconsole-capturing.md
01:51:08,https://docs.oracle.com/en-us/iaas/Content/Compute/Tasks/displayingconsole-deleting.htm,200,8766,Compute__Tasks__displayingconsole-deleting.md
01:51:09,https://docs.oracle.com/en-us/iaas/Content/Compute/Tasks/displayingconsole-downloading.htm,200,8743,Compute__Tasks__displayingconsole-downloading.md
01:51:10,https://docs.oracle.com/en-us/iaas/Content/Compute/Tasks/displayingconsole-editing.htm,200,9028,Compute__Tasks__displayingconsole-editing.md
01:51:11,https://docs.oracle.com/en-us/iaas/Content/Compute/Tasks/displayingconsole-viewing.htm,200,8723,Compute__Tasks__displayingconsole-viewing.md
01:51:12,https://docs.oracle.com/en-us/iaas/Content/Compute/Tasks/displayingconsole.htm,200,10802,Compute__Tasks__displayingconsole.md
01:51:13,https://docs.oracle.com/en-us/iaas/Content/Compute/Tasks/edit-cluster-network.htm,200,8514,Compute__Tasks__edit-cluster-network.md
01:51:14,https://docs.oracle.com/en-us/iaas/Content/Compute/Tasks/edit-compute-cluster.htm,200,8127,Compute__Tasks__edit-compute-cluster.md
01:51:16,https://docs.oracle.com/en-us/iaas/Content/Compute/Tasks/edit-fault-domain.htm,200,11192,Compute__Tasks__edit-fault-domain.md
01:51:17,https://docs.oracle.com/en-us/iaas/Content/Compute/Tasks/edit-instance.htm,200,10674,Compute__Tasks__edit-instance.md
01:51:18,https://docs.oracle.com/en-us/iaas/Content/Compute/Tasks/edit-launch-options.htm,200,33420,Compute__Tasks__edit-launch-options.md
01:51:19,https://docs.oracle.com/en-us/iaas/Content/Compute/Tasks/edit-maintenance-recovery-action.htm,200,12850,Compute__Tasks__edit-maintenance-recovery-action.md
01:51:20,https://docs.oracle.com/en-us/iaas/Content/Compute/Tasks/editingcapacityreservation.htm,200,12499,Compute__Tasks__editingcapacityreservation.md
01:51:22,https://docs.oracle.com/en-us/iaas/Content/Compute/Tasks/enable-intransit-encryption.htm,200,12996,Compute__Tasks__enable-intransit-encryption.md
01:51:23,https://docs.oracle.com/en-us/iaas/Content/Compute/Tasks/enablingmonitoring.htm,200,31339,Compute__Tasks__enablingmonitoring.md
01:51:24,https://docs.oracle.com/en-us/iaas/Content/Compute/Tasks/enablingserialconsoleaccess.htm,200,17425,Compute__Tasks__enablingserialconsoleaccess.md
01:51:25,https://docs.oracle.com/en-us/iaas/Content/Compute/Tasks/get-compute-cluster.htm,200,8022,Compute__Tasks__get-compute-cluster.md
01:51:27,https://docs.oracle.com/en-us/iaas/Content/Compute/Tasks/get-instance-configuration.htm,200,8522,Compute__Tasks__get-instance-configuration.md
01:51:28,https://docs.oracle.com/en-us/iaas/Content/Compute/Tasks/get-ocid-compute-cluster.htm,200,8185,Compute__Tasks__get-ocid-compute-cluster.md
01:51:29,https://docs.oracle.com/en-us/iaas/Content/Compute/Tasks/gettingmetadata.htm,200,54935,Compute__Tasks__gettingmetadata.md
01:51:30,https://docs.oracle.com/en-us/iaas/Content/Compute/Tasks/hardware-reclamation-stopped-instances.htm,200,7389,Compute__Tasks__hardware-reclamation-stopped-instances.md
01:51:31,https://docs.oracle.com/en-us/iaas/Content/Compute/Tasks/howto-change-instance-host-name.htm,200,7997,Compute__Tasks__howto-change-instance-host-name.md
01:51:32,https://docs.oracle.com/en-us/iaas/Content/Compute/Tasks/howto-reset-windows-opc-password.htm,200,8271,Compute__Tasks__howto-reset-windows-opc-password.md
01:51:33,https://docs.oracle.com/en-us/iaas/Content/Compute/Tasks/howto-resolve-502-errors.htm,200,9096,Compute__Tasks__howto-resolve-502-errors.md
01:51:34,https://docs.oracle.com/en-us/iaas/Content/Compute/Tasks/howto-start-stop-instance.htm,200,6438,Compute__Tasks__howto-start-stop-instance.md
01:51:35,https://docs.oracle.com/en-us/iaas/Content/Compute/Tasks/imageimportexport.htm,200,18778,Compute__Tasks__imageimportexport.md
01:51:36,https://docs.oracle.com/en-us/iaas/Content/Compute/Tasks/importingcustomimagelinux.htm,200,28262,Compute__Tasks__importingcustomimagelinux.md
01:51:37,https://docs.oracle.com/en-us/iaas/Content/Compute/Tasks/importingcustomimagewindows.htm,200,25922,Compute__Tasks__importingcustomimagewindows.md
01:51:38,https://docs.oracle.com/en-us/iaas/Content/Compute/Tasks/inst-get.htm,200,8251,Compute__Tasks__inst-get.md
01:51:40,https://docs.oracle.com/en-us/iaas/Content/Compute/Tasks/inst-move.htm,200,8785,Compute__Tasks__inst-move.md
01:51:41,https://docs.oracle.com/en-us/iaas/Content/Compute/Tasks/instance-pools-get.htm,200,7926,Compute__Tasks__instance-pools-get.md
01:51:42,https://docs.oracle.com/en-us/iaas/Content/Compute/Tasks/instance-pools-lifecycle-create.htm,200,12574,Compute__Tasks__instance-pools-lifecycle-create.md
01:51:43,https://docs.oracle.com/en-us/iaas/Content/Compute/Tasks/instance-pools-lifecycle-disable.htm,200,10310,Compute__Tasks__instance-pools-lifecycle-disable.md
01:51:44,https://docs.oracle.com/en-us/iaas/Content/Compute/Tasks/instance-pools-lifecycle-edit.htm,200,10170,Compute__Tasks__instance-pools-lifecycle-edit.md
01:51:46,https://docs.oracle.com/en-us/iaas/Content/Compute/Tasks/instance-pools-lifecycle-use.htm,200,10325,Compute__Tasks__instance-pools-lifecycle-use.md
01:51:47,https://docs.oracle.com/en-us/iaas/Content/Compute/Tasks/instance-pools-lifecycle.htm,200,12519,Compute__Tasks__instance-pools-lifecycle.md
01:51:48,https://docs.oracle.com/en-us/iaas/Content/Compute/Tasks/instance-pools-list.htm,200,9033,Compute__Tasks__instance-pools-list.md
01:51:49,https://docs.oracle.com/en-us/iaas/Content/Compute/Tasks/instance-pools-move.htm,200,8547,Compute__Tasks__instance-pools-move.md
01:51:50,https://docs.oracle.com/en-us/iaas/Content/Compute/Tasks/instances.htm,200,47655,Compute__Tasks__instances.md
01:51:51,https://docs.oracle.com/en-us/iaas/Content/Compute/Tasks/launchinginstance.htm,200,83657,Compute__Tasks__launchinginstance.md
01:51:52,https://docs.oracle.com/en-us/iaas/Content/Compute/Tasks/list-instance-configurations.htm,200,8984,Compute__Tasks__list-instance-configurations.md
01:51:53,https://docs.oracle.com/en-us/iaas/Content/Compute/Tasks/list-instances-displayingconsole.htm,200,10191,Compute__Tasks__list-instances-displayingconsole.md
01:51:54,https://docs.oracle.com/en-us/iaas/Content/Compute/Tasks/list-instances.htm,200,8946,Compute__Tasks__list-instances.md
01:51:55,https://docs.oracle.com/en-us/iaas/Content/Compute/Tasks/listing-capacity-reservations.htm,200,9215,Compute__Tasks__listing-capacity-reservations.md
01:51:56,https://docs.oracle.com/en-us/iaas/Content/Compute/Tasks/manage-plugins-troubleshooting.htm,200,38839,Compute__Tasks__manage-plugins-troubleshooting.md
01:51:57,https://docs.oracle.com/en-us/iaas/Content/Compute/Tasks/manage-plugins.htm,200,186962,Compute__Tasks__manage-plugins.md
01:51:58,https://docs.oracle.com/en-us/iaas/Content/Compute/Tasks/managing-maintenance-events.htm,200,8611,Compute__Tasks__managing-maintenance-events.md
01:52:00,https://docs.oracle.com/en-us/iaas/Content/Compute/Tasks/managingclusternetworks.htm,200,17276,Compute__Tasks__managingclusternetworks.md
01:52:01,https://docs.oracle.com/en-us/iaas/Content/Compute/Tasks/managingcustomimages.htm,200,20280,Compute__Tasks__managingcustomimages.md
01:52:02,https://docs.oracle.com/en-us/iaas/Content/Compute/Tasks/managingkeypairs.htm,200,14410,Compute__Tasks__managingkeypairs.md
01:52:03,https://docs.oracle.com/en-us/iaas/Content/Compute/Tasks/move-compartment-compute-cluster.htm,200,8559,Compute__Tasks__move-compartment-compute-cluster.md
01:52:05,https://docs.oracle.com/en-us/iaas/Content/Compute/Tasks/movinganinstance.htm,200,37600,Compute__Tasks__movinganinstance.md
01:52:06,https://docs.oracle.com/en-us/iaas/Content/Compute/Tasks/movingresourcescompute.htm,200,13383,Compute__Tasks__movingresourcescompute.md
01:52:08,https://docs.oracle.com/en-us/iaas/Content/Compute/Tasks/non-terminating-repair.htm,200,20693,Compute__Tasks__non-terminating-repair.md
01:52:09,https://docs.oracle.com/en-us/iaas/Content/Compute/Tasks/nvidia-ai-enterprise.htm,200,22880,Compute__Tasks__nvidia-ai-enterprise.md
01:52:10,https://docs.oracle.com/en-us/iaas/Content/Compute/Tasks/quick-action-internet-gateway.htm,200,9802,Compute__Tasks__quick-action-internet-gateway.md
01:52:11,https://docs.oracle.com/en-us/iaas/Content/Compute/Tasks/quick-action-nat-gateway.htm,200,10194,Compute__Tasks__quick-action-nat-gateway.md
01:52:12,https://docs.oracle.com/en-us/iaas/Content/Compute/Tasks/renaminginstance.htm,200,8710,Compute__Tasks__renaminginstance.md
01:52:13,https://docs.oracle.com/en-us/iaas/Content/Compute/Tasks/replacingbootvolume.htm,200,17447,Compute__Tasks__replacingbootvolume.md
01:52:14,https://docs.oracle.com/en-us/iaas/Content/Compute/Tasks/reserve-capacity.htm,200,30373,Compute__Tasks__reserve-capacity.md
01:52:15,https://docs.oracle.com/en-us/iaas/Content/Compute/Tasks/resize-cluster-network.htm,200,10968,Compute__Tasks__resize-cluster-network.md
01:52:17,https://docs.oracle.com/en-us/iaas/Content/Compute/Tasks/resizinginstances.htm,200,18813,Compute__Tasks__resizinginstances.md
01:52:18,https://docs.oracle.com/en-us/iaas/Content/Compute/Tasks/resource-billing-stopped-instances.htm,200,9893,Compute__Tasks__resource-billing-stopped-instances.md
01:52:19,https://docs.oracle.com/en-us/iaas/Content/Compute/Tasks/restartinginstance-reboot-instance.htm,200,11184,Compute__Tasks__restartinginstance-reboot-instance.md
01:52:20,https://docs.oracle.com/en-us/iaas/Content/Compute/Tasks/restartinginstance-start-instance.htm,200,7615,Compute__Tasks__restartinginstance-start-instance.md
01:52:21,https://docs.oracle.com/en-us/iaas/Content/Compute/Tasks/restartinginstance-stop-instance.htm,200,10348,Compute__Tasks__restartinginstance-stop-instance.md
01:52:22,https://docs.oracle.com/en-us/iaas/Content/Compute/Tasks/restartinginstance.htm,200,6321,Compute__Tasks__restartinginstance.md
01:52:23,https://docs.oracle.com/en-us/iaas/Content/Compute/Tasks/restartinginstancepool.htm,200,21689,Compute__Tasks__restartinginstancepool.md
01:52:24,https://docs.oracle.com/en-us/iaas/Content/Compute/Tasks/runningcommands.htm,200,30736,Compute__Tasks__runningcommands.md
01:52:26,https://docs.oracle.com/en-us/iaas/Content/Compute/Tasks/sendingdiagnosticinterrupt.htm,200,21687,Compute__Tasks__sendingdiagnosticinterrupt.md
01:52:27,https://docs.oracle.com/en-us/iaas/Content/Compute/Tasks/terminatinginstance.htm,200,9410,Compute__Tasks__terminatinginstance.md
01:52:28,https://docs.oracle.com/en-us/iaas/Content/Compute/Tasks/transitioning-to-hpc-plugin.htm,200,16489,Compute__Tasks__transitioning-to-hpc-plugin.md
01:52:29,https://docs.oracle.com/en-us/iaas/Content/Compute/Tasks/troubleshooting-out-of-host-capacity.htm,200,6267,Compute__Tasks__troubleshooting-out-of-host-capacity.md
01:52:31,https://docs.oracle.com/en-us/iaas/Content/Compute/Tasks/troubleshooting-ssh-connection.htm,200,38285,Compute__Tasks__troubleshooting-ssh-connection.md
01:52:32,https://docs.oracle.com/en-us/iaas/Content/Compute/Tasks/update-cluster-network-instance-configuration.htm,200,12107,Compute__Tasks__update-cluster-network-instance-configuration.md
01:52:33,https://docs.oracle.com/en-us/iaas/Content/Compute/Tasks/updatinginstanceconfig.htm,200,8543,Compute__Tasks__updatinginstanceconfig.md
01:52:34,https://docs.oracle.com/en-us/iaas/Content/Compute/Tasks/updatinginstancemetada.htm,200,12934,Compute__Tasks__updatinginstancemetada.md
01:52:35,https://docs.oracle.com/en-us/iaas/Content/Compute/Tasks/updatinginstancepool-attaching-an-instance-to-an-instance-pool.htm,200,12450,Compute__Tasks__updatinginstancepool-attaching-an-instance-to-an-instance-pool.md
01:52:36,https://docs.oracle.com/en-us/iaas/Content/Compute/Tasks/updatinginstancepool-detaching-an-instance-from-an-instance-pool.htm,200,10561,Compute__Tasks__updatinginstancepool-detaching-an-instance-from-an-instance-pool.md
01:52:38,https://docs.oracle.com/en-us/iaas/Content/Compute/Tasks/updatinginstancepool-renaming-custom-display-host-names.htm,200,9254,Compute__Tasks__updatinginstancepool-renaming-custom-display-host-names.md
01:52:39,https://docs.oracle.com/en-us/iaas/Content/Compute/Tasks/updatinginstancepool-renaming-pool.htm,200,8165,Compute__Tasks__updatinginstancepool-renaming-pool.md
01:52:40,https://docs.oracle.com/en-us/iaas/Content/Compute/Tasks/updatinginstancepool-updating-instance-configuration.htm,200,9864,Compute__Tasks__updatinginstancepool-updating-instance-configuration.md
01:52:41,https://docs.oracle.com/en-us/iaas/Content/Compute/Tasks/updatinginstancepool-updating-placement.htm,200,11559,Compute__Tasks__updatinginstancepool-updating-placement.md
01:52:42,https://docs.oracle.com/en-us/iaas/Content/Compute/Tasks/updatinginstancepool.htm,200,8885,Compute__Tasks__updatinginstancepool.md
01:52:43,https://docs.oracle.com/en-us/iaas/Content/Compute/Tasks/updatinginstancepool_topic-To_attach_a_load_balancer_to_an_instance_pool.htm,200,11861,Compute__Tasks__updatinginstancepool_topic-To_attach_a_load_balancer_to_an_instance_pool.md
01:52:44,https://docs.oracle.com/en-us/iaas/Content/Compute/Tasks/updatinginstancepool_topic-To_detach_a_load_balancer_from_an_instance_pool.htm,200,9673,Compute__Tasks__updatinginstancepool_topic-To_detach_a_load_balancer_from_an_instance_pool.md
01:52:45,https://docs.oracle.com/en-us/iaas/Content/Compute/Tasks/updatinginstancepool_topic-update-instance-pool-size.htm,200,13326,Compute__Tasks__updatinginstancepool_topic-update-instance-pool-size.md
01:52:46,https://docs.oracle.com/en-us/iaas/Content/Compute/Tasks/updatingiscsidservice.htm,200,15859,Compute__Tasks__updatingiscsidservice.md
01:52:48,https://docs.oracle.com/en-us/iaas/Content/Compute/home.htm,200,14777,Compute__home.md
01:52:49,https://docs.oracle.com/en-us/iaas/Content/Compute/known-issues.htm,200,83980,Compute__known-issues.md
01:52:51,https://docs.oracle.com/en-us/iaas/Content/Compute/tutorials.htm,200,6080,Compute__tutorials.md
01:52:52,https://docs.oracle.com/en-us/iaas/Content/Compute/tutorials/first-linux-instance/overview.htm,200,49857,Compute__tutorials__first-linux-instance__overview.md
01:52:53,https://docs.oracle.com/en-us/iaas/Content/Compute/tutorials/first-windows-instance/overview.htm,200,43082,Compute__tutorials__first-windows-instance__overview.md
01:52:54,https://docs.oracle.com/en-us/iaas/Content/ContEng/Concepts/contengCompatibilitymatrix_topic.htm,200,112115,ContEng__Concepts__contengCompatibilitymatrix_topic.md
01:52:56,https://docs.oracle.com/en-us/iaas/Content/ContEng/Concepts/contengaboutaccesscontrol.htm,200,33394,ContEng__Concepts__contengaboutaccesscontrol.md
01:52:57,https://docs.oracle.com/en-us/iaas/Content/ContEng/Concepts/contengaboutk8sversions.htm,200,60437,ContEng__Concepts__contengaboutk8sversions.md
01:52:58,https://docs.oracle.com/en-us/iaas/Content/ContEng/Concepts/contengaboutupgradingclusters.htm,200,15824,ContEng__Concepts__contengaboutupgradingclusters.md
01:53:00,https://docs.oracle.com/en-us/iaas/Content/ContEng/Concepts/contengaccessingokeresourcesacrosstenancies.htm,200,16922,ContEng__Concepts__contengaccessingokeresourcesacrosstenancies.md
01:53:01,https://docs.oracle.com/en-us/iaas/Content/ContEng/Concepts/contengcidrblocks.htm,200,12704,ContEng__Concepts__contengcidrblocks.md
01:53:01,https://docs.oracle.com/en-us/iaas/Content/ContEng/Concepts/contengclustersnodes.htm,200,38059,ContEng__Concepts__contengclustersnodes.md
01:53:03,https://docs.oracle.com/en-us/iaas/Content/ContEng/Concepts/contengnetworkconfig-virtualnodes.htm,200,37515,ContEng__Concepts__contengnetworkconfig-virtualnodes.md
01:53:04,https://docs.oracle.com/en-us/iaas/Content/ContEng/Concepts/contengnetworkconfig.htm,200,80200,ContEng__Concepts__contengnetworkconfig.md
01:53:07,https://docs.oracle.com/en-us/iaas/Content/ContEng/Concepts/contengnetworkconfigexample.htm,200,209690,ContEng__Concepts__contengnetworkconfigexample.md
01:53:08,https://docs.oracle.com/en-us/iaas/Content/ContEng/Concepts/contengoverview.htm,200,19325,ContEng__Concepts__contengoverview.md
01:53:10,https://docs.oracle.com/en-us/iaas/Content/ContEng/Concepts/contengpodnetworking.htm,200,11031,ContEng__Concepts__contengpodnetworking.md
01:53:11,https://docs.oracle.com/en-us/iaas/Content/ContEng/Concepts/contengpodnetworking_topic-OCI_CNI_plugin.htm,200,27085,ContEng__Concepts__contengpodnetworking_topic-OCI_CNI_plugin.md
01:53:12,https://docs.oracle.com/en-us/iaas/Content/ContEng/Concepts/contengpodnetworking_topic-flannel_CNI_plugin.htm,200,8035,ContEng__Concepts__contengpodnetworking_topic-flannel_CNI_plugin.md
01:53:13,https://docs.oracle.com/en-us/iaas/Content/ContEng/Concepts/contengpolicyconfig.htm,200,41711,ContEng__Concepts__contengpolicyconfig.md
01:53:14,https://docs.oracle.com/en-us/iaas/Content/ContEng/Concepts/contengprerequisites.htm,200,13387,ContEng__Concepts__contengprerequisites.md
01:53:15,https://docs.oracle.com/en-us/iaas/Content/ContEng/Concepts/contengsupportsharedresponsibilities.htm,200,42589,ContEng__Concepts__contengsupportsharedresponsibilities.md
01:53:16,https://docs.oracle.com/en-us/iaas/Content/ContEng/Concepts/contengupgradeoverview.htm,200,19228,ContEng__Concepts__contengupgradeoverview.md
01:53:17,https://docs.oracle.com/en-us/iaas/Content/ContEng/Reference/contengadmissioncontrollers.htm,200,35236,ContEng__Reference__contengadmissioncontrollers.md
01:53:19,https://docs.oracle.com/en-us/iaas/Content/ContEng/Reference/contenggeneratednodenames.htm,200,7370,ContEng__Reference__contenggeneratednodenames.md
01:53:20,https://docs.oracle.com/en-us/iaas/Content/ContEng/Reference/contengimagesshapes.htm,200,32223,ContEng__Reference__contengimagesshapes.md
01:53:21,https://docs.oracle.com/en-us/iaas/Content/ContEng/Reference/contengmetrics.htm,200,25383,ContEng__Reference__contengmetrics.md
01:53:22,https://docs.oracle.com/en-us/iaas/Content/ContEng/Reference/contengsupportedlabelsusecases.htm,200,16660,ContEng__Reference__contengsupportedlabelsusecases.md
01:53:23,https://docs.oracle.com/en-us/iaas/Content/ContEng/Tasks/balance-service-availability-cost-virtual-nodes.htm,200,11030,ContEng__Tasks__balance-service-availability-cost-virtual-nodes.md
01:53:24,https://docs.oracle.com/en-us/iaas/Content/ContEng/Tasks/balance-service-availability-cost.htm,200,11555,ContEng__Tasks__balance-service-availability-cost.md
01:53:25,https://docs.oracle.com/en-us/iaas/Content/ContEng/Tasks/configuration-arguments-amd-gpu-operator.htm,200,27396,ContEng__Tasks__configuration-arguments-amd-gpu-operator.md
01:53:27,https://docs.oracle.com/en-us/iaas/Content/ContEng/Tasks/configuration-arguments-amd-gpu-plugin.htm,200,30493,ContEng__Tasks__configuration-arguments-amd-gpu-plugin.md
01:53:29,https://docs.oracle.com/en-us/iaas/Content/ContEng/Tasks/configuration-arguments-certificate-manager.htm,200,37136,ContEng__Tasks__configuration-arguments-certificate-manager.md
01:53:30,https://docs.oracle.com/en-us/iaas/Content/ContEng/Tasks/configuration-arguments-cluster-autoscaler.htm,200,78644,ContEng__Tasks__configuration-arguments-cluster-autoscaler.md
01:53:32,https://docs.oracle.com/en-us/iaas/Content/ContEng/Tasks/configuration-arguments-coredns.htm,200,20479,ContEng__Tasks__configuration-arguments-coredns.md
01:53:33,https://docs.oracle.com/en-us/iaas/Content/ContEng/Tasks/configuration-arguments-csi-driver-smb.htm,200,17048,ContEng__Tasks__configuration-arguments-csi-driver-smb.md
01:53:33,https://docs.oracle.com/en-us/iaas/Content/ContEng/Tasks/configuration-arguments-db-operator-for-k8s.htm,200,29676,ContEng__Tasks__configuration-arguments-db-operator-for-k8s.md
01:53:35,https://docs.oracle.com/en-us/iaas/Content/ContEng/Tasks/configuration-arguments-flannel.htm,200,16617,ContEng__Tasks__configuration-arguments-flannel.md
01:53:36,https://docs.oracle.com/en-us/iaas/Content/ContEng/Tasks/configuration-arguments-istio.htm,200,42157,ContEng__Tasks__configuration-arguments-istio.md
01:53:37,https://docs.oracle.com/en-us/iaas/Content/ContEng/Tasks/configuration-arguments-k8s-dashboard.htm,200,17293,ContEng__Tasks__configuration-arguments-k8s-dashboard.md
01:53:39,https://docs.oracle.com/en-us/iaas/Content/ContEng/Tasks/configuration-arguments-kube-proxy.htm,200,19908,ContEng__Tasks__configuration-arguments-kube-proxy.md
01:53:40,https://docs.oracle.com/en-us/iaas/Content/ContEng/Tasks/configuration-arguments-metrics-server.htm,200,33727,ContEng__Tasks__configuration-arguments-metrics-server.md
01:53:41,https://docs.oracle.com/en-us/iaas/Content/ContEng/Tasks/configuration-arguments-nic.htm,200,47183,ContEng__Tasks__configuration-arguments-nic.md
01:53:42,https://docs.oracle.com/en-us/iaas/Content/ContEng/Tasks/configuration-arguments-node-feature-discovery-plugin.htm,200,39584,ContEng__Tasks__configuration-arguments-node-feature-discovery-plugin.md
01:53:44,https://docs.oracle.com/en-us/iaas/Content/ContEng/Tasks/configuration-arguments-nodeproblemdetector.htm,200,16279,ContEng__Tasks__configuration-arguments-nodeproblemdetector.md
01:53:46,https://docs.oracle.com/en-us/iaas/Content/ContEng/Tasks/configuration-arguments-nvidia-gpu-operator.htm,200,71045,ContEng__Tasks__configuration-arguments-nvidia-gpu-operator.md
01:53:48,https://docs.oracle.com/en-us/iaas/Content/ContEng/Tasks/configuration-arguments-nvidia-gpu-plugin.htm,200,40514,ContEng__Tasks__configuration-arguments-nvidia-gpu-plugin.md
01:53:49,https://docs.oracle.com/en-us/iaas/Content/ContEng/Tasks/configuration-arguments-nvidia-network-operator.htm,200,59594,ContEng__Tasks__configuration-arguments-nvidia-network-operator.md
01:53:50,https://docs.oracle.com/en-us/iaas/Content/ContEng/Tasks/configuration-arguments-observabilityagent.htm,200,17541,ContEng__Tasks__configuration-arguments-observabilityagent.md
01:53:51,https://docs.oracle.com/en-us/iaas/Content/ContEng/Tasks/configuration-arguments-tiller.htm,200,17027,ContEng__Tasks__configuration-arguments-tiller.md
01:53:53,https://docs.oracle.com/en-us/iaas/Content/ContEng/Tasks/configuration-arguments-vcn-native-podnetworking.htm,200,16816,ContEng__Tasks__configuration-arguments-vcn-native-podnetworking.md
01:53:54,https://docs.oracle.com/en-us/iaas/Content/ContEng/Tasks/configuration-arguments-weblogic-k8s-operator.htm,200,32601,ContEng__Tasks__configuration-arguments-weblogic-k8s-operator.md
01:53:55,https://docs.oracle.com/en-us/iaas/Content/ContEng/Tasks/conteng-kpo.htm,200,185989,ContEng__Tasks__conteng-kpo.md
01:53:56,https://docs.oracle.com/en-us/iaas/Content/ContEng/Tasks/conteng-using-istio.htm,200,11326,ContEng__Tasks__conteng-using-istio.md
01:53:57,https://docs.oracle.com/en-us/iaas/Content/ContEng/Tasks/contengAttaching_Multiple_VNICs.htm,200,45973,ContEng__Tasks__contengAttaching_Multiple_VNICs.md
01:53:59,https://docs.oracle.com/en-us/iaas/Content/ContEng/Tasks/contengOpenIDConnect-Authentication.htm,200,38212,ContEng__Tasks__contengOpenIDConnect-Authentication.md
01:54:00,https://docs.oracle.com/en-us/iaas/Content/ContEng/Tasks/contengOpenIDConnect-Discovery.htm,200,33016,ContEng__Tasks__contengOpenIDConnect-Discovery.md
01:54:01,https://docs.oracle.com/en-us/iaas/Content/ContEng/Tasks/conteng_ipv4-and-ipv6.htm,200,41210,ContEng__Tasks__conteng_ipv4-and-ipv6.md
01:54:02,https://docs.oracle.com/en-us/iaas/Content/ContEng/Tasks/conteng_using-service-mesh-products.htm,200,7143,ContEng__Tasks__conteng_using-service-mesh-products.md
01:54:03,https://docs.oracle.com/en-us/iaas/Content/ContEng/Tasks/contengaccessingclusterkubectl.htm,200,12641,ContEng__Tasks__contengaccessingclusterkubectl.md
01:54:04,https://docs.oracle.com/en-us/iaas/Content/ContEng/Tasks/contengaccessingclusterusingheadlamp.htm,200,21022,ContEng__Tasks__contengaccessingclusterusingheadlamp.md
01:54:05,https://docs.oracle.com/en-us/iaas/Content/ContEng/Tasks/contengaccessingpodsonvirtualnodesusingkubectlproxy.htm,200,9257,ContEng__Tasks__contengaccessingpodsonvirtualnodesusingkubectlproxy.md
01:54:06,https://docs.oracle.com/en-us/iaas/Content/ContEng/Tasks/contengaddingnodepools_topic.htm,200,45620,ContEng__Tasks__contengaddingnodepools_topic.md
01:54:07,https://docs.oracle.com/en-us/iaas/Content/ContEng/Tasks/contengaddingosok.htm,200,13726,ContEng__Tasks__contengaddingosok.md
01:54:09,https://docs.oracle.com/en-us/iaas/Content/ContEng/Tasks/contengaddingserviceaccttoken.htm,200,17052,ContEng__Tasks__contengaddingserviceaccttoken.md
01:54:10,https://docs.oracle.com/en-us/iaas/Content/ContEng/Tasks/contengaddingservicebrokers.htm,200,12086,ContEng__Tasks__contengaddingservicebrokers.md
01:54:11,https://docs.oracle.com/en-us/iaas/Content/ContEng/Tasks/contengaddonmanagement_topic.htm,200,6576,ContEng__Tasks__contengaddonmanagement_topic.md
01:54:12,https://docs.oracle.com/en-us/iaas/Content/ContEng/Tasks/contengautoscalingclusters.htm,200,10192,ContEng__Tasks__contengautoscalingclusters.md
01:54:14,https://docs.oracle.com/en-us/iaas/Content/ContEng/Tasks/contengbestpractices_topic-Autoscaler-best-practices.htm,200,20727,ContEng__Tasks__contengbestpractices_topic-Autoscaler-best-practices.md
01:54:15,https://docs.oracle.com/en-us/iaas/Content/ContEng/Tasks/contengbestpractices_topic-Cluster-Management-best-practices.htm,200,32973,ContEng__Tasks__contengbestpractices_topic-Cluster-Management-best-practices.md
01:54:16,https://docs.oracle.com/en-us/iaas/Content/ContEng/Tasks/contengbestpractices_topic-Large-Scale-Clusters-best-practices.htm,200,26936,ContEng__Tasks__contengbestpractices_topic-Large-Scale-Clusters-best-practices.md
01:54:17,https://docs.oracle.com/en-us/iaas/Content/ContEng/Tasks/contengbestpractices_topic-Multi-Tenancy-best-practices.htm,200,18373,ContEng__Tasks__contengbestpractices_topic-Multi-Tenancy-best-practices.md
01:54:18,https://docs.oracle.com/en-us/iaas/Content/ContEng/Tasks/contengbestpractices_topic-Networking-best-practices.htm,200,35557,ContEng__Tasks__contengbestpractices_topic-Networking-best-practices.md
01:54:18,https://docs.oracle.com/en-us/iaas/Content/ContEng/Tasks/contengbestpractices_topic-Security-best-practices.htm,200,31217,ContEng__Tasks__contengbestpractices_topic-Security-best-practices.md
01:54:20,https://docs.oracle.com/en-us/iaas/Content/ContEng/Tasks/contengbestpractices_topic-Storage-best-practices.htm,200,19667,ContEng__Tasks__contengbestpractices_topic-Storage-best-practices.md
01:54:21,https://docs.oracle.com/en-us/iaas/Content/ContEng/Tasks/contengbestpractices_topic-Upgrade-best-practices.htm,200,15097,ContEng__Tasks__contengbestpractices_topic-Upgrade-best-practices.md
01:54:22,https://docs.oracle.com/en-us/iaas/Content/ContEng/Tasks/contengbestpractices_topic.htm,200,7633,ContEng__Tasks__contengbestpractices_topic.md
01:54:24,https://docs.oracle.com/en-us/iaas/Content/ContEng/Tasks/contengchangevirtualnodepoolpodshape.htm,200,7280,ContEng__Tasks__contengchangevirtualnodepoolpodshape.md
01:54:25,https://docs.oracle.com/en-us/iaas/Content/ContEng/Tasks/contengcloudinitforselfmanagednodes.htm,200,11590,ContEng__Tasks__contengcloudinitforselfmanagednodes.md
01:54:26,https://docs.oracle.com/en-us/iaas/Content/ContEng/Tasks/contengclustermanagement_topic.htm,200,6544,ContEng__Tasks__contengclustermanagement_topic.md
01:54:27,https://docs.oracle.com/en-us/iaas/Content/ContEng/Tasks/contengcomparingenhancedwithbasicclusters_topic.htm,200,26196,ContEng__Tasks__contengcomparingenhancedwithbasicclusters_topic.md
01:54:28,https://docs.oracle.com/en-us/iaas/Content/ContEng/Tasks/contengcomparingmanagednodeswithvirtualnodes_topic.htm,200,10785,ContEng__Tasks__contengcomparingmanagednodeswithvirtualnodes_topic.md
01:54:29,https://docs.oracle.com/en-us/iaas/Content/ContEng/Tasks/contengcomparingvirtualwithmanagednodes_topic.htm,200,50849,ContEng__Tasks__contengcomparingvirtualwithmanagednodes_topic.md
01:54:31,https://docs.oracle.com/en-us/iaas/Content/ContEng/Tasks/contengconfiguringclusteraddons-configurationarguments.htm,200,12772,ContEng__Tasks__contengconfiguringclusteraddons-configurationarguments.md
01:54:32,https://docs.oracle.com/en-us/iaas/Content/ContEng/Tasks/contengconfiguringclusteraddons-supportedversions.htm,200,24858,ContEng__Tasks__contengconfiguringclusteraddons-supportedversions.md
01:54:33,https://docs.oracle.com/en-us/iaas/Content/ContEng/Tasks/contengconfiguringclusteraddons.htm,200,7646,ContEng__Tasks__contengconfiguringclusteraddons.md
01:54:34,https://docs.oracle.com/en-us/iaas/Content/ContEng/Tasks/contengconfiguringdnsserver.htm,200,20935,ContEng__Tasks__contengconfiguringdnsserver.md
01:54:34,https://docs.oracle.com/en-us/iaas/Content/ContEng/Tasks/contengconfiguringimds.htm,200,12191,ContEng__Tasks__contengconfiguringimds.md
01:54:36,https://docs.oracle.com/en-us/iaas/Content/ContEng/Tasks/contengconfiguringloadbalancersnetworkloadbalancers-subtopic.htm,200,189320,ContEng__Tasks__contengconfiguringloadbalancersnetworkloadbalancers-subtopic.md
01:54:37,https://docs.oracle.com/en-us/iaas/Content/ContEng/Tasks/contengconnectingworkernodesusingssh.htm,200,14239,ContEng__Tasks__contengconnectingworkernodesusingssh.md
01:54:38,https://docs.oracle.com/en-us/iaas/Content/ContEng/Tasks/contengcreatingbasicclusters.htm,200,11580,ContEng__Tasks__contengcreatingbasicclusters.md
01:54:39,https://docs.oracle.com/en-us/iaas/Content/ContEng/Tasks/contengcreatingcgroupv2enabledworkernodes.htm,200,23776,ContEng__Tasks__contengcreatingcgroupv2enabledworkernodes.md
01:54:41,https://docs.oracle.com/en-us/iaas/Content/ContEng/Tasks/contengcreatingclusterusingoke.htm,200,9737,ContEng__Tasks__contengcreatingclusterusingoke.md
01:54:42,https://docs.oracle.com/en-us/iaas/Content/ContEng/Tasks/contengcreatingclusterusingoke_topic-Using_the_Console_to_create_a_Custom_Cluster_with_Explicitly_Defined_Settings.htm,200,65443,ContEng__Tasks__contengcreatingclusterusingoke_topic-Using_the_Console_to_create_a_Custom_Cluster_with_Explicitly_Defined_Settings.md
01:54:43,https://docs.oracle.com/en-us/iaas/Content/ContEng/Tasks/contengcreatingclusterusingoke_topic-Using_the_Console_to_create_a_Quick_Cluster_with_Default_Settings.htm,200,28074,ContEng__Tasks__contengcreatingclusterusingoke_topic-Using_the_Console_to_create_a_Quick_Cluster_with_Default_Settings.md
01:54:44,https://docs.oracle.com/en-us/iaas/Content/ContEng/Tasks/contengcreatingenhancedclusters.htm,200,11828,ContEng__Tasks__contengcreatingenhancedclusters.md
01:54:45,https://docs.oracle.com/en-us/iaas/Content/ContEng/Tasks/contengcreatingloadbalancer.htm,200,10115,ContEng__Tasks__contengcreatingloadbalancer.md
01:54:46,https://docs.oracle.com/en-us/iaas/Content/ContEng/Tasks/contengcreatingloadbalancer_topic-Summaryofannotations.htm,200,52471,ContEng__Tasks__contengcreatingloadbalancer_topic-Summaryofannotations.md
01:54:47,https://docs.oracle.com/en-us/iaas/Content/ContEng/Tasks/contengcreatingloadbalancers-subtopic.htm,200,70390,ContEng__Tasks__contengcreatingloadbalancers-subtopic.md
01:54:49,https://docs.oracle.com/en-us/iaas/Content/ContEng/Tasks/contengcreatingnetworkloadbalancers.htm,200,32438,ContEng__Tasks__contengcreatingnetworkloadbalancers.md
01:54:50,https://docs.oracle.com/en-us/iaas/Content/ContEng/Tasks/contengcreatingpersistentvolumeclaim.htm,200,10146,ContEng__Tasks__contengcreatingpersistentvolumeclaim.md
01:54:51,https://docs.oracle.com/en-us/iaas/Content/ContEng/Tasks/contengcreatingpersistentvolumeclaim_Provisioning_PVCs_on_FSS.htm,200,73538,ContEng__Tasks__contengcreatingpersistentvolumeclaim_Provisioning_PVCs_on_FSS.md
01:54:52,https://docs.oracle.com/en-us/iaas/Content/ContEng/Tasks/contengcreatingpersistentvolumeclaim_Provisioning_PVCs_on_Lustre.htm,200,44295,ContEng__Tasks__contengcreatingpersistentvolumeclaim_Provisioning_PVCs_on_Lustre.md
01:54:54,https://docs.oracle.com/en-us/iaas/Content/ContEng/Tasks/contengcreatingpersistentvolumeclaim_topic-Provisioning_PVCs_on_BV-PV_Migrating-from-FlexVolume.htm,200,48576,ContEng__Tasks__contengcreatingpersistentvolumeclaim_topic-Provisioning_PVCs_on_BV-PV_Migrating-from-FlexVolume.md
01:54:55,https://docs.oracle.com/en-us/iaas/Content/ContEng/Tasks/contengcreatingpersistentvolumeclaim_topic-Provisioning_PVCs_on_BV.htm,200,111538,ContEng__Tasks__contengcreatingpersistentvolumeclaim_topic-Provisioning_PVCs_on_BV.md
01:54:57,https://docs.oracle.com/en-us/iaas/Content/ContEng/Tasks/contengcreatingselfmanagednodes.htm,200,20137,ContEng__Tasks__contengcreatingselfmanagednodes.md
01:54:58,https://docs.oracle.com/en-us/iaas/Content/ContEng/Tasks/contengcreatingubuntubasedworkernodes.htm,200,42778,ContEng__Tasks__contengcreatingubuntubasedworkernodes.md
01:55:00,https://docs.oracle.com/en-us/iaas/Content/ContEng/Tasks/contengcreatingvirtualnodes_topic.htm,200,20577,ContEng__Tasks__contengcreatingvirtualnodes_topic.md
01:55:01,https://docs.oracle.com/en-us/iaas/Content/ContEng/Tasks/contengcreatingvirtualnodesupdatedprops.htm,200,11625,ContEng__Tasks__contengcreatingvirtualnodesupdatedprops.md
01:55:03,https://docs.oracle.com/en-us/iaas/Content/ContEng/Tasks/contengcreatingvirtualnodesupdatedprops_topic-Performing_an_InPlace_Virtual_Node_Update_By_Cycling_an_Existing_Node_Pool.htm,200,12889,ContEng__Tasks__contengcreatingvirtualnodesupdatedprops_topic-Performing_an_InPlace_Virtual_Node_Update_By_Cycling_an_Existing_Node_Pool.md
01:55:04,https://docs.oracle.com/en-us/iaas/Content/ContEng/Tasks/contengcreatingvirtualnodesupdatedprops_topic-Performing_an_InPlace_Virtual_Node_Update_By_Updating_an_Existing_Node_Pool.htm,200,9634,ContEng__Tasks__contengcreatingvirtualnodesupdatedprops_topic-Performing_an_InPlace_Virtual_Node_Update_By_Updating_an_Existing_Node_Pool.md
01:55:05,https://docs.oracle.com/en-us/iaas/Content/ContEng/Tasks/contengcreatingvirtualnodesupdatedprops_topic-Performing_an_OutofPlace_Virtual_Node_Update_by_Replacing_an_Existing_Node_Pool_with_a_New_Node_Pool.htm,200,12482,ContEng__Tasks__contengcreatingvirtualnodesupdatedprops_topic-Performing_an_OutofPlace_Virtual_Node_Update_by_Replacing_an_Existing_Node_Pool_with_a_New_Node_Pool.md
01:55:06,https://docs.oracle.com/en-us/iaas/Content/ContEng/Tasks/contengdeletingcluster.htm,200,6971,ContEng__Tasks__contengdeletingcluster.md
01:55:08,https://docs.oracle.com/en-us/iaas/Content/ContEng/Tasks/contengdeletingworkernodes.htm,200,8604,ContEng__Tasks__contengdeletingworkernodes.md
01:55:09,https://docs.oracle.com/en-us/iaas/Content/ContEng/Tasks/contengdeletingworkernodes_topic-Notes_on_cordon_and_drain.htm,200,19577,ContEng__Tasks__contengdeletingworkernodes_topic-Notes_on_cordon_and_drain.md
01:55:10,https://docs.oracle.com/en-us/iaas/Content/ContEng/Tasks/contengdeployingmetricsserver.htm,200,8509,ContEng__Tasks__contengdeployingmetricsserver.md
01:55:11,https://docs.oracle.com/en-us/iaas/Content/ContEng/Tasks/contengdeployingsamplenginx.htm,200,8213,ContEng__Tasks__contengdeployingsamplenginx.md
01:55:12,https://docs.oracle.com/en-us/iaas/Content/ContEng/Tasks/contengdownloadkubeconfigfile.htm,200,34152,ContEng__Tasks__contengdownloadkubeconfigfile.md
01:55:14,https://docs.oracle.com/en-us/iaas/Content/ContEng/Tasks/contengdynamicgrouppolicyforselfmanagednodes.htm,200,9808,ContEng__Tasks__contengdynamicgrouppolicyforselfmanagednodes.md
01:55:15,https://docs.oracle.com/en-us/iaas/Content/ContEng/Tasks/contengencryptingdata.htm,200,26817,ContEng__Tasks__contengencryptingdata.md
01:55:15,https://docs.oracle.com/en-us/iaas/Content/ContEng/Tasks/contengenforcingsignedimagesfromocir.htm,200,15648,ContEng__Tasks__contengenforcingsignedimagesfromocir.md
01:55:16,https://docs.oracle.com/en-us/iaas/Content/ContEng/Tasks/contengextendingrootpartitionmanually.htm,200,8908,ContEng__Tasks__contengextendingrootpartitionmanually.md
01:55:17,https://docs.oracle.com/en-us/iaas/Content/ContEng/Tasks/contengfaqs.htm,200,11237,ContEng__Tasks__contengfaqs.md
01:55:19,https://docs.oracle.com/en-us/iaas/Content/ContEng/Tasks/contengfullstackdisasterrecovery.htm,200,7109,ContEng__Tasks__contengfullstackdisasterrecovery.md
01:55:20,https://docs.oracle.com/en-us/iaas/Content/ContEng/Tasks/contenggrantingworkloadaccesstoresources.htm,200,41569,ContEng__Tasks__contenggrantingworkloadaccesstoresources.md
01:55:21,https://docs.oracle.com/en-us/iaas/Content/ContEng/Tasks/contengintroducingclusteraddons.htm,200,31605,ContEng__Tasks__contengintroducingclusteraddons.md
01:55:23,https://docs.oracle.com/en-us/iaas/Content/ContEng/Tasks/contengistio-cluster-add-on.htm,200,44962,ContEng__Tasks__contengistio-cluster-add-on.md
01:55:24,https://docs.oracle.com/en-us/iaas/Content/ContEng/Tasks/contengistio-intro-topic.htm,200,109594,ContEng__Tasks__contengistio-intro-topic.md
01:55:25,https://docs.oracle.com/en-us/iaas/Content/ContEng/Tasks/contenglargenodelimitconsiderations.htm,200,10003,ContEng__Tasks__contenglargenodelimitconsiderations.md
01:55:27,https://docs.oracle.com/en-us/iaas/Content/ContEng/Tasks/contengmakingcapacityreservations.htm,200,23967,ContEng__Tasks__contengmakingcapacityreservations.md
01:55:27,https://docs.oracle.com/en-us/iaas/Content/ContEng/Tasks/contengmanagednodemanagement_topic.htm,200,6024,ContEng__Tasks__contengmanagednodemanagement_topic.md
01:55:29,https://docs.oracle.com/en-us/iaas/Content/ContEng/Tasks/contengmanagednodepoolmanagement_topic.htm,200,6682,ContEng__Tasks__contengmanagednodepoolmanagement_topic.md
01:55:30,https://docs.oracle.com/en-us/iaas/Content/ContEng/Tasks/contengmanaggatewaycontrollers.htm,200,8032,ContEng__Tasks__contengmanaggatewaycontrollers.md
01:55:31,https://docs.oracle.com/en-us/iaas/Content/ContEng/Tasks/contengmanagingcapacitytypes.htm,200,9787,ContEng__Tasks__contengmanagingcapacitytypes.md
01:55:32,https://docs.oracle.com/en-us/iaas/Content/ContEng/Tasks/contengmanagingclusters_topic.htm,200,7992,ContEng__Tasks__contengmanagingclusters_topic.md
01:55:33,https://docs.oracle.com/en-us/iaas/Content/ContEng/Tasks/contengmanagingdeployments_topic.htm,200,8418,ContEng__Tasks__contengmanagingdeployments_topic.md
01:55:34,https://docs.oracle.com/en-us/iaas/Content/ContEng/Tasks/contengmanagingresscontrollers.htm,200,7935,ContEng__Tasks__contengmanagingresscontrollers.md
01:55:35,https://docs.oracle.com/en-us/iaas/Content/ContEng/Tasks/contengmanagingsecrets.htm,200,8603,ContEng__Tasks__contengmanagingsecrets.md
01:55:36,https://docs.oracle.com/en-us/iaas/Content/ContEng/Tasks/contengmanagingspecializedhardwaredevices.htm,200,16076,ContEng__Tasks__contengmanagingspecializedhardwaredevices.md
01:55:38,https://docs.oracle.com/en-us/iaas/Content/ContEng/Tasks/contengmigratingclusters.htm,200,35681,ContEng__Tasks__contengmigratingclusters.md
01:55:39,https://docs.oracle.com/en-us/iaas/Content/ContEng/Tasks/contengmigratingsecretstokmsv2.htm,200,25107,ContEng__Tasks__contengmigratingsecretstokmsv2.md
01:55:40,https://docs.oracle.com/en-us/iaas/Content/ContEng/Tasks/contengmodifyingcluster.htm,200,6983,ContEng__Tasks__contengmodifyingcluster.md
01:55:42,https://docs.oracle.com/en-us/iaas/Content/ContEng/Tasks/contengmodifyingnodepool.htm,200,11367,ContEng__Tasks__contengmodifyingnodepool.md
01:55:43,https://docs.oracle.com/en-us/iaas/Content/ContEng/Tasks/contengmodifyingvirtualnodepool.htm,200,6904,ContEng__Tasks__contengmodifyingvirtualnodepool.md
01:55:44,https://docs.oracle.com/en-us/iaas/Content/ContEng/Tasks/contengmonitoringclusters.htm,200,18964,ContEng__Tasks__contengmonitoringclusters.md
01:55:45,https://docs.oracle.com/en-us/iaas/Content/ContEng/Tasks/contengmonitoringoke.htm,200,11784,ContEng__Tasks__contengmonitoringoke.md
01:55:46,https://docs.oracle.com/en-us/iaas/Content/ContEng/Tasks/contengnodemaintenance_topic.htm,200,6682,ContEng__Tasks__contengnodemaintenance_topic.md
01:55:47,https://docs.oracle.com/en-us/iaas/Content/ContEng/Tasks/contengobservingclusters_topic.htm,200,7583,ContEng__Tasks__contengobservingclusters_topic.md
01:55:48,https://docs.oracle.com/en-us/iaas/Content/ContEng/Tasks/contengobservingworkernodeaddonhealth.htm,200,22210,ContEng__Tasks__contengobservingworkernodeaddonhealth.md
01:55:49,https://docs.oracle.com/en-us/iaas/Content/ContEng/Tasks/contengplanningfor20knodes.htm,200,9816,ContEng__Tasks__contengplanningfor20knodes.md
01:55:50,https://docs.oracle.com/en-us/iaas/Content/ContEng/Tasks/contengprereqsforselfmanagednodes.htm,200,10331,ContEng__Tasks__contengprereqsforselfmanagednodes.md
01:55:51,https://docs.oracle.com/en-us/iaas/Content/ContEng/Tasks/contengprotectingclustersfromresourceleaks.htm,200,11701,ContEng__Tasks__contengprotectingclustersfromresourceleaks.md
01:55:53,https://docs.oracle.com/en-us/iaas/Content/ContEng/Tasks/contengpullingimagesfromocir.htm,200,13867,ContEng__Tasks__contengpullingimagesfromocir.md
01:55:54,https://docs.oracle.com/en-us/iaas/Content/ContEng/Tasks/contengremovingnodepools_topic.htm,200,11294,ContEng__Tasks__contengremovingnodepools_topic.md
01:55:56,https://docs.oracle.com/en-us/iaas/Content/ContEng/Tasks/contengrotatingcredentials.htm,200,30647,ContEng__Tasks__contengrotatingcredentials.md
01:55:57,https://docs.oracle.com/en-us/iaas/Content/ContEng/Tasks/contengrunningarmnodes.htm,200,12679,ContEng__Tasks__contengrunningarmnodes.md
01:55:59,https://docs.oracle.com/en-us/iaas/Content/ContEng/Tasks/contengrunninggpunodes.htm,200,14277,ContEng__Tasks__contengrunninggpunodes.md
01:56:00,https://docs.oracle.com/en-us/iaas/Content/ContEng/Tasks/contengscalingclusters.htm,200,6608,ContEng__Tasks__contengscalingclusters.md
01:56:01,https://docs.oracle.com/en-us/iaas/Content/ContEng/Tasks/contengscalingkubernetesclustersnodepools.htm,200,8718,ContEng__Tasks__contengscalingkubernetesclustersnodepools.md
01:56:02,https://docs.oracle.com/en-us/iaas/Content/ContEng/Tasks/contengscalingnodepools.htm,200,13903,ContEng__Tasks__contengscalingnodepools.md
01:56:04,https://docs.oracle.com/en-us/iaas/Content/ContEng/Tasks/contengservice-mesh-intro-topic.htm,200,6132,ContEng__Tasks__contengservice-mesh-intro-topic.md
01:56:05,https://docs.oracle.com/en-us/iaas/Content/ContEng/Tasks/contengsettingupbastion.htm,200,41645,ContEng__Tasks__contengsettingupbastion.md
01:56:06,https://docs.oracle.com/en-us/iaas/Content/ContEng/Tasks/contengsettingupcalico.htm,200,42162,ContEng__Tasks__contengsettingupcalico.md
01:56:07,https://docs.oracle.com/en-us/iaas/Content/ContEng/Tasks/contengsettingupingresscontroller.htm,200,37956,ContEng__Tasks__contengsettingupingresscontroller.md
01:56:08,https://docs.oracle.com/en-us/iaas/Content/ContEng/Tasks/contengsettingupnativeingresscontroller-140migrationnotes.htm,200,11696,ContEng__Tasks__contengsettingupnativeingresscontroller-140migrationnotes.md
01:56:09,https://docs.oracle.com/en-us/iaas/Content/ContEng/Tasks/contengsettingupnativeingresscontroller-addon-highlevelsteps.htm,200,11657,ContEng__Tasks__contengsettingupnativeingresscontroller-addon-highlevelsteps.md
01:56:10,https://docs.oracle.com/en-us/iaas/Content/ContEng/Tasks/contengsettingupnativeingresscontroller-addon-installing-creating-resources.htm,200,23055,ContEng__Tasks__contengsettingupnativeingresscontroller-addon-installing-creating-resources.md
01:56:12,https://docs.oracle.com/en-us/iaas/Content/ContEng/Tasks/contengsettingupnativeingresscontroller-addon-prereqs.htm,200,42735,ContEng__Tasks__contengsettingupnativeingresscontroller-addon-prereqs.md
01:56:13,https://docs.oracle.com/en-us/iaas/Content/ContEng/Tasks/contengsettingupnativeingresscontroller-cluster-addon-top-level.htm,200,8968,ContEng__Tasks__contengsettingupnativeingresscontroller-cluster-addon-top-level.md
01:56:16,https://docs.oracle.com/en-us/iaas/Content/ContEng/Tasks/contengsettingupnativeingresscontroller-configuring.htm,200,135539,ContEng__Tasks__contengsettingupnativeingresscontroller-configuring.md
01:56:17,https://docs.oracle.com/en-us/iaas/Content/ContEng/Tasks/contengsettingupnativeingresscontroller-createresources.htm,200,16281,ContEng__Tasks__contengsettingupnativeingresscontroller-createresources.md
01:56:18,https://docs.oracle.com/en-us/iaas/Content/ContEng/Tasks/contengsettingupnativeingresscontroller-highlevelsteps.htm,200,11743,ContEng__Tasks__contengsettingupnativeingresscontroller-highlevelsteps.md
01:56:20,https://docs.oracle.com/en-us/iaas/Content/ContEng/Tasks/contengsettingupnativeingresscontroller-installing-creating-resources.htm,200,12435,ContEng__Tasks__contengsettingupnativeingresscontroller-installing-creating-resources.md
01:56:21,https://docs.oracle.com/en-us/iaas/Content/ContEng/Tasks/contengsettingupnativeingresscontroller-prereqs.htm,200,51626,ContEng__Tasks__contengsettingupnativeingresscontroller-prereqs.md
01:56:22,https://docs.oracle.com/en-us/iaas/Content/ContEng/Tasks/contengsettingupnativeingresscontroller-standalone-top-level.htm,200,8946,ContEng__Tasks__contengsettingupnativeingresscontroller-standalone-top-level.md
01:56:23,https://docs.oracle.com/en-us/iaas/Content/ContEng/Tasks/contengsettingupnativeingresscontroller-troubleshooting.htm,200,7930,ContEng__Tasks__contengsettingupnativeingresscontroller-troubleshooting.md
01:56:24,https://docs.oracle.com/en-us/iaas/Content/ContEng/Tasks/contengsettingupnativeingresscontroller.htm,200,11475,ContEng__Tasks__contengsettingupnativeingresscontroller.md
01:56:26,https://docs.oracle.com/en-us/iaas/Content/ContEng/Tasks/contengsharinggpusonworkernodes.htm,200,23080,ContEng__Tasks__contengsharinggpusonworkernodes.md
01:56:26,https://docs.oracle.com/en-us/iaas/Content/ContEng/Tasks/contengstartingk8sdashboard.htm,200,18919,ContEng__Tasks__contengstartingk8sdashboard.md
01:56:28,https://docs.oracle.com/en-us/iaas/Content/ContEng/Tasks/contengtaggingclusterresources.htm,200,8456,ContEng__Tasks__contengtaggingclusterresources.md
01:56:29,https://docs.oracle.com/en-us/iaas/Content/ContEng/Tasks/contengtaggingclusterresources_iam-tag-namespace-policy.htm,200,7006,ContEng__Tasks__contengtaggingclusterresources_iam-tag-namespace-policy.md
01:56:30,https://docs.oracle.com/en-us/iaas/Content/ContEng/Tasks/contengtaggingclusterresources_managing-access-using-tags.htm,200,10347,ContEng__Tasks__contengtaggingclusterresources_managing-access-using-tags.md
01:56:31,https://docs.oracle.com/en-us/iaas/Content/ContEng/Tasks/contengtaggingclusterresources_retired-tags.htm,200,6976,ContEng__Tasks__contengtaggingclusterresources_retired-tags.md
01:56:32,https://docs.oracle.com/en-us/iaas/Content/ContEng/Tasks/contengtaggingclusterresources_summary-tagging-concepts.htm,200,9892,ContEng__Tasks__contengtaggingclusterresources_summary-tagging-concepts.md
01:56:33,https://docs.oracle.com/en-us/iaas/Content/ContEng/Tasks/contengtaggingclusterresources_tagging-oke-resources.htm,200,8368,ContEng__Tasks__contengtaggingclusterresources_tagging-oke-resources.md
01:56:34,https://docs.oracle.com/en-us/iaas/Content/ContEng/Tasks/contengtaggingclusterresources_tagging-oke-resources_block-volume-tags.htm,200,17774,ContEng__Tasks__contengtaggingclusterresources_tagging-oke-resources_block-volume-tags.md
01:56:35,https://docs.oracle.com/en-us/iaas/Content/ContEng/Tasks/contengtaggingclusterresources_tagging-oke-resources_cluster-tags.htm,200,13283,ContEng__Tasks__contengtaggingclusterresources_tagging-oke-resources_cluster-tags.md
01:56:36,https://docs.oracle.com/en-us/iaas/Content/ContEng/Tasks/contengtaggingclusterresources_tagging-oke-resources_load-balancer-tags.htm,200,18765,ContEng__Tasks__contengtaggingclusterresources_tagging-oke-resources_load-balancer-tags.md
01:56:37,https://docs.oracle.com/en-us/iaas/Content/ContEng/Tasks/contengtaggingclusterresources_tagging-oke-resources_node-pool-tags.htm,200,15460,ContEng__Tasks__contengtaggingclusterresources_tagging-oke-resources_node-pool-tags.md
01:56:39,https://docs.oracle.com/en-us/iaas/Content/ContEng/Tasks/contengtaggingclusterresources_tagging-oke-resources_node-tags.htm,200,16250,ContEng__Tasks__contengtaggingclusterresources_tagging-oke-resources_node-tags.md
01:56:40,https://docs.oracle.com/en-us/iaas/Content/ContEng/Tasks/contengtroubleshooting.htm,200,6959,ContEng__Tasks__contengtroubleshooting.md
01:56:41,https://docs.oracle.com/en-us/iaas/Content/ContEng/Tasks/contengtroubleshooting_topic-network_troubleshooting.htm,200,25589,ContEng__Tasks__contengtroubleshooting_topic-network_troubleshooting.md
01:56:42,https://docs.oracle.com/en-us/iaas/Content/ContEng/Tasks/contengtroubleshooting_topic-node_issues.htm,200,18443,ContEng__Tasks__contengtroubleshooting_topic-node_issues.md
01:56:43,https://docs.oracle.com/en-us/iaas/Content/ContEng/Tasks/contengtroubleshooting_topic-node_troubleshooting.htm,200,26844,ContEng__Tasks__contengtroubleshooting_topic-node_troubleshooting.md
01:56:44,https://docs.oracle.com/en-us/iaas/Content/ContEng/Tasks/contengupgradingbasicclusterstoenhanced.htm,200,9369,ContEng__Tasks__contengupgradingbasicclusterstoenhanced.md
01:56:45,https://docs.oracle.com/en-us/iaas/Content/ContEng/Tasks/contengupgradingclusters_topic.htm,200,6490,ContEng__Tasks__contengupgradingclusters_topic.md
01:56:46,https://docs.oracle.com/en-us/iaas/Content/ContEng/Tasks/contengupgradingimageworkernode.htm,200,12352,ContEng__Tasks__contengupgradingimageworkernode.md
01:56:48,https://docs.oracle.com/en-us/iaas/Content/ContEng/Tasks/contengupgradingimageworkernode_Rolling-Back.htm,200,22997,ContEng__Tasks__contengupgradingimageworkernode_Rolling-Back.md
01:56:49,https://docs.oracle.com/en-us/iaas/Content/ContEng/Tasks/contengupgradingimageworkernode_topic-InPlace_Worker_Node_Update_By_Cycling_and_Replacing_Boot_Volumes.htm,200,18731,ContEng__Tasks__contengupgradingimageworkernode_topic-InPlace_Worker_Node_Update_By_Cycling_and_Replacing_Boot_Volumes.md
01:56:50,https://docs.oracle.com/en-us/iaas/Content/ContEng/Tasks/contengupgradingimageworkernode_topic-InPlace_Worker_Node_Update_By_Cycling_and_Replacing_Nodes.htm,200,17473,ContEng__Tasks__contengupgradingimageworkernode_topic-InPlace_Worker_Node_Update_By_Cycling_and_Replacing_Nodes.md
01:56:52,https://docs.oracle.com/en-us/iaas/Content/ContEng/Tasks/contengupgradingimageworkernode_topic-InPlace_Worker_Node_Upgrade_By_Cycling_and_Replacing_Boot_Volumes.htm,200,17270,ContEng__Tasks__contengupgradingimageworkernode_topic-InPlace_Worker_Node_Upgrade_By_Cycling_and_Replacing_Boot_Volumes.md
01:56:53,https://docs.oracle.com/en-us/iaas/Content/ContEng/Tasks/contengupgradingimageworkernode_topic-InPlace_Worker_Node_Upgrade_By_Cycling_and_Replacing_Nodes.htm,200,18394,ContEng__Tasks__contengupgradingimageworkernode_topic-InPlace_Worker_Node_Upgrade_By_Cycling_and_Replacing_Nodes.md
01:56:54,https://docs.oracle.com/en-us/iaas/Content/ContEng/Tasks/contengupgradingimageworkernode_topic-Performing_an_InPlace_Worker_Node_Update_By_Cycling_an_Existing_Node_Pool.htm,200,8505,ContEng__Tasks__contengupgradingimageworkernode_topic-Performing_an_InPlace_Worker_Node_Update_By_Cycling_an_Existing_Node_Pool.md
01:56:54,https://docs.oracle.com/en-us/iaas/Content/ContEng/Tasks/contengupgradingimageworkernode_topic-Performing_an_InPlace_Worker_Node_Update_By_Updating_an_Existing_Node_Pool.htm,200,12731,ContEng__Tasks__contengupgradingimageworkernode_topic-Performing_an_InPlace_Worker_Node_Update_By_Updating_an_Existing_Node_Pool.md
01:56:56,https://docs.oracle.com/en-us/iaas/Content/ContEng/Tasks/contengupgradingimageworkernode_topic-Performing_an_OutofPlace_Worker_Node_Update_by_Replacing_an_Existing_Node_Pool_with_a_New_Node_Pool.htm,200,14607,ContEng__Tasks__contengupgradingimageworkernode_topic-Performing_an_OutofPlace_Worker_Node_Update_by_Replacing_an_Existing_Node_Pool_with_a_New_Node_Pool.md
01:56:57,https://docs.oracle.com/en-us/iaas/Content/ContEng/Tasks/contengupgradingk8smasternode.htm,200,14020,ContEng__Tasks__contengupgradingk8smasternode.md
01:56:58,https://docs.oracle.com/en-us/iaas/Content/ContEng/Tasks/contengupgradingk8sworkernode.htm,200,11498,ContEng__Tasks__contengupgradingk8sworkernode.md
01:56:59,https://docs.oracle.com/en-us/iaas/Content/ContEng/Tasks/contengupgradingk8sworkernode_topic-Performing_an_InPlace_Worker_Node_Upgrade_by_Cycling_an_Existing_Node_Pool.htm,200,9047,ContEng__Tasks__contengupgradingk8sworkernode_topic-Performing_an_InPlace_Worker_Node_Upgrade_by_Cycling_an_Existing_Node_Pool.md
01:57:00,https://docs.oracle.com/en-us/iaas/Content/ContEng/Tasks/contengupgradingk8sworkernode_topic-Performing_an_InPlace_Worker_Node_Upgrade_by_Updating_an_Existing_Node_Pool.htm,200,16008,ContEng__Tasks__contengupgradingk8sworkernode_topic-Performing_an_InPlace_Worker_Node_Upgrade_by_Updating_an_Existing_Node_Pool.md
01:57:02,https://docs.oracle.com/en-us/iaas/Content/ContEng/Tasks/contengupgradingk8sworkernode_topic-Performing_an_OutofPlace_Worker_Node_Upgrade_by_Replacing_an_Existing_Node_Pool_with_a_New_Node_Pool.htm,200,15606,ContEng__Tasks__contengupgradingk8sworkernode_topic-Performing_an_OutofPlace_Worker_Node_Upgrade_by_Replacing_an_Existing_Node_Pool_with_a_New_Node_Pool.md
01:57:03,https://docs.oracle.com/en-us/iaas/Content/ContEng/Tasks/contengupgradingk8sworkernode_topic-Upgrading_managed_nodes_to_k8s_135.htm,200,19026,ContEng__Tasks__contengupgradingk8sworkernode_topic-Upgrading_managed_nodes_to_k8s_135.md
01:57:04,https://docs.oracle.com/en-us/iaas/Content/ContEng/Tasks/contengupgradingselfmanagednodes.htm,200,13442,ContEng__Tasks__contengupgradingselfmanagednodes.md
01:57:05,https://docs.oracle.com/en-us/iaas/Content/ContEng/Tasks/contengupgradingvirtualnodes.htm,200,8776,ContEng__Tasks__contengupgradingvirtualnodes.md
01:57:06,https://docs.oracle.com/en-us/iaas/Content/ContEng/Tasks/contengupgradingworkernodes.htm,200,8709,ContEng__Tasks__contengupgradingworkernodes.md
01:57:07,https://docs.oracle.com/en-us/iaas/Content/ContEng/Tasks/contengusingadmissioncontrollers_topic.htm,200,6186,ContEng__Tasks__contengusingadmissioncontrollers_topic.md
01:57:09,https://docs.oracle.com/en-us/iaas/Content/ContEng/Tasks/contengusingclusterautoscaler.htm,200,22572,ContEng__Tasks__contengusingclusterautoscaler.md
01:57:10,https://docs.oracle.com/en-us/iaas/Content/ContEng/Tasks/contengusingclusterautoscaler_topic-Working_with_Cluster_Autoscaler_as_Cluster_Add-on.htm,200,57989,ContEng__Tasks__contengusingclusterautoscaler_topic-Working_with_Cluster_Autoscaler_as_Cluster_Add-on.md
01:57:11,https://docs.oracle.com/en-us/iaas/Content/ContEng/Tasks/contengusingclusterautoscaler_topic-Working_with_the_Cluster_Autoscaler.htm,200,72748,ContEng__Tasks__contengusingclusterautoscaler_topic-Working_with_the_Cluster_Autoscaler.md
01:57:12,https://docs.oracle.com/en-us/iaas/Content/ContEng/Tasks/contengusingcomputeclusters.htm,200,19478,ContEng__Tasks__contengusingcomputeclusters.md
01:57:13,https://docs.oracle.com/en-us/iaas/Content/ContEng/Tasks/contengusingcustomcloudinitscripts.htm,200,34818,ContEng__Tasks__contengusingcustomcloudinitscripts.md
01:57:14,https://docs.oracle.com/en-us/iaas/Content/ContEng/Tasks/contengusinghorizontalpodautoscaler.htm,200,23759,ContEng__Tasks__contengusinghorizontalpodautoscaler.md
01:57:15,https://docs.oracle.com/en-us/iaas/Content/ContEng/Tasks/contengusinghostgroups.htm,200,24649,ContEng__Tasks__contengusinghostgroups.md
01:57:16,https://docs.oracle.com/en-us/iaas/Content/ContEng/Tasks/contengusingpreemptiblecapacity.htm,200,24808,ContEng__Tasks__contengusingpreemptiblecapacity.md
01:57:17,https://docs.oracle.com/en-us/iaas/Content/ContEng/Tasks/contengusingpspswithoke.htm,200,27226,ContEng__Tasks__contengusingpspswithoke.md
01:57:18,https://docs.oracle.com/en-us/iaas/Content/ContEng/Tasks/contengusingverticalpodautoscaler.htm,200,27196,ContEng__Tasks__contengusingverticalpodautoscaler.md
01:57:19,https://docs.oracle.com/en-us/iaas/Content/ContEng/Tasks/contengusingzpr.htm,200,55531,ContEng__Tasks__contengusingzpr.md
01:57:20,https://docs.oracle.com/en-us/iaas/Content/ContEng/Tasks/contengviewingapplicationlogs-virtualnodes.htm,200,12172,ContEng__Tasks__contengviewingapplicationlogs-virtualnodes.md
01:57:21,https://docs.oracle.com/en-us/iaas/Content/ContEng/Tasks/contengviewingservicelogs.htm,200,15253,ContEng__Tasks__contengviewingservicelogs.md
01:57:23,https://docs.oracle.com/en-us/iaas/Content/ContEng/Tasks/contengviewingworkernodelogs.htm,200,19195,ContEng__Tasks__contengviewingworkernodelogs.md
01:57:24,https://docs.oracle.com/en-us/iaas/Content/ContEng/Tasks/contengviewingworkrequests.htm,200,20940,ContEng__Tasks__contengviewingworkrequests.md
01:57:25,https://docs.oracle.com/en-us/iaas/Content/ContEng/Tasks/contengvirtualnodemanagement_topic.htm,200,6210,ContEng__Tasks__contengvirtualnodemanagement_topic.md
01:57:26,https://docs.oracle.com/en-us/iaas/Content/ContEng/Tasks/contengvirtualnodepodresourceallocation.htm,200,9381,ContEng__Tasks__contengvirtualnodepodresourceallocation.md
01:57:27,https://docs.oracle.com/en-us/iaas/Content/ContEng/Tasks/contengvirtualnodepoolmanagement_topic.htm,200,6676,ContEng__Tasks__contengvirtualnodepoolmanagement_topic.md
01:57:29,https://docs.oracle.com/en-us/iaas/Content/ContEng/Tasks/contengvirtualnodes-Required_IAM_Policies.htm,200,6930,ContEng__Tasks__contengvirtualnodes-Required_IAM_Policies.md
01:57:30,https://docs.oracle.com/en-us/iaas/Content/ContEng/Tasks/contengworkingwithenhancedclusters.htm,200,12802,ContEng__Tasks__contengworkingwithenhancedclusters.md
01:57:31,https://docs.oracle.com/en-us/iaas/Content/ContEng/Tasks/contengworkingwithenvoygatewayforgatewayapi.htm,200,19325,ContEng__Tasks__contengworkingwithenvoygatewayforgatewayapi.md
01:57:32,https://docs.oracle.com/en-us/iaas/Content/ContEng/Tasks/contengworkingwithistioaddonforgatewayapi.htm,200,20145,ContEng__Tasks__contengworkingwithistioaddonforgatewayapi.md
01:57:34,https://docs.oracle.com/en-us/iaas/Content/ContEng/Tasks/contengworkingwithmanagednodes.htm,200,6486,ContEng__Tasks__contengworkingwithmanagednodes.md
01:57:35,https://docs.oracle.com/en-us/iaas/Content/ContEng/Tasks/contengworkingwithmetricsserver_cluster-add-on.htm,200,22110,ContEng__Tasks__contengworkingwithmetricsserver_cluster-add-on.md
01:57:37,https://docs.oracle.com/en-us/iaas/Content/ContEng/Tasks/contengworkingwithmetricsserver_standalone.htm,200,10378,ContEng__Tasks__contengworkingwithmetricsserver_standalone.md
01:57:38,https://docs.oracle.com/en-us/iaas/Content/ContEng/Tasks/contengworkingwithselfmanagednodes.htm,200,20098,ContEng__Tasks__contengworkingwithselfmanagednodes.md
01:57:39,https://docs.oracle.com/en-us/iaas/Content/ContEng/Tasks/contengworkingwithspecializednodeshardware.htm,200,7198,ContEng__Tasks__contengworkingwithspecializednodeshardware.md
01:57:40,https://docs.oracle.com/en-us/iaas/Content/ContEng/Tasks/contengworkingwithvirtualnodes.htm,200,7672,ContEng__Tasks__contengworkingwithvirtualnodes.md
01:57:42,https://docs.oracle.com/en-us/iaas/Content/ContEng/Tasks/create-cluster.htm,200,13824,ContEng__Tasks__create-cluster.md
01:57:43,https://docs.oracle.com/en-us/iaas/Content/ContEng/Tasks/create-node-pool.htm,200,8623,ContEng__Tasks__create-node-pool.md
01:57:44,https://docs.oracle.com/en-us/iaas/Content/ContEng/Tasks/create-virtual-node-pool.htm,200,9988,ContEng__Tasks__create-virtual-node-pool.md
01:57:45,https://docs.oracle.com/en-us/iaas/Content/ContEng/Tasks/create-virtual-node.htm,200,5981,ContEng__Tasks__create-virtual-node.md
01:57:46,https://docs.oracle.com/en-us/iaas/Content/ContEng/Tasks/delete-cluster.htm,200,7966,ContEng__Tasks__delete-cluster.md
01:57:47,https://docs.oracle.com/en-us/iaas/Content/ContEng/Tasks/delete-node-pool.htm,200,10779,ContEng__Tasks__delete-node-pool.md
01:57:48,https://docs.oracle.com/en-us/iaas/Content/ContEng/Tasks/delete-virtual-node-pool.htm,200,10921,ContEng__Tasks__delete-virtual-node-pool.md
01:57:49,https://docs.oracle.com/en-us/iaas/Content/ContEng/Tasks/delete-worker-node.htm,200,11847,ContEng__Tasks__delete-worker-node.md
01:57:50,https://docs.oracle.com/en-us/iaas/Content/ContEng/Tasks/disable-add-on.htm,200,10312,ContEng__Tasks__disable-add-on.md
01:57:51,https://docs.oracle.com/en-us/iaas/Content/ContEng/Tasks/get-add-on.htm,200,8722,ContEng__Tasks__get-add-on.md
01:57:53,https://docs.oracle.com/en-us/iaas/Content/ContEng/Tasks/get-cluster.htm,200,7412,ContEng__Tasks__get-cluster.md
01:57:54,https://docs.oracle.com/en-us/iaas/Content/ContEng/Tasks/get-node-pool.htm,200,7848,ContEng__Tasks__get-node-pool.md
01:57:55,https://docs.oracle.com/en-us/iaas/Content/ContEng/Tasks/get-virtual-node-pool.htm,200,8246,ContEng__Tasks__get-virtual-node-pool.md
01:57:57,https://docs.oracle.com/en-us/iaas/Content/ContEng/Tasks/get-virtual-node.htm,200,8113,ContEng__Tasks__get-virtual-node.md
01:57:58,https://docs.oracle.com/en-us/iaas/Content/ContEng/Tasks/get-worker-node.htm,200,7929,ContEng__Tasks__get-worker-node.md
01:57:59,https://docs.oracle.com/en-us/iaas/Content/ContEng/Tasks/install-add-on.htm,200,17697,ContEng__Tasks__install-add-on.md
01:58:00,https://docs.oracle.com/en-us/iaas/Content/ContEng/Tasks/list-add-ons.htm,200,10049,ContEng__Tasks__list-add-ons.md
01:58:01,https://docs.oracle.com/en-us/iaas/Content/ContEng/Tasks/list-clusters.htm,200,8347,ContEng__Tasks__list-clusters.md
01:58:02,https://docs.oracle.com/en-us/iaas/Content/ContEng/Tasks/list-node-pools.htm,200,7805,ContEng__Tasks__list-node-pools.md
01:58:03,https://docs.oracle.com/en-us/iaas/Content/ContEng/Tasks/list-virtual-node-pools.htm,200,8073,ContEng__Tasks__list-virtual-node-pools.md
01:58:04,https://docs.oracle.com/en-us/iaas/Content/ContEng/Tasks/list-virtual-nodes.htm,200,8332,ContEng__Tasks__list-virtual-nodes.md
01:58:06,https://docs.oracle.com/en-us/iaas/Content/ContEng/Tasks/reboot-worker-node-top.htm,200,23268,ContEng__Tasks__reboot-worker-node-top.md
01:58:07,https://docs.oracle.com/en-us/iaas/Content/ContEng/Tasks/replace-boot-volume-worker-node-top.htm,200,46383,ContEng__Tasks__replace-boot-volume-worker-node-top.md
01:58:07,https://docs.oracle.com/en-us/iaas/Content/ContEng/Tasks/replace-worker-node-top.htm,200,25096,ContEng__Tasks__replace-worker-node-top.md
01:58:09,https://docs.oracle.com/en-us/iaas/Content/ContEng/Tasks/update-add-on.htm,200,11467,ContEng__Tasks__update-add-on.md
01:58:10,https://docs.oracle.com/en-us/iaas/Content/ContEng/Tasks/update-cluster.htm,200,18392,ContEng__Tasks__update-cluster.md
01:58:11,https://docs.oracle.com/en-us/iaas/Content/ContEng/Tasks/update-node-pool.htm,200,37641,ContEng__Tasks__update-node-pool.md
01:58:12,https://docs.oracle.com/en-us/iaas/Content/ContEng/Tasks/update-virtual-node-pool.htm,200,16625,ContEng__Tasks__update-virtual-node-pool.md
01:58:13,https://docs.oracle.com/en-us/iaas/Content/ContEng/home.htm,200,19983,ContEng__home.md
01:58:14,https://docs.oracle.com/en-us/iaas/Content/ContEng/known-issues/conteng-known-issues.htm,200,97772,ContEng__known-issues__conteng-known-issues.md
01:58:16,https://docs.oracle.com/en-us/iaas/Content/Database/Concepts/maxavailarch.htm,200,6574,Content__Database__Concepts__maxavailarch.md
01:58:17,https://docs.oracle.com/en-us/iaas/Content/Database/Concepts/security_zones_topic-database_service_integration_overview.htm,200,9215,Content__Database__Concepts__security_zones_topic-database_service_integration_overview.md
01:58:19,https://docs.oracle.com/en-us/iaas/Content/Database/Tasks/migrating.htm,200,7423,Content__Database__Tasks__migrating.md
01:58:20,https://docs.oracle.com/en-us/iaas/Content/Database/home.htm,200,13224,Content__Database__home.md
01:58:21,https://docs.oracle.com/en-us/iaas/Content/General/serviceessentials.htm,200,11680,Content__General__serviceessentials.md
01:58:22,https://docs.oracle.com/en-us/iaas/Content/Security/Concepts/security.htm,200,9217,Content__Security__Concepts__security.md
01:58:23,https://docs.oracle.com/en-us/iaas/Content/dedicated/home.htm,200,5985,Content__dedicated__home.md
01:58:25,https://docs.oracle.com/en-us/iaas/Content/devtoolshome.htm,200,16114,Content__devtoolshome.md
01:58:26,https://docs.oracle.com/en-us/iaas/Content/gov-cloud/govlanding.htm,200,5976,Content__gov-cloud__govlanding.md
01:58:28,https://docs.oracle.com/en-us/iaas/Content/libraries/glossary/glossary-intro.htm,200,162512,Content__libraries__glossary__glossary-intro.md
01:58:29,https://docs.oracle.com/en-us/iaas/Content/services.htm,200,6630,Content__services.md
01:58:30,https://docs.oracle.com/en-us/iaas/Content/DNS/Concepts/dangling-dns-delegation.htm,200,8749,DNS__Concepts__dangling-dns-delegation.md
01:58:31,https://docs.oracle.com/en-us/iaas/Content/DNS/Concepts/dnssec.htm,200,23010,DNS__Concepts__dnssec.md
01:58:33,https://docs.oracle.com/en-us/iaas/Content/DNS/Concepts/dnszonemanagement.htm,200,23828,DNS__Concepts__dnszonemanagement.md
01:58:34,https://docs.oracle.com/en-us/iaas/Content/DNS/Concepts/gettingstarted.htm,200,9859,DNS__Concepts__gettingstarted.md
01:58:35,https://docs.oracle.com/en-us/iaas/Content/DNS/Concepts/gettingstarted_topic-Creating_a_Zone.htm,200,15492,DNS__Concepts__gettingstarted_topic-Creating_a_Zone.md
01:58:36,https://docs.oracle.com/en-us/iaas/Content/DNS/Concepts/gettingstarted_topic-Delegating_Your_Zone.htm,200,10840,DNS__Concepts__gettingstarted_topic-Delegating_Your_Zone.md
01:58:37,https://docs.oracle.com/en-us/iaas/Content/DNS/Concepts/recursive-dns.htm,200,6330,DNS__Concepts__recursive-dns.md
01:58:38,https://docs.oracle.com/en-us/iaas/Content/DNS/Concepts/view-move-compartment.htm,200,8808,DNS__Concepts__view-move-compartment.md
01:58:40,https://docs.oracle.com/en-us/iaas/Content/DNS/Concepts/views.htm,200,8758,DNS__Concepts__views.md
01:58:41,https://docs.oracle.com/en-us/iaas/Content/DNS/Reference/dnsmetric_topic-view-zone-metrics.htm,200,6937,DNS__Reference__dnsmetric_topic-view-zone-metrics.md
01:58:42,https://docs.oracle.com/en-us/iaas/Content/DNS/Reference/dnsmetrics.htm,200,15762,DNS__Reference__dnsmetrics.md
01:58:43,https://docs.oracle.com/en-us/iaas/Content/DNS/Reference/formattingzonefile.htm,200,23094,DNS__Reference__formattingzonefile.md
01:58:45,https://docs.oracle.com/en-us/iaas/Content/DNS/Reference/supporteddnsresource.htm,200,23711,DNS__Reference__supporteddnsresource.md
01:58:46,https://docs.oracle.com/en-us/iaas/Content/DNS/Reference/view-dns-metrics.htm,200,8294,DNS__Reference__view-dns-metrics.md
01:58:47,https://docs.oracle.com/en-us/iaas/Content/DNS/Tasks/add-downstream-servers-primary-zone.htm,200,9615,DNS__Tasks__add-downstream-servers-primary-zone.md
01:58:48,https://docs.oracle.com/en-us/iaas/Content/DNS/Tasks/add-tsig-key-to-zone.htm,200,9752,DNS__Tasks__add-tsig-key-to-zone.md
01:58:50,https://docs.oracle.com/en-us/iaas/Content/DNS/Tasks/change-transparency.htm,200,8808,DNS__Tasks__change-transparency.md
01:58:50,https://docs.oracle.com/en-us/iaas/Content/DNS/Tasks/consoleoverview.htm,200,9528,DNS__Tasks__consoleoverview.md
01:58:52,https://docs.oracle.com/en-us/iaas/Content/DNS/Tasks/create-private-zone.htm,200,12161,DNS__Tasks__create-private-zone.md
01:58:53,https://docs.oracle.com/en-us/iaas/Content/DNS/Tasks/create-secondary-zone.htm,200,12651,DNS__Tasks__create-secondary-zone.md
01:58:54,https://docs.oracle.com/en-us/iaas/Content/DNS/Tasks/dnssec-alarm.htm,200,16775,DNS__Tasks__dnssec-alarm.md
01:58:55,https://docs.oracle.com/en-us/iaas/Content/DNS/Tasks/dnssec-disable.htm,200,8975,DNS__Tasks__dnssec-disable.md
01:58:57,https://docs.oracle.com/en-us/iaas/Content/DNS/Tasks/dnssec-enable.htm,200,11903,DNS__Tasks__dnssec-enable.md
01:58:57,https://docs.oracle.com/en-us/iaas/Content/DNS/Tasks/dnssec-rollover-ksk.htm,200,12158,DNS__Tasks__dnssec-rollover-ksk.md
01:58:59,https://docs.oracle.com/en-us/iaas/Content/DNS/Tasks/dnssec-troubleshooting.htm,200,7161,DNS__Tasks__dnssec-troubleshooting.md
01:59:00,https://docs.oracle.com/en-us/iaas/Content/DNS/Tasks/http-redirect-create.htm,200,13674,DNS__Tasks__http-redirect-create.md
01:59:01,https://docs.oracle.com/en-us/iaas/Content/DNS/Tasks/http-redirect-delete.htm,200,8128,DNS__Tasks__http-redirect-delete.md
01:59:02,https://docs.oracle.com/en-us/iaas/Content/DNS/Tasks/http-redirect-edit.htm,200,8156,DNS__Tasks__http-redirect-edit.md
01:59:03,https://docs.oracle.com/en-us/iaas/Content/DNS/Tasks/http-redirect-get.htm,200,7869,DNS__Tasks__http-redirect-get.md
01:59:05,https://docs.oracle.com/en-us/iaas/Content/DNS/Tasks/http-redirect-list.htm,200,11581,DNS__Tasks__http-redirect-list.md
01:59:06,https://docs.oracle.com/en-us/iaas/Content/DNS/Tasks/http-redirect-move-compartment.htm,200,8594,DNS__Tasks__http-redirect-move-compartment.md
01:59:07,https://docs.oracle.com/en-us/iaas/Content/DNS/Tasks/httpredirect.htm,200,11911,DNS__Tasks__httpredirect.md
01:59:08,https://docs.oracle.com/en-us/iaas/Content/DNS/Tasks/known-issues.htm,200,5384,DNS__Tasks__known-issues.md
01:59:09,https://docs.oracle.com/en-us/iaas/Content/DNS/Tasks/managingdnszones.htm,200,10608,DNS__Tasks__managingdnszones.md
01:59:10,https://docs.oracle.com/en-us/iaas/Content/DNS/Tasks/privatedns.htm,200,51273,DNS__Tasks__privatedns.md
01:59:12,https://docs.oracle.com/en-us/iaas/Content/DNS/Tasks/record-add.htm,200,14341,DNS__Tasks__record-add.md
01:59:13,https://docs.oracle.com/en-us/iaas/Content/DNS/Tasks/record-delete.htm,200,9020,DNS__Tasks__record-delete.md
01:59:14,https://docs.oracle.com/en-us/iaas/Content/DNS/Tasks/record-edit.htm,200,13470,DNS__Tasks__record-edit.md
01:59:16,https://docs.oracle.com/en-us/iaas/Content/DNS/Tasks/reversedns.htm,200,28664,DNS__Tasks__reversedns.md
01:59:17,https://docs.oracle.com/en-us/iaas/Content/DNS/Tasks/secondary-dns.htm,200,22706,DNS__Tasks__secondary-dns.md
01:59:18,https://docs.oracle.com/en-us/iaas/Content/DNS/Tasks/testingdnsusingdig.htm,200,16351,DNS__Tasks__testingdnsusingdig.md
01:59:19,https://docs.oracle.com/en-us/iaas/Content/DNS/Tasks/troubleshooting.htm,200,6289,DNS__Tasks__troubleshooting.md
01:59:20,https://docs.oracle.com/en-us/iaas/Content/DNS/Tasks/troubleshooting_general.htm,200,9833,DNS__Tasks__troubleshooting_general.md
01:59:21,https://docs.oracle.com/en-us/iaas/Content/DNS/Tasks/troubleshooting_network-connectivity.htm,200,9596,DNS__Tasks__troubleshooting_network-connectivity.md
01:59:23,https://docs.oracle.com/en-us/iaas/Content/DNS/Tasks/troubleshooting_nxdomain-error.htm,200,6953,DNS__Tasks__troubleshooting_nxdomain-error.md
01:59:24,https://docs.oracle.com/en-us/iaas/Content/DNS/Tasks/tsig-key-create.htm,200,10049,DNS__Tasks__tsig-key-create.md
01:59:25,https://docs.oracle.com/en-us/iaas/Content/DNS/Tasks/tsig-key-delete.htm,200,8424,DNS__Tasks__tsig-key-delete.md
01:59:26,https://docs.oracle.com/en-us/iaas/Content/DNS/Tasks/tsig-key-get.htm,200,8096,DNS__Tasks__tsig-key-get.md
01:59:27,https://docs.oracle.com/en-us/iaas/Content/DNS/Tasks/tsig-key-list.htm,200,11552,DNS__Tasks__tsig-key-list.md
01:59:28,https://docs.oracle.com/en-us/iaas/Content/DNS/Tasks/tsig-key-move.htm,200,8711,DNS__Tasks__tsig-key-move.md
01:59:29,https://docs.oracle.com/en-us/iaas/Content/DNS/Tasks/tsig-key-update.htm,200,7411,DNS__Tasks__tsig-key-update.md
01:59:30,https://docs.oracle.com/en-us/iaas/Content/DNS/Tasks/tsig.htm,200,8634,DNS__Tasks__tsig.md
01:59:31,https://docs.oracle.com/en-us/iaas/Content/DNS/Tasks/view-add-zone.htm,200,11494,DNS__Tasks__view-add-zone.md
01:59:32,https://docs.oracle.com/en-us/iaas/Content/DNS/Tasks/view-create.htm,200,9303,DNS__Tasks__view-create.md
01:59:33,https://docs.oracle.com/en-us/iaas/Content/DNS/Tasks/view-delete.htm,200,9075,DNS__Tasks__view-delete.md
01:59:35,https://docs.oracle.com/en-us/iaas/Content/DNS/Tasks/view-edit.htm,200,8606,DNS__Tasks__view-edit.md
01:59:36,https://docs.oracle.com/en-us/iaas/Content/DNS/Tasks/view-get.htm,200,8132,DNS__Tasks__view-get.md
01:59:37,https://docs.oracle.com/en-us/iaas/Content/DNS/Tasks/view-list.htm,200,11559,DNS__Tasks__view-list.md
01:59:38,https://docs.oracle.com/en-us/iaas/Content/DNS/Tasks/zone-delete.htm,200,8300,DNS__Tasks__zone-delete.md
01:59:39,https://docs.oracle.com/en-us/iaas/Content/DNS/Tasks/zone-get.htm,200,7623,DNS__Tasks__zone-get.md
01:59:41,https://docs.oracle.com/en-us/iaas/Content/DNS/Tasks/zone-list.htm,200,11679,DNS__Tasks__zone-list.md
01:59:41,https://docs.oracle.com/en-us/iaas/Content/DNS/Tasks/zone-move-compartment.htm,200,8410,DNS__Tasks__zone-move-compartment.md
01:59:42,https://docs.oracle.com/en-us/iaas/Content/DNS/Tasks/zone-transfer-server-list.htm,200,7642,DNS__Tasks__zone-transfer-server-list.md
01:59:43,https://docs.oracle.com/en-us/iaas/Content/DNS/Tasks/zone-update.htm,200,9389,DNS__Tasks__zone-update.md
01:59:45,https://docs.oracle.com/en-us/iaas/Content/DNS/dns-cross-tenancy.htm,200,24135,DNS__dns-cross-tenancy.md
01:59:46,https://docs.oracle.com/en-us/iaas/Content/DNS/home.htm,200,14146,DNS__home.md
01:59:47,https://docs.oracle.com/en-us/iaas/Content/Dashboards/Concepts/dashboardsoverview.htm,200,21121,Dashboards__Concepts__dashboardsoverview.md
01:59:49,https://docs.oracle.com/en-us/iaas/Content/Dashboards/Reference/dashboardspolicyreference.htm,200,18207,Dashboards__Reference__dashboardspolicyreference.md
01:59:50,https://docs.oracle.com/en-us/iaas/Content/Dashboards/Reference/known-issues.htm,200,5427,Dashboards__Reference__known-issues.md
01:59:51,https://docs.oracle.com/en-us/iaas/Content/Dashboards/Reference/troubleshooting.htm,200,7235,Dashboards__Reference__troubleshooting.md
01:59:52,https://docs.oracle.com/en-us/iaas/Content/Dashboards/Tasks/create-dashboard-group.htm,200,9337,Dashboards__Tasks__create-dashboard-group.md
01:59:53,https://docs.oracle.com/en-us/iaas/Content/Dashboards/Tasks/create-dashboard.htm,200,11540,Dashboards__Tasks__create-dashboard.md
01:59:54,https://docs.oracle.com/en-us/iaas/Content/Dashboards/Tasks/dashboardgroups.htm,200,8445,Dashboards__Tasks__dashboardgroups.md
01:59:55,https://docs.oracle.com/en-us/iaas/Content/Dashboards/Tasks/dashboards-getting-started.htm,200,14135,Dashboards__Tasks__dashboards-getting-started.md
01:59:56,https://docs.oracle.com/en-us/iaas/Content/Dashboards/Tasks/dashboards-use-console.htm,200,8849,Dashboards__Tasks__dashboards-use-console.md
01:59:57,https://docs.oracle.com/en-us/iaas/Content/Dashboards/Tasks/dashboards-widgets.htm,200,12215,Dashboards__Tasks__dashboards-widgets.md
01:59:58,https://docs.oracle.com/en-us/iaas/Content/Dashboards/Tasks/dashboards.htm,200,12075,Dashboards__Tasks__dashboards.md
01:59:59,https://docs.oracle.com/en-us/iaas/Content/Dashboards/Tasks/delete-dashboard-group.htm,200,8561,Dashboards__Tasks__delete-dashboard-group.md
02:00:00,https://docs.oracle.com/en-us/iaas/Content/Dashboards/Tasks/delete-dashboard.htm,200,7562,Dashboards__Tasks__delete-dashboard.md
02:00:02,https://docs.oracle.com/en-us/iaas/Content/Dashboards/Tasks/edit-dashboard-group.htm,200,8824,Dashboards__Tasks__edit-dashboard-group.md
02:00:03,https://docs.oracle.com/en-us/iaas/Content/Dashboards/Tasks/edit-dashboard.htm,200,8897,Dashboards__Tasks__edit-dashboard.md
02:00:04,https://docs.oracle.com/en-us/iaas/Content/Dashboards/Tasks/get-dashboard-details.htm,200,7710,Dashboards__Tasks__get-dashboard-details.md
02:00:04,https://docs.oracle.com/en-us/iaas/Content/Dashboards/Tasks/getting-dashboard-group-details.htm,200,7810,Dashboards__Tasks__getting-dashboard-group-details.md
02:00:06,https://docs.oracle.com/en-us/iaas/Content/Dashboards/Tasks/listing-dashboard-groups.htm,200,7644,Dashboards__Tasks__listing-dashboard-groups.md
02:00:07,https://docs.oracle.com/en-us/iaas/Content/Dashboards/Tasks/listing-dashboards.htm,200,7838,Dashboards__Tasks__listing-dashboards.md
02:00:08,https://docs.oracle.com/en-us/iaas/Content/Dashboards/Tasks/move-dashboard-group.htm,200,8415,Dashboards__Tasks__move-dashboard-group.md
02:00:09,https://docs.oracle.com/en-us/iaas/Content/Dashboards/Tasks/move-dashboard.htm,200,9205,Dashboards__Tasks__move-dashboard.md
02:00:10,https://docs.oracle.com/en-us/iaas/Content/Dashboards/Tasks/widgetmanagement.htm,200,36047,Dashboards__Tasks__widgetmanagement.md
02:00:11,https://docs.oracle.com/en-us/iaas/Content/Dashboards/home.htm,200,9714,Dashboards__home.md
02:00:12,https://docs.oracle.com/en-us/iaas/Content/Dedicated-EP-AuDG-Billing.html,404,15118,
02:00:14,https://docs.oracle.com/en-us/iaas/Content/Dedicated-EP-Billing.html,404,15118,
02:00:15,https://docs.oracle.com/en-us/iaas/Content/Dr-plan-refresh-steps.html,404,15118,
02:00:17,https://docs.oracle.com/en-us/iaas/Content/Email/Concepts/create-smtp-credentials.htm,200,9326,Email__Concepts__create-smtp-credentials.md
02:00:17,https://docs.oracle.com/en-us/iaas/Content/Email/Concepts/email-submission-configure-https-connection.htm,200,8732,Email__Concepts__email-submission-configure-https-connection.md
02:00:19,https://docs.oracle.com/en-us/iaas/Content/Email/Concepts/email-submission-using-https.htm,200,6734,Email__Concepts__email-submission-using-https.md
02:00:20,https://docs.oracle.com/en-us/iaas/Content/Email/Concepts/email-submission-using-smtp.htm,200,6273,Email__Concepts__email-submission-using-smtp.md
02:00:21,https://docs.oracle.com/en-us/iaas/Content/Email/Concepts/overview.htm,200,35525,Email__Concepts__overview.md
02:00:22,https://docs.oracle.com/en-us/iaas/Content/Email/Concepts/raw-email.htm,200,7800,Email__Concepts__raw-email.md
02:00:23,https://docs.oracle.com/en-us/iaas/Content/Email/Concepts/setting-up-email-submission.htm,200,6217,Email__Concepts__setting-up-email-submission.md
02:00:24,https://docs.oracle.com/en-us/iaas/Content/Email/Concepts/troubleshooting.htm,200,39354,Email__Concepts__troubleshooting.md
02:00:25,https://docs.oracle.com/en-us/iaas/Content/Email/Reference/OEM.htm,200,9551,Email__Reference__OEM.md
02:00:26,https://docs.oracle.com/en-us/iaas/Content/Email/Reference/accessing_dashboard.htm,200,14799,Email__Reference__accessing_dashboard.md
02:00:28,https://docs.oracle.com/en-us/iaas/Content/Email/Reference/apex.htm,200,12397,Email__Reference__apex.md
02:00:29,https://docs.oracle.com/en-us/iaas/Content/Email/Reference/compartment-quotas.htm,200,13113,Email__Reference__compartment-quotas.md
02:00:30,https://docs.oracle.com/en-us/iaas/Content/Email/Reference/configureemaildomains-create-an-email-domain.htm,200,10075,Email__Reference__configureemaildomains-create-an-email-domain.md
02:00:31,https://docs.oracle.com/en-us/iaas/Content/Email/Reference/configureemaildomains_delete_domains.htm,200,8377,Email__Reference__configureemaildomains_delete_domains.md
02:00:32,https://docs.oracle.com/en-us/iaas/Content/Email/Reference/configureemaildomains_moving_domain.htm,200,8193,Email__Reference__configureemaildomains_moving_domain.md
02:00:33,https://docs.oracle.com/en-us/iaas/Content/Email/Reference/dashboard-common-questions.htm,200,12158,Email__Reference__dashboard-common-questions.md
02:00:34,https://docs.oracle.com/en-us/iaas/Content/Email/Reference/dashboard-topic-enabling-logging.htm,200,9224,Email__Reference__dashboard-topic-enabling-logging.md
02:00:35,https://docs.oracle.com/en-us/iaas/Content/Email/Reference/dashboard.htm,200,8649,Email__Reference__dashboard.md
02:00:36,https://docs.oracle.com/en-us/iaas/Content/Email/Reference/deliverabilitybestpractices.htm,200,6231,Email__Reference__deliverabilitybestpractices.md
02:00:38,https://docs.oracle.com/en-us/iaas/Content/Email/Reference/deliverabilitybestpractices_topic-bestpractices.htm,200,26441,Email__Reference__deliverabilitybestpractices_topic-bestpractices.md
02:00:40,https://docs.oracle.com/en-us/iaas/Content/Email/Reference/gettingstarted.htm,200,8958,Email__Reference__gettingstarted.md
02:00:41,https://docs.oracle.com/en-us/iaas/Content/Email/Reference/gettingstarted_topic-Begin_sending_email.htm,200,18027,Email__Reference__gettingstarted_topic-Begin_sending_email.md
02:00:42,https://docs.oracle.com/en-us/iaas/Content/Email/Reference/gettingstarted_topic-Configure_the_SMTP_connection.htm,200,8145,Email__Reference__gettingstarted_topic-Configure_the_SMTP_connection.md
02:00:43,https://docs.oracle.com/en-us/iaas/Content/Email/Reference/gettingstarted_topic-Configuring_ThirdParty_Applications.htm,200,7454,Email__Reference__gettingstarted_topic-Configuring_ThirdParty_Applications.md
02:00:44,https://docs.oracle.com/en-us/iaas/Content/Email/Reference/gettingstarted_topic-Create_an_approved_sender.htm,200,10999,Email__Reference__gettingstarted_topic-Create_an_approved_sender.md
02:00:45,https://docs.oracle.com/en-us/iaas/Content/Email/Reference/gettingstarted_topic-Limits.htm,200,5809,Email__Reference__gettingstarted_topic-Limits.md
02:00:46,https://docs.oracle.com/en-us/iaas/Content/Email/Reference/gettingstarted_topic-Regions.htm,200,5647,Email__Reference__gettingstarted_topic-Regions.md
02:00:47,https://docs.oracle.com/en-us/iaas/Content/Email/Reference/gettingstarted_topic-Validate_email.htm,200,8063,Email__Reference__gettingstarted_topic-Validate_email.md
02:00:48,https://docs.oracle.com/en-us/iaas/Content/Email/Reference/gettingstarted_topic-create-email-domain.htm,200,15788,Email__Reference__gettingstarted_topic-create-email-domain.md
02:00:50,https://docs.oracle.com/en-us/iaas/Content/Email/Reference/gettingstarted_topic-create-group.htm,200,6074,Email__Reference__gettingstarted_topic-create-group.md
02:00:51,https://docs.oracle.com/en-us/iaas/Content/Email/Reference/gettingstarted_topic-create-policy.htm,200,11172,Email__Reference__gettingstarted_topic-create-policy.md
02:00:52,https://docs.oracle.com/en-us/iaas/Content/Email/Reference/gettingstarted_topic-create-smtp-credentials.htm,200,9381,Email__Reference__gettingstarted_topic-create-smtp-credentials.md
02:00:53,https://docs.oracle.com/en-us/iaas/Content/Email/Reference/gettingstarted_topic-set-up-email-submission-authentication.htm,200,6598,Email__Reference__gettingstarted_topic-set-up-email-submission-authentication.md
02:00:54,https://docs.oracle.com/en-us/iaas/Content/Email/Reference/gettingstarted_topic-set-up-email-submissions.htm,200,6775,Email__Reference__gettingstarted_topic-set-up-email-submissions.md
02:00:55,https://docs.oracle.com/en-us/iaas/Content/Email/Reference/gettingstarted_topic-tls_requirements.htm,200,6288,Email__Reference__gettingstarted_topic-tls_requirements.md
02:00:56,https://docs.oracle.com/en-us/iaas/Content/Email/Reference/guide-to-metrics-logs.htm,200,10988,Email__Reference__guide-to-metrics-logs.md
02:00:58,https://docs.oracle.com/en-us/iaas/Content/Email/Reference/javamail.htm,200,17532,Email__Reference__javamail.md
02:00:59,https://docs.oracle.com/en-us/iaas/Content/Email/Reference/known_issue.htm,200,11201,Email__Reference__known_issue.md
02:01:00,https://docs.oracle.com/en-us/iaas/Content/Email/Reference/list-approved-senders.htm,200,8886,Email__Reference__list-approved-senders.md
02:01:01,https://docs.oracle.com/en-us/iaas/Content/Email/Reference/list-email-domains.htm,200,8612,Email__Reference__list-email-domains.md
02:01:03,https://docs.oracle.com/en-us/iaas/Content/Email/Reference/list-unsubscribe.htm,200,12795,Email__Reference__list-unsubscribe.md
02:01:04,https://docs.oracle.com/en-us/iaas/Content/Email/Reference/log-guide.htm,200,27548,Email__Reference__log-guide.md
02:01:05,https://docs.oracle.com/en-us/iaas/Content/Email/Reference/mailkit.htm,200,11368,Email__Reference__mailkit.md
02:01:06,https://docs.oracle.com/en-us/iaas/Content/Email/Reference/mailx.htm,200,13101,Email__Reference__mailx.md
02:01:07,https://docs.oracle.com/en-us/iaas/Content/Email/Reference/managingapprovedsenders_topic-To_delete_an_approved_sender.htm,200,7971,Email__Reference__managingapprovedsenders_topic-To_delete_an_approved_sender.md
02:01:08,https://docs.oracle.com/en-us/iaas/Content/Email/Reference/managingapprovedsenders_topic-create_an_approved_sender.htm,200,9848,Email__Reference__managingapprovedsenders_topic-create_an_approved_sender.md
02:01:10,https://docs.oracle.com/en-us/iaas/Content/Email/Reference/managingapprovedsenders_topic-manage_tags_for_an_approved_sender.htm,200,9191,Email__Reference__managingapprovedsenders_topic-manage_tags_for_an_approved_sender.md
02:01:11,https://docs.oracle.com/en-us/iaas/Content/Email/Reference/managingapprovedsenders_topic-move_an_approved_sender_to_a_different_compartment.htm,200,8585,Email__Reference__managingapprovedsenders_topic-move_an_approved_sender_to_a_different_compartment.md
02:01:12,https://docs.oracle.com/en-us/iaas/Content/Email/Reference/managingsuppressionlist_topic-add_an_email_address_to_the_suppression_list.htm,200,9312,Email__Reference__managingsuppressionlist_topic-add_an_email_address_to_the_suppression_list.md
02:01:13,https://docs.oracle.com/en-us/iaas/Content/Email/Reference/managingsuppressionlist_topic-delete_an_email_address_from_the_suppression_list.htm,200,9011,Email__Reference__managingsuppressionlist_topic-delete_an_email_address_from_the_suppression_list.md
02:01:15,https://docs.oracle.com/en-us/iaas/Content/Email/Reference/managingsuppressionlist_topic-list-suppressed-addresses.htm,200,8960,Email__Reference__managingsuppressionlist_topic-list-suppressed-addresses.md
02:01:16,https://docs.oracle.com/en-us/iaas/Content/Email/Reference/metrics-guide.htm,200,19776,Email__Reference__metrics-guide.md
02:01:17,https://docs.oracle.com/en-us/iaas/Content/Email/Reference/metricsalarms.htm,200,8941,Email__Reference__metricsalarms.md
02:01:18,https://docs.oracle.com/en-us/iaas/Content/Email/Reference/metricsalarms_topic-Available_Metrics_oci_emaildelivery.htm,200,11411,Email__Reference__metricsalarms_topic-Available_Metrics_oci_emaildelivery.md
02:01:19,https://docs.oracle.com/en-us/iaas/Content/Email/Reference/metricsalarms_topic-Prerequisites.htm,200,7092,Email__Reference__metricsalarms_topic-Prerequisites.md
02:01:20,https://docs.oracle.com/en-us/iaas/Content/Email/Reference/metricsalarms_topic.htm,200,9820,Email__Reference__metricsalarms_topic.md
02:01:21,https://docs.oracle.com/en-us/iaas/Content/Email/Reference/mulesoft.htm,200,9375,Email__Reference__mulesoft.md
02:01:23,https://docs.oracle.com/en-us/iaas/Content/Email/Reference/peoplesoft.htm,200,20913,Email__Reference__peoplesoft.md
02:01:24,https://docs.oracle.com/en-us/iaas/Content/Email/Reference/postfix.htm,200,15609,Email__Reference__postfix.md
02:01:25,https://docs.oracle.com/en-us/iaas/Content/Email/Reference/python.htm,200,13912,Email__Reference__python.md
02:01:27,https://docs.oracle.com/en-us/iaas/Content/Email/Reference/sendmail.htm,200,13656,Email__Reference__sendmail.md
02:01:28,https://docs.oracle.com/en-us/iaas/Content/Email/Reference/swaks.htm,200,12226,Email__Reference__swaks.md
02:01:29,https://docs.oracle.com/en-us/iaas/Content/Email/Tasks/configure-dkim-using-the-console.htm,200,12263,Email__Tasks__configure-dkim-using-the-console.md
02:01:30,https://docs.oracle.com/en-us/iaas/Content/Email/Tasks/configuredkim.htm,200,11822,Email__Tasks__configuredkim.md
02:01:31,https://docs.oracle.com/en-us/iaas/Content/Email/Tasks/configureemaildomains.htm,200,10193,Email__Tasks__configureemaildomains.md
02:01:32,https://docs.oracle.com/en-us/iaas/Content/Email/Tasks/configurespf.htm,200,12206,Email__Tasks__configurespf.md
02:01:33,https://docs.oracle.com/en-us/iaas/Content/Email/Tasks/creating_custom_return_path.htm,200,9990,Email__Tasks__creating_custom_return_path.md
02:01:34,https://docs.oracle.com/en-us/iaas/Content/Email/Tasks/deleting_custom_return_path.htm,200,8280,Email__Tasks__deleting_custom_return_path.md
02:01:36,https://docs.oracle.com/en-us/iaas/Content/Email/Tasks/enablelogs_using-the-console.htm,200,9276,Email__Tasks__enablelogs_using-the-console.md
02:01:37,https://docs.oracle.com/en-us/iaas/Content/Email/Tasks/managing_custom_return_path.htm,200,11446,Email__Tasks__managing_custom_return_path.md
02:01:38,https://docs.oracle.com/en-us/iaas/Content/Email/Tasks/managing_dkim-check_dkim_in_dns.htm,200,5501,Email__Tasks__managing_dkim-check_dkim_in_dns.md
02:01:39,https://docs.oracle.com/en-us/iaas/Content/Email/Tasks/managing_dkim-create_dkim_record.htm,200,10896,Email__Tasks__managing_dkim-create_dkim_record.md
02:01:40,https://docs.oracle.com/en-us/iaas/Content/Email/Tasks/managing_dkim-delete_dkim_record.htm,200,8282,Email__Tasks__managing_dkim-delete_dkim_record.md
02:01:41,https://docs.oracle.com/en-us/iaas/Content/Email/Tasks/managing_dkim-import_dkim_record.htm,200,11745,Email__Tasks__managing_dkim-import_dkim_record.md
02:01:42,https://docs.oracle.com/en-us/iaas/Content/Email/Tasks/managing_dkim-non-commercial-realms.htm,200,6215,Email__Tasks__managing_dkim-non-commercial-realms.md
02:01:43,https://docs.oracle.com/en-us/iaas/Content/Email/Tasks/managing_dkim-required_iam_policy.htm,200,7757,Email__Tasks__managing_dkim-required_iam_policy.md
02:01:45,https://docs.oracle.com/en-us/iaas/Content/Email/Tasks/managing_dkim-setup_email_domain_with_dkim.htm,200,10358,Email__Tasks__managing_dkim-setup_email_domain_with_dkim.md
02:01:45,https://docs.oracle.com/en-us/iaas/Content/Email/Tasks/managingapprovedsenders.htm,200,9850,Email__Tasks__managingapprovedsenders.md
02:01:46,https://docs.oracle.com/en-us/iaas/Content/Email/Tasks/managingapprovedsenders_topic-policies.htm,200,6706,Email__Tasks__managingapprovedsenders_topic-policies.md
02:01:48,https://docs.oracle.com/en-us/iaas/Content/Email/Tasks/managingemaildeliverability_topic-policies.htm,200,7150,Email__Tasks__managingemaildeliverability_topic-policies.md
02:01:49,https://docs.oracle.com/en-us/iaas/Content/Email/Tasks/managingsuppressionlist.htm,200,12354,Email__Tasks__managingsuppressionlist.md
02:01:50,https://docs.oracle.com/en-us/iaas/Content/Email/Tasks/set-up-email-submissions-required_iam_policy.htm,200,7999,Email__Tasks__set-up-email-submissions-required_iam_policy.md
02:01:52,https://docs.oracle.com/en-us/iaas/Content/Email/Tasks/viewing_custom_return_path.htm,200,8963,Email__Tasks__viewing_custom_return_path.md
02:01:52,https://docs.oracle.com/en-us/iaas/Content/Email/home.htm,200,14655,Email__home.md
02:01:54,https://docs.oracle.com/en-us/iaas/Content/Events/Concepts/eventsgetstarted.htm,200,31674,Events__Concepts__eventsgetstarted.md
02:01:55,https://docs.oracle.com/en-us/iaas/Content/Events/Concepts/eventsoverview.htm,200,25081,Events__Concepts__eventsoverview.md
02:01:56,https://docs.oracle.com/en-us/iaas/Content/Events/Concepts/eventspolicy.htm,200,10935,Events__Concepts__eventspolicy.md
02:01:57,https://docs.oracle.com/en-us/iaas/Content/Events/Concepts/filterevents.htm,200,17286,Events__Concepts__filterevents.md
02:01:58,https://docs.oracle.com/en-us/iaas/Content/Events/Concepts/known-issues.htm,200,5356,Events__Concepts__known-issues.md
02:02:00,https://docs.oracle.com/en-us/iaas/Content/Events/Reference/eventenvelopereference.htm,200,17682,Events__Reference__eventenvelopereference.md
02:02:01,https://docs.oracle.com/en-us/iaas/Content/Events/Reference/eventsmetrics.htm,200,19046,Events__Reference__eventsmetrics.md
02:02:03,https://docs.oracle.com/en-us/iaas/Content/Events/Reference/eventsproducers.htm,200,443775,Events__Reference__eventsproducers.md
02:02:04,https://docs.oracle.com/en-us/iaas/Content/Events/Task/change-compartment-events-rule.htm,200,7454,Events__Task__change-compartment-events-rule.md
02:02:05,https://docs.oracle.com/en-us/iaas/Content/Events/Task/create-action-events-rule.htm,200,8794,Events__Task__create-action-events-rule.md
02:02:07,https://docs.oracle.com/en-us/iaas/Content/Events/Task/create-attribute-events-rule.htm,200,8842,Events__Task__create-attribute-events-rule.md
02:02:08,https://docs.oracle.com/en-us/iaas/Content/Events/Task/create-events-rule.htm,200,15359,Events__Task__create-events-rule.md
02:02:09,https://docs.oracle.com/en-us/iaas/Content/Events/Task/create-filter-tag-events-rule.htm,200,8143,Events__Task__create-filter-tag-events-rule.md
02:02:10,https://docs.oracle.com/en-us/iaas/Content/Events/Task/create-type-events-rule.htm,200,8189,Events__Task__create-type-events-rule.md
02:02:11,https://docs.oracle.com/en-us/iaas/Content/Events/Task/delete-action-events-rule.htm,200,8332,Events__Task__delete-action-events-rule.md
02:02:12,https://docs.oracle.com/en-us/iaas/Content/Events/Task/delete-attribute-events-rule.htm,200,7671,Events__Task__delete-attribute-events-rule.md
02:02:13,https://docs.oracle.com/en-us/iaas/Content/Events/Task/delete-events-rule.htm,200,7184,Events__Task__delete-events-rule.md
02:02:15,https://docs.oracle.com/en-us/iaas/Content/Events/Task/delete-type-events-rule.htm,200,7979,Events__Task__delete-type-events-rule.md
02:02:16,https://docs.oracle.com/en-us/iaas/Content/Events/Task/enable-action-events-rule.htm,200,8263,Events__Task__enable-action-events-rule.md
02:02:16,https://docs.oracle.com/en-us/iaas/Content/Events/Task/enable-events-rule.htm,200,7442,Events__Task__enable-events-rule.md
02:02:17,https://docs.oracle.com/en-us/iaas/Content/Events/Task/get-events-rule.htm,200,7011,Events__Task__get-events-rule.md
02:02:18,https://docs.oracle.com/en-us/iaas/Content/Events/Task/list-events-rule.htm,200,7918,Events__Task__list-events-rule.md
02:02:19,https://docs.oracle.com/en-us/iaas/Content/Events/Task/managingrules.htm,200,15811,Events__Task__managingrules.md
02:02:20,https://docs.oracle.com/en-us/iaas/Content/Events/Task/managingrules_topic-To_validate_a_rule.htm,200,7783,Events__Task__managingrules_topic-To_validate_a_rule.md
02:02:21,https://docs.oracle.com/en-us/iaas/Content/Events/Task/remove-filter-tag-events-rule.htm,200,7676,Events__Task__remove-filter-tag-events-rule.md
02:02:23,https://docs.oracle.com/en-us/iaas/Content/Events/Task/tag-events-rule-create.htm,200,8426,Events__Task__tag-events-rule-create.md
02:02:24,https://docs.oracle.com/en-us/iaas/Content/Events/Task/tag-events-rule-update.htm,200,8452,Events__Task__tag-events-rule-update.md
02:02:25,https://docs.oracle.com/en-us/iaas/Content/Events/Task/tag-events-rule.htm,200,6571,Events__Task__tag-events-rule.md
02:02:26,https://docs.oracle.com/en-us/iaas/Content/Events/Task/update-action-events-rule.htm,200,7843,Events__Task__update-action-events-rule.md
02:02:27,https://docs.oracle.com/en-us/iaas/Content/Events/Task/update-attribute-events-rule.htm,200,7846,Events__Task__update-attribute-events-rule.md
02:02:28,https://docs.oracle.com/en-us/iaas/Content/Events/Task/update-events-rule.htm,200,7300,Events__Task__update-events-rule.md
02:02:29,https://docs.oracle.com/en-us/iaas/Content/Events/Task/update-filter-tag-events-rule.htm,200,7848,Events__Task__update-filter-tag-events-rule.md
02:02:31,https://docs.oracle.com/en-us/iaas/Content/Events/Task/update-type-events-rule.htm,200,7950,Events__Task__update-type-events-rule.md
02:02:32,https://docs.oracle.com/en-us/iaas/Content/Events/home.htm,200,13414,Events__home.md
02:02:33,https://docs.oracle.com/en-us/iaas/Content/File/Concepts/FSutilization.htm,200,37767,File__Concepts__FSutilization.md
02:02:34,https://docs.oracle.com/en-us/iaas/Content/File/Concepts/filestorageoverview.htm,200,36696,File__Concepts__filestorageoverview.md
02:02:36,https://docs.oracle.com/en-us/iaas/Content/File/Concepts/filesystempaths.htm,200,10434,File__Concepts__filesystempaths.md
02:02:37,https://docs.oracle.com/en-us/iaas/Content/File/Concepts/logging.htm,200,7741,File__Concepts__logging.md
02:02:38,https://docs.oracle.com/en-us/iaas/Content/File/Concepts/securitylayers.htm,200,21585,File__Concepts__securitylayers.md
02:02:40,https://docs.oracle.com/en-us/iaas/Content/File/Concepts/troubleshootingfilesystems.htm,200,37782,File__Concepts__troubleshootingfilesystems.md
02:02:42,https://docs.oracle.com/en-us/iaas/Content/File/Reference/filemetrics.htm,200,100919,File__Reference__filemetrics.md
02:02:43,https://docs.oracle.com/en-us/iaas/Content/File/Reference/known-issues-for-file-storage.htm,200,15384,File__Reference__known-issues-for-file-storage.md
02:02:45,https://docs.oracle.com/en-us/iaas/Content/File/Tasks/FSreplication.htm,200,43304,File__Tasks__FSreplication.md
02:02:46,https://docs.oracle.com/en-us/iaas/Content/File/Tasks/add-mount-target-to-nsg.htm,200,8958,File__Tasks__add-mount-target-to-nsg.md
02:02:47,https://docs.oracle.com/en-us/iaas/Content/File/Tasks/backing-up-snapshots-to-object-storage.htm,200,8749,File__Tasks__backing-up-snapshots-to-object-storage.md
02:02:49,https://docs.oracle.com/en-us/iaas/Content/File/Tasks/change-file-system-size-mt.htm,200,10162,File__Tasks__change-file-system-size-mt.md
02:02:50,https://docs.oracle.com/en-us/iaas/Content/File/Tasks/change-file-system-size.htm,200,10821,File__Tasks__change-file-system-size.md
02:02:51,https://docs.oracle.com/en-us/iaas/Content/File/Tasks/change-mt-performance.htm,200,13957,File__Tasks__change-mt-performance.md
02:02:52,https://docs.oracle.com/en-us/iaas/Content/File/Tasks/clone-file-system.htm,200,13799,File__Tasks__clone-file-system.md
02:02:53,https://docs.oracle.com/en-us/iaas/Content/File/Tasks/cloningFS.htm,200,29351,File__Tasks__cloningFS.md
02:02:55,https://docs.oracle.com/en-us/iaas/Content/File/Tasks/create-clone.htm,200,14082,File__Tasks__create-clone.md
02:02:56,https://docs.oracle.com/en-us/iaas/Content/File/Tasks/create-export-mt.htm,200,21599,File__Tasks__create-export-mt.md
02:02:57,https://docs.oracle.com/en-us/iaas/Content/File/Tasks/create-export.htm,200,21596,File__Tasks__create-export.md
02:02:58,https://docs.oracle.com/en-us/iaas/Content/File/Tasks/create-file-system.htm,200,28033,File__Tasks__create-file-system.md
02:03:00,https://docs.oracle.com/en-us/iaas/Content/File/Tasks/create-mount-target.htm,200,20356,File__Tasks__create-mount-target.md
02:03:01,https://docs.oracle.com/en-us/iaas/Content/File/Tasks/create-outbound-connector.htm,200,13499,File__Tasks__create-outbound-connector.md
02:03:02,https://docs.oracle.com/en-us/iaas/Content/File/Tasks/create-snapshot-unix-instance.htm,200,7120,File__Tasks__create-snapshot-unix-instance.md
02:03:03,https://docs.oracle.com/en-us/iaas/Content/File/Tasks/create-snapshot.htm,200,10520,File__Tasks__create-snapshot.md
02:03:04,https://docs.oracle.com/en-us/iaas/Content/File/Tasks/creatingfilesystems.htm,200,11279,File__Tasks__creatingfilesystems.md
02:03:05,https://docs.oracle.com/en-us/iaas/Content/File/Tasks/delete-export-mt.htm,200,9037,File__Tasks__delete-export-mt.md
02:03:06,https://docs.oracle.com/en-us/iaas/Content/File/Tasks/delete-export.htm,200,9034,File__Tasks__delete-export.md
02:03:07,https://docs.oracle.com/en-us/iaas/Content/File/Tasks/delete-file-system.htm,200,10504,File__Tasks__delete-file-system.md
02:03:08,https://docs.oracle.com/en-us/iaas/Content/File/Tasks/delete-mount-target.htm,200,9014,File__Tasks__delete-mount-target.md
02:03:09,https://docs.oracle.com/en-us/iaas/Content/File/Tasks/delete-outbound-connector.htm,200,8183,File__Tasks__delete-outbound-connector.md
02:03:11,https://docs.oracle.com/en-us/iaas/Content/File/Tasks/delete-replication-target.htm,200,9070,File__Tasks__delete-replication-target.md
02:03:12,https://docs.oracle.com/en-us/iaas/Content/File/Tasks/delete-replication.htm,200,11615,File__Tasks__delete-replication.md
02:03:13,https://docs.oracle.com/en-us/iaas/Content/File/Tasks/delete-snapshot.htm,200,8666,File__Tasks__delete-snapshot.md
02:03:14,https://docs.oracle.com/en-us/iaas/Content/File/Tasks/detach-clone.htm,200,8993,File__Tasks__detach-clone.md
02:03:17,https://docs.oracle.com/en-us/iaas/Content/File/Tasks/disable-kerberos-on-mt.htm,200,9348,File__Tasks__disable-kerberos-on-mt.md
02:03:18,https://docs.oracle.com/en-us/iaas/Content/File/Tasks/edit-export-mt.htm,200,10902,File__Tasks__edit-export-mt.md
02:03:19,https://docs.oracle.com/en-us/iaas/Content/File/Tasks/edit-export-set-mt.htm,200,7667,File__Tasks__edit-export-set-mt.md
02:03:20,https://docs.oracle.com/en-us/iaas/Content/File/Tasks/edit-export-set.htm,200,7664,File__Tasks__edit-export-set.md
02:03:21,https://docs.oracle.com/en-us/iaas/Content/File/Tasks/edit-export.htm,200,10899,File__Tasks__edit-export.md
02:03:22,https://docs.oracle.com/en-us/iaas/Content/File/Tasks/edit-file-system.htm,200,8871,File__Tasks__edit-file-system.md
02:03:23,https://docs.oracle.com/en-us/iaas/Content/File/Tasks/edit-mount-target.htm,200,9969,File__Tasks__edit-mount-target.md
02:03:24,https://docs.oracle.com/en-us/iaas/Content/File/Tasks/edit-outbound-connector.htm,200,9913,File__Tasks__edit-outbound-connector.md
02:03:26,https://docs.oracle.com/en-us/iaas/Content/File/Tasks/edit-replication.htm,200,8155,File__Tasks__edit-replication.md
02:03:27,https://docs.oracle.com/en-us/iaas/Content/File/Tasks/enable-ldap-export-mt.htm,200,9353,File__Tasks__enable-ldap-export-mt.md
02:03:28,https://docs.oracle.com/en-us/iaas/Content/File/Tasks/enable-ldap-export.htm,200,9350,File__Tasks__enable-ldap-export.md
02:03:29,https://docs.oracle.com/en-us/iaas/Content/File/Tasks/encrypt-file-system.htm,200,14026,File__Tasks__encrypt-file-system.md
02:03:30,https://docs.oracle.com/en-us/iaas/Content/File/Tasks/exportoptions.htm,200,41269,File__Tasks__exportoptions.md
02:03:31,https://docs.oracle.com/en-us/iaas/Content/File/Tasks/exportoptions2.htm,200,41164,File__Tasks__exportoptions2.md
02:03:32,https://docs.oracle.com/en-us/iaas/Content/File/Tasks/file-system-quotas.htm,200,17623,File__Tasks__file-system-quotas.md
02:03:33,https://docs.oracle.com/en-us/iaas/Content/File/Tasks/find-clones.htm,200,10044,File__Tasks__find-clones.md
02:03:35,https://docs.oracle.com/en-us/iaas/Content/File/Tasks/fsreplication-creating-a-replication.htm,200,14118,File__Tasks__fsreplication-creating-a-replication.md
02:03:36,https://docs.oracle.com/en-us/iaas/Content/File/Tasks/fsreplication-estimating-replication-time.htm,200,13750,File__Tasks__fsreplication-estimating-replication-time.md
02:03:38,https://docs.oracle.com/en-us/iaas/Content/File/Tasks/fsreplication-managing-replications.htm,200,17883,File__Tasks__fsreplication-managing-replications.md
02:03:38,https://docs.oracle.com/en-us/iaas/Content/File/Tasks/get-export-details-mt.htm,200,8481,File__Tasks__get-export-details-mt.md
02:03:40,https://docs.oracle.com/en-us/iaas/Content/File/Tasks/get-export-details.htm,200,8478,File__Tasks__get-export-details.md
02:03:41,https://docs.oracle.com/en-us/iaas/Content/File/Tasks/get-export-set-details-mt.htm,200,8066,File__Tasks__get-export-set-details-mt.md
02:03:42,https://docs.oracle.com/en-us/iaas/Content/File/Tasks/get-export-set-details.htm,200,8063,File__Tasks__get-export-set-details.md
02:03:43,https://docs.oracle.com/en-us/iaas/Content/File/Tasks/get-file-system-details.htm,200,8141,File__Tasks__get-file-system-details.md
02:03:44,https://docs.oracle.com/en-us/iaas/Content/File/Tasks/get-mount-target-details.htm,200,8286,File__Tasks__get-mount-target-details.md
02:03:45,https://docs.oracle.com/en-us/iaas/Content/File/Tasks/get-outbound-connector-details.htm,200,8192,File__Tasks__get-outbound-connector-details.md
02:03:46,https://docs.oracle.com/en-us/iaas/Content/File/Tasks/get-replication-details.htm,200,8598,File__Tasks__get-replication-details.md
02:03:47,https://docs.oracle.com/en-us/iaas/Content/File/Tasks/get-replication-target-details.htm,200,8305,File__Tasks__get-replication-target-details.md
02:03:48,https://docs.oracle.com/en-us/iaas/Content/File/Tasks/get-snapshot-details.htm,200,8088,File__Tasks__get-snapshot-details.md
02:03:50,https://docs.oracle.com/en-us/iaas/Content/File/Tasks/intransitencryption.htm,200,37812,File__Tasks__intransitencryption.md
02:03:51,https://docs.oracle.com/en-us/iaas/Content/File/Tasks/intransitencryption_topic-Troubleshooting.htm,200,17803,File__Tasks__intransitencryption_topic-Troubleshooting.md
02:03:53,https://docs.oracle.com/en-us/iaas/Content/File/Tasks/kerberos-key-rotation.htm,200,7859,File__Tasks__kerberos-key-rotation.md
02:03:54,https://docs.oracle.com/en-us/iaas/Content/File/Tasks/kerberos-oci-setup-mounting.htm,200,8441,File__Tasks__kerberos-oci-setup-mounting.md
02:03:55,https://docs.oracle.com/en-us/iaas/Content/File/Tasks/kerberos-oci-setup.htm,200,19596,File__Tasks__kerberos-oci-setup.md
02:03:56,https://docs.oracle.com/en-us/iaas/Content/File/Tasks/kerberos.htm,200,31925,File__Tasks__kerberos.md
02:03:57,https://docs.oracle.com/en-us/iaas/Content/File/Tasks/ldap-setup.htm,200,14835,File__Tasks__ldap-setup.md
02:03:59,https://docs.oracle.com/en-us/iaas/Content/File/Tasks/ldap.htm,200,33485,File__Tasks__ldap.md
02:04:00,https://docs.oracle.com/en-us/iaas/Content/File/Tasks/list-export-sets-mt.htm,200,7469,File__Tasks__list-export-sets-mt.md
02:04:02,https://docs.oracle.com/en-us/iaas/Content/File/Tasks/list-export-sets.htm,200,7466,File__Tasks__list-export-sets.md
02:04:02,https://docs.oracle.com/en-us/iaas/Content/File/Tasks/list-exports-mt.htm,200,8496,File__Tasks__list-exports-mt.md
02:04:04,https://docs.oracle.com/en-us/iaas/Content/File/Tasks/list-exports.htm,200,8493,File__Tasks__list-exports.md
02:04:05,https://docs.oracle.com/en-us/iaas/Content/File/Tasks/list-file-systems.htm,200,8418,File__Tasks__list-file-systems.md
02:04:06,https://docs.oracle.com/en-us/iaas/Content/File/Tasks/list-mount-targets.htm,200,8538,File__Tasks__list-mount-targets.md
02:04:06,https://docs.oracle.com/en-us/iaas/Content/File/Tasks/list-outbound-connectors.htm,200,8416,File__Tasks__list-outbound-connectors.md
02:04:08,https://docs.oracle.com/en-us/iaas/Content/File/Tasks/list-replication-targets.htm,200,7588,File__Tasks__list-replication-targets.md
02:04:09,https://docs.oracle.com/en-us/iaas/Content/File/Tasks/list-replications.htm,200,8450,File__Tasks__list-replications.md
02:04:10,https://docs.oracle.com/en-us/iaas/Content/File/Tasks/list-snapshots.htm,200,8585,File__Tasks__list-snapshots.md
02:04:11,https://docs.oracle.com/en-us/iaas/Content/File/Tasks/lock-export.htm,200,10573,File__Tasks__lock-export.md
02:04:12,https://docs.oracle.com/en-us/iaas/Content/File/Tasks/lock-file-system.htm,200,10608,File__Tasks__lock-file-system.md
02:04:13,https://docs.oracle.com/en-us/iaas/Content/File/Tasks/lock-mount-target.htm,200,10965,File__Tasks__lock-mount-target.md
02:04:14,https://docs.oracle.com/en-us/iaas/Content/File/Tasks/lock-outbound-connector.htm,200,11351,File__Tasks__lock-outbound-connector.md
02:04:15,https://docs.oracle.com/en-us/iaas/Content/File/Tasks/lock-replication.htm,200,11117,File__Tasks__lock-replication.md
02:04:17,https://docs.oracle.com/en-us/iaas/Content/File/Tasks/lock-snapshot-policy.htm,200,10474,File__Tasks__lock-snapshot-policy.md
02:04:18,https://docs.oracle.com/en-us/iaas/Content/File/Tasks/lock-snapshot.htm,200,11066,File__Tasks__lock-snapshot.md
02:04:19,https://docs.oracle.com/en-us/iaas/Content/File/Tasks/manage-export-sets-mt.htm,200,6648,File__Tasks__manage-export-sets-mt.md
02:04:20,https://docs.oracle.com/en-us/iaas/Content/File/Tasks/manage-export-sets.htm,200,6635,File__Tasks__manage-export-sets.md
02:04:22,https://docs.oracle.com/en-us/iaas/Content/File/Tasks/managing-outbound-connectors.htm,200,23043,File__Tasks__managing-outbound-connectors.md
02:04:23,https://docs.oracle.com/en-us/iaas/Content/File/Tasks/managingfilesystems.htm,200,23206,File__Tasks__managingfilesystems.md
02:04:24,https://docs.oracle.com/en-us/iaas/Content/File/Tasks/managingmounttargets.htm,200,35434,File__Tasks__managingmounttargets.md
02:04:25,https://docs.oracle.com/en-us/iaas/Content/File/Tasks/managingsnapshots.htm,200,27937,File__Tasks__managingsnapshots.md
02:04:27,https://docs.oracle.com/en-us/iaas/Content/File/Tasks/mountingfilesystems.htm,200,18140,File__Tasks__mountingfilesystems.md
02:04:28,https://docs.oracle.com/en-us/iaas/Content/File/Tasks/mountingunixstyleos.htm,200,48744,File__Tasks__mountingunixstyleos.md
02:04:30,https://docs.oracle.com/en-us/iaas/Content/File/Tasks/mountingwindowsos.htm,200,30026,File__Tasks__mountingwindowsos.md
02:04:31,https://docs.oracle.com/en-us/iaas/Content/File/Tasks/move-file-system-to-subnet.htm,200,8079,File__Tasks__move-file-system-to-subnet.md
02:04:32,https://docs.oracle.com/en-us/iaas/Content/File/Tasks/move-file-system.htm,200,8980,File__Tasks__move-file-system.md
02:04:33,https://docs.oracle.com/en-us/iaas/Content/File/Tasks/move-mount-target.htm,200,8913,File__Tasks__move-mount-target.md
02:04:34,https://docs.oracle.com/en-us/iaas/Content/File/Tasks/move-outbound-connector.htm,200,8530,File__Tasks__move-outbound-connector.md
02:04:36,https://docs.oracle.com/en-us/iaas/Content/File/Tasks/override-lock-export.htm,200,9634,File__Tasks__override-lock-export.md
02:04:37,https://docs.oracle.com/en-us/iaas/Content/File/Tasks/override-lock-file-system.htm,200,9323,File__Tasks__override-lock-file-system.md
02:04:38,https://docs.oracle.com/en-us/iaas/Content/File/Tasks/override-lock-mount-target.htm,200,9601,File__Tasks__override-lock-mount-target.md
02:04:39,https://docs.oracle.com/en-us/iaas/Content/File/Tasks/override-lock-outbound-connector.htm,200,9732,File__Tasks__override-lock-outbound-connector.md
02:04:40,https://docs.oracle.com/en-us/iaas/Content/File/Tasks/override-lock-replication.htm,200,9713,File__Tasks__override-lock-replication.md
02:04:41,https://docs.oracle.com/en-us/iaas/Content/File/Tasks/override-lock-snapshot-policy.htm,200,9864,File__Tasks__override-lock-snapshot-policy.md
02:04:42,https://docs.oracle.com/en-us/iaas/Content/File/Tasks/override-lock-snapshot.htm,200,10074,File__Tasks__override-lock-snapshot.md
02:04:43,https://docs.oracle.com/en-us/iaas/Content/File/Tasks/quotas-create.htm,200,10402,File__Tasks__quotas-create.md
02:04:44,https://docs.oracle.com/en-us/iaas/Content/File/Tasks/quotas-default.htm,200,10351,File__Tasks__quotas-default.md
02:04:45,https://docs.oracle.com/en-us/iaas/Content/File/Tasks/quotas-delete.htm,200,9727,File__Tasks__quotas-delete.md
02:04:46,https://docs.oracle.com/en-us/iaas/Content/File/Tasks/quotas-edit.htm,200,10311,File__Tasks__quotas-edit.md
02:04:47,https://docs.oracle.com/en-us/iaas/Content/File/Tasks/quotas-enable.htm,200,9440,File__Tasks__quotas-enable.md
02:04:49,https://docs.oracle.com/en-us/iaas/Content/File/Tasks/quotas-list.htm,200,11494,File__Tasks__quotas-list.md
02:04:50,https://docs.oracle.com/en-us/iaas/Content/File/Tasks/replication-copy-data.htm,200,7551,File__Tasks__replication-copy-data.md
02:04:51,https://docs.oracle.com/en-us/iaas/Content/File/Tasks/replication-disaster-recovery.htm,200,21255,File__Tasks__replication-disaster-recovery.md
02:04:52,https://docs.oracle.com/en-us/iaas/Content/File/Tasks/replication-managing-snapshots.htm,200,13677,File__Tasks__replication-managing-snapshots.md
02:04:53,https://docs.oracle.com/en-us/iaas/Content/File/Tasks/restore-from-snapshot.htm,200,7009,File__Tasks__restore-from-snapshot.md
02:04:54,https://docs.oracle.com/en-us/iaas/Content/File/Tasks/rotate-outbound-connector.htm,200,10115,File__Tasks__rotate-outbound-connector.md
02:04:55,https://docs.oracle.com/en-us/iaas/Content/File/Tasks/securitylistsfilestorage.htm,200,42317,File__Tasks__securitylistsfilestorage.md
02:04:57,https://docs.oracle.com/en-us/iaas/Content/File/Tasks/snapshot-expiration.htm,200,9913,File__Tasks__snapshot-expiration.md
02:04:58,https://docs.oracle.com/en-us/iaas/Content/File/Tasks/snapshot-policies-and-schedules.htm,200,20113,File__Tasks__snapshot-policies-and-schedules.md
02:04:59,https://docs.oracle.com/en-us/iaas/Content/File/Tasks/snapshot-policy-add-file-system.htm,200,9750,File__Tasks__snapshot-policy-add-file-system.md
02:05:00,https://docs.oracle.com/en-us/iaas/Content/File/Tasks/snapshot-policy-add-schedule.htm,200,12662,File__Tasks__snapshot-policy-add-schedule.md
02:05:01,https://docs.oracle.com/en-us/iaas/Content/File/Tasks/snapshot-policy-add-to-file-system.htm,200,9671,File__Tasks__snapshot-policy-add-to-file-system.md
02:05:02,https://docs.oracle.com/en-us/iaas/Content/File/Tasks/snapshot-policy-create.htm,200,15449,File__Tasks__snapshot-policy-create.md
02:05:04,https://docs.oracle.com/en-us/iaas/Content/File/Tasks/snapshot-policy-delete.htm,200,8556,File__Tasks__snapshot-policy-delete.md
02:05:05,https://docs.oracle.com/en-us/iaas/Content/File/Tasks/snapshot-policy-detach-file-system.htm,200,10395,File__Tasks__snapshot-policy-detach-file-system.md
02:05:05,https://docs.oracle.com/en-us/iaas/Content/File/Tasks/snapshot-policy-edit.htm,200,9157,File__Tasks__snapshot-policy-edit.md
02:05:07,https://docs.oracle.com/en-us/iaas/Content/File/Tasks/snapshot-policy-get.htm,200,7990,File__Tasks__snapshot-policy-get.md
02:05:08,https://docs.oracle.com/en-us/iaas/Content/File/Tasks/snapshot-policy-list.htm,200,8480,File__Tasks__snapshot-policy-list.md
02:05:09,https://docs.oracle.com/en-us/iaas/Content/File/Tasks/snapshot-policy-move.htm,200,8717,File__Tasks__snapshot-policy-move.md
02:05:11,https://docs.oracle.com/en-us/iaas/Content/File/Tasks/snapshot-policy-pause.htm,200,9631,File__Tasks__snapshot-policy-pause.md
02:05:12,https://docs.oracle.com/en-us/iaas/Content/File/Tasks/snapshot-schedule-delete.htm,200,8371,File__Tasks__snapshot-schedule-delete.md
02:05:12,https://docs.oracle.com/en-us/iaas/Content/File/Tasks/snapshot-schedule-edit.htm,200,9070,File__Tasks__snapshot-schedule-edit.md
02:05:13,https://docs.oracle.com/en-us/iaas/Content/File/Tasks/snapshot_immutable_lock_howTo.htm,200,19594,File__Tasks__snapshot_immutable_lock_howTo.md
02:05:14,https://docs.oracle.com/en-us/iaas/Content/File/Tasks/snapshot_lock_overview.htm,200,21068,File__Tasks__snapshot_lock_overview.md
02:05:15,https://docs.oracle.com/en-us/iaas/Content/File/Tasks/tag-file-system.htm,200,8262,File__Tasks__tag-file-system.md
02:05:17,https://docs.oracle.com/en-us/iaas/Content/File/Tasks/tag-mount-target.htm,200,8322,File__Tasks__tag-mount-target.md
02:05:18,https://docs.oracle.com/en-us/iaas/Content/File/Tasks/tag-snapshot.htm,200,8676,File__Tasks__tag-snapshot.md
02:05:20,https://docs.oracle.com/en-us/iaas/Content/File/Tasks/transferring-data-to-and-from-file-storage.htm,200,25010,File__Tasks__transferring-data-to-and-from-file-storage.md
02:05:21,https://docs.oracle.com/en-us/iaas/Content/File/Tasks/unlock-export.htm,200,9450,File__Tasks__unlock-export.md
02:05:22,https://docs.oracle.com/en-us/iaas/Content/File/Tasks/unlock-file-system.htm,200,9429,File__Tasks__unlock-file-system.md
02:05:23,https://docs.oracle.com/en-us/iaas/Content/File/Tasks/unlock-mount-target.htm,200,9556,File__Tasks__unlock-mount-target.md
02:05:24,https://docs.oracle.com/en-us/iaas/Content/File/Tasks/unlock-outbound-connector.htm,200,9852,File__Tasks__unlock-outbound-connector.md
02:05:25,https://docs.oracle.com/en-us/iaas/Content/File/Tasks/unlock-replication.htm,200,9767,File__Tasks__unlock-replication.md
02:05:26,https://docs.oracle.com/en-us/iaas/Content/File/Tasks/unlock-snapshot-policy.htm,200,9499,File__Tasks__unlock-snapshot-policy.md
02:05:27,https://docs.oracle.com/en-us/iaas/Content/File/Tasks/unlock-snapshot.htm,200,9799,File__Tasks__unlock-snapshot.md
02:05:29,https://docs.oracle.com/en-us/iaas/Content/File/Tasks/using_file_storage_parallel_tools.htm,200,23281,File__Tasks__using_file_storage_parallel_tools.md
02:05:30,https://docs.oracle.com/en-us/iaas/Content/File/Tasks/verify-encryption-key-principal.htm,200,8480,File__Tasks__verify-encryption-key-principal.md
02:05:31,https://docs.oracle.com/en-us/iaas/Content/File/Tasks/zpr-mount-target.htm,200,12354,File__Tasks__zpr-mount-target.md
02:05:32,https://docs.oracle.com/en-us/iaas/Content/File/Troubleshooting/32_bit_application.htm,200,10215,File__Troubleshooting__32_bit_application.md
02:05:33,https://docs.oracle.com/en-us/iaas/Content/File/Troubleshooting/SlowLS.htm,200,10971,File__Troubleshooting__SlowLS.md
02:05:34,https://docs.oracle.com/en-us/iaas/Content/File/Troubleshooting/access-denied-k8-mounted-fss.htm,200,7214,File__Troubleshooting__access-denied-k8-mounted-fss.md
02:05:36,https://docs.oracle.com/en-us/iaas/Content/File/Troubleshooting/access-denied-mounting-LDAP-or-Kerberos.htm,200,9605,File__Troubleshooting__access-denied-mounting-LDAP-or-Kerberos.md
02:05:37,https://docs.oracle.com/en-us/iaas/Content/File/Troubleshooting/appInstallTS.htm,200,8922,File__Troubleshooting__appInstallTS.md
02:05:38,https://docs.oracle.com/en-us/iaas/Content/File/Troubleshooting/applicationfailstoacquirelock.htm,200,7379,File__Troubleshooting__applicationfailstoacquirelock.md
02:05:39,https://docs.oracle.com/en-us/iaas/Content/File/Troubleshooting/cannot_delete_a_file_system.htm,200,8724,File__Troubleshooting__cannot_delete_a_file_system.md
02:05:40,https://docs.oracle.com/en-us/iaas/Content/File/Troubleshooting/cannot_mount_after_reboot.htm,200,7308,File__Troubleshooting__cannot_mount_after_reboot.md
02:05:41,https://docs.oracle.com/en-us/iaas/Content/File/Troubleshooting/cannot_unmount_device_busy.htm,200,7974,File__Troubleshooting__cannot_unmount_device_busy.md
02:05:42,https://docs.oracle.com/en-us/iaas/Content/File/Troubleshooting/cannotwrite.htm,200,9067,File__Troubleshooting__cannotwrite.md
02:05:43,https://docs.oracle.com/en-us/iaas/Content/File/Troubleshooting/check-mt-network-rpcinfo.htm,200,12408,File__Troubleshooting__check-mt-network-rpcinfo.md
02:05:44,https://docs.oracle.com/en-us/iaas/Content/File/Troubleshooting/clone-parent-size-mismatch.htm,200,6923,File__Troubleshooting__clone-parent-size-mismatch.md
02:05:46,https://docs.oracle.com/en-us/iaas/Content/File/Troubleshooting/cloning_a_file_system_doesn_t_replicate_file_system_data.htm,200,7350,File__Troubleshooting__cloning_a_file_system_doesn_t_replicate_file_system_data.md
02:05:47,https://docs.oracle.com/en-us/iaas/Content/File/Troubleshooting/cloning_a_file_system_fails.htm,200,9333,File__Troubleshooting__cloning_a_file_system_fails.md
02:05:48,https://docs.oracle.com/en-us/iaas/Content/File/Troubleshooting/createfilesystem_api_operation_fails.htm,200,6639,File__Troubleshooting__createfilesystem_api_operation_fails.md
02:05:49,https://docs.oracle.com/en-us/iaas/Content/File/Troubleshooting/creating_a_file_system_with_an_assigned_key_fails.htm,200,8183,File__Troubleshooting__creating_a_file_system_with_an_assigned_key_fails.md
02:05:50,https://docs.oracle.com/en-us/iaas/Content/File/Troubleshooting/deleted_snapshots_still_appear_in_df_output.htm,200,7191,File__Troubleshooting__deleted_snapshots_still_appear_in_df_output.md
02:05:51,https://docs.oracle.com/en-us/iaas/Content/File/Troubleshooting/df_reports_0_free.htm,200,6599,File__Troubleshooting__df_reports_0_free.md
02:05:52,https://docs.oracle.com/en-us/iaas/Content/File/Troubleshooting/df_reports_incorrect_usage.htm,200,8432,File__Troubleshooting__df_reports_incorrect_usage.md
02:05:54,https://docs.oracle.com/en-us/iaas/Content/File/Troubleshooting/ebs_processing_slow.htm,200,7726,File__Troubleshooting__ebs_processing_slow.md
02:05:55,https://docs.oracle.com/en-us/iaas/Content/File/Troubleshooting/exportpaths.htm,200,25645,File__Troubleshooting__exportpaths.md
02:05:55,https://docs.oracle.com/en-us/iaas/Content/File/Troubleshooting/file_system_clones_not_visible.htm,200,7056,File__Troubleshooting__file_system_clones_not_visible.md
02:05:57,https://docs.oracle.com/en-us/iaas/Content/File/Troubleshooting/file_system_no_longer_accessible.htm,200,8299,File__Troubleshooting__file_system_no_longer_accessible.md
02:05:58,https://docs.oracle.com/en-us/iaas/Content/File/Troubleshooting/filelocks.htm,200,7487,File__Troubleshooting__filelocks.md
02:05:59,https://docs.oracle.com/en-us/iaas/Content/File/Troubleshooting/filesystem-performance-troubleshooting.htm,200,7581,File__Troubleshooting__filesystem-performance-troubleshooting.md
02:06:00,https://docs.oracle.com/en-us/iaas/Content/File/Troubleshooting/fssApacheFails.htm,200,7461,File__Troubleshooting__fssApacheFails.md
02:06:02,https://docs.oracle.com/en-us/iaas/Content/File/Troubleshooting/increasing-throughput.htm,200,7047,File__Troubleshooting__increasing-throughput.md
02:06:03,https://docs.oracle.com/en-us/iaas/Content/File/Troubleshooting/input-output-error-listing-snapshots.htm,200,6227,File__Troubleshooting__input-output-error-listing-snapshots.md
02:06:04,https://docs.oracle.com/en-us/iaas/Content/File/Troubleshooting/installationfails.htm,200,8680,File__Troubleshooting__installationfails.md
02:06:05,https://docs.oracle.com/en-us/iaas/Content/File/Troubleshooting/instance-creation-ip-allocated.htm,200,7668,File__Troubleshooting__instance-creation-ip-allocated.md
02:06:06,https://docs.oracle.com/en-us/iaas/Content/File/Troubleshooting/intransit-encryption-commands-unresponsive.htm,200,6269,File__Troubleshooting__intransit-encryption-commands-unresponsive.md
02:06:07,https://docs.oracle.com/en-us/iaas/Content/File/Troubleshooting/intransit-encryption-hangs.htm,200,8152,File__Troubleshooting__intransit-encryption-hangs.md
02:06:08,https://docs.oracle.com/en-us/iaas/Content/File/Troubleshooting/kerberos-enabled-mounting-slow.htm,200,6466,File__Troubleshooting__kerberos-enabled-mounting-slow.md
02:06:09,https://docs.oracle.com/en-us/iaas/Content/File/Troubleshooting/kerberos-keytab-unable-to-read.htm,200,6344,File__Troubleshooting__kerberos-keytab-unable-to-read.md
02:06:11,https://docs.oracle.com/en-us/iaas/Content/File/Troubleshooting/managefilesystemTS.htm,200,12252,File__Troubleshooting__managefilesystemTS.md
02:06:12,https://docs.oracle.com/en-us/iaas/Content/File/Troubleshooting/mapping-for-multiple-windows-users.htm,200,7549,File__Troubleshooting__mapping-for-multiple-windows-users.md
02:06:12,https://docs.oracle.com/en-us/iaas/Content/File/Troubleshooting/mount_appears_empty_after_reboot.htm,200,7152,File__Troubleshooting__mount_appears_empty_after_reboot.md
02:06:14,https://docs.oracle.com/en-us/iaas/Content/File/Troubleshooting/mounttargetfails.htm,200,10379,File__Troubleshooting__mounttargetfails.md
02:06:15,https://docs.oracle.com/en-us/iaas/Content/File/Troubleshooting/mounttargetlimit.htm,200,8011,File__Troubleshooting__mounttargetlimit.md
02:06:16,https://docs.oracle.com/en-us/iaas/Content/File/Troubleshooting/mt-ldap-kerb-resouce-not-found.htm,200,6552,File__Troubleshooting__mt-ldap-kerb-resouce-not-found.md
02:06:17,https://docs.oracle.com/en-us/iaas/Content/File/Troubleshooting/mt-nfs-server-not-responding.htm,200,10081,File__Troubleshooting__mt-nfs-server-not-responding.md
02:06:18,https://docs.oracle.com/en-us/iaas/Content/File/Troubleshooting/nfsxxxxxxxxxx.htm,200,7384,File__Troubleshooting__nfsxxxxxxxxxx.md
02:06:19,https://docs.oracle.com/en-us/iaas/Content/File/Troubleshooting/no_locks_available_error.htm,200,6602,File__Troubleshooting__no_locks_available_error.md
02:06:20,https://docs.oracle.com/en-us/iaas/Content/File/Troubleshooting/on-prem_to_fss_sync.htm,200,9111,File__Troubleshooting__on-prem_to_fss_sync.md
02:06:21,https://docs.oracle.com/en-us/iaas/Content/File/Troubleshooting/oracle-database-rman-fails.htm,200,7010,File__Troubleshooting__oracle-database-rman-fails.md
02:06:22,https://docs.oracle.com/en-us/iaas/Content/File/Troubleshooting/orphanedmounttarget.htm,200,13396,File__Troubleshooting__orphanedmounttarget.md
02:06:23,https://docs.oracle.com/en-us/iaas/Content/File/Troubleshooting/performance.htm,200,7899,File__Troubleshooting__performance.md
02:06:24,https://docs.oracle.com/en-us/iaas/Content/File/Troubleshooting/permission-denied-group-limit.htm,200,6516,File__Troubleshooting__permission-denied-group-limit.md
02:06:25,https://docs.oracle.com/en-us/iaas/Content/File/Troubleshooting/permission-denied-ldap-lookup.htm,200,6925,File__Troubleshooting__permission-denied-ldap-lookup.md
02:06:26,https://docs.oracle.com/en-us/iaas/Content/File/Troubleshooting/policy-based-cannot-create.htm,200,6881,File__Troubleshooting__policy-based-cannot-create.md
02:06:27,https://docs.oracle.com/en-us/iaas/Content/File/Troubleshooting/policy-based-duplicate-schedule.htm,200,6231,File__Troubleshooting__policy-based-duplicate-schedule.md
02:06:28,https://docs.oracle.com/en-us/iaas/Content/File/Troubleshooting/policy-based-hourly.htm,200,6248,File__Troubleshooting__policy-based-hourly.md
02:06:29,https://docs.oracle.com/en-us/iaas/Content/File/Troubleshooting/policy-based-retention.htm,200,6438,File__Troubleshooting__policy-based-retention.md
02:06:31,https://docs.oracle.com/en-us/iaas/Content/File/Troubleshooting/remove_snapshot_rm_rf_fails.htm,200,6228,File__Troubleshooting__remove_snapshot_rm_rf_fails.md
02:06:32,https://docs.oracle.com/en-us/iaas/Content/File/Troubleshooting/resources_aren_t_visible.htm,200,6640,File__Troubleshooting__resources_aren_t_visible.md
02:06:33,https://docs.oracle.com/en-us/iaas/Content/File/Troubleshooting/rsync_is_slow_copying_files.htm,200,8009,File__Troubleshooting__rsync_is_slow_copying_files.md
02:06:34,https://docs.oracle.com/en-us/iaas/Content/File/Troubleshooting/rsync_slow_across_regions.htm,200,8905,File__Troubleshooting__rsync_slow_across_regions.md
02:06:35,https://docs.oracle.com/en-us/iaas/Content/File/Troubleshooting/setupTS.htm,200,6915,File__Troubleshooting__setupTS.md
02:06:37,https://docs.oracle.com/en-us/iaas/Content/File/Troubleshooting/showmountfails.htm,200,6814,File__Troubleshooting__showmountfails.md
02:06:38,https://docs.oracle.com/en-us/iaas/Content/File/Troubleshooting/skipped-snapshots.htm,200,6626,File__Troubleshooting__skipped-snapshots.md
02:06:39,https://docs.oracle.com/en-us/iaas/Content/File/Troubleshooting/snapshots_in_deleting_state.htm,200,6471,File__Troubleshooting__snapshots_in_deleting_state.md
02:06:40,https://docs.oracle.com/en-us/iaas/Content/File/Troubleshooting/stale_file_handle.htm,200,7025,File__Troubleshooting__stale_file_handle.md
02:06:41,https://docs.oracle.com/en-us/iaas/Content/File/Troubleshooting/symboliclinks.htm,200,7421,File__Troubleshooting__symboliclinks.md
02:06:42,https://docs.oracle.com/en-us/iaas/Content/File/Troubleshooting/transferring-windows-data-sms.htm,200,8865,File__Troubleshooting__transferring-windows-data-sms.md
02:06:43,https://docs.oracle.com/en-us/iaas/Content/File/Troubleshooting/troubleshoot-kerberos-fs.htm,200,7511,File__Troubleshooting__troubleshoot-kerberos-fs.md
02:06:45,https://docs.oracle.com/en-us/iaas/Content/File/Troubleshooting/troubleshooting-replication_create-fails.htm,200,12636,File__Troubleshooting__troubleshooting-replication_create-fails.md
02:06:46,https://docs.oracle.com/en-us/iaas/Content/File/Troubleshooting/troubleshooting-replication_create-snapshot-fails.htm,200,6718,File__Troubleshooting__troubleshooting-replication_create-snapshot-fails.md
02:06:47,https://docs.oracle.com/en-us/iaas/Content/File/Troubleshooting/troubleshooting-replication_estimator-comparisons.htm,200,6788,File__Troubleshooting__troubleshooting-replication_estimator-comparisons.md
02:06:48,https://docs.oracle.com/en-us/iaas/Content/File/Troubleshooting/troubleshooting-replication_failed-state.htm,200,6586,File__Troubleshooting__troubleshooting-replication_failed-state.md
02:06:49,https://docs.oracle.com/en-us/iaas/Content/File/Troubleshooting/troubleshooting-replication_service-error.htm,200,6253,File__Troubleshooting__troubleshooting-replication_service-error.md
02:06:50,https://docs.oracle.com/en-us/iaas/Content/File/Troubleshooting/troubleshooting-replication_stuck-deleting.htm,200,6807,File__Troubleshooting__troubleshooting-replication_stuck-deleting.md
02:06:52,https://docs.oracle.com/en-us/iaas/Content/File/Troubleshooting/troubleshooting-replication_unable-to-export-target.htm,200,6798,File__Troubleshooting__troubleshooting-replication_unable-to-export-target.md
02:06:53,https://docs.oracle.com/en-us/iaas/Content/File/Troubleshooting/troubleshooting-replication_utilization-mismatch.htm,200,6615,File__Troubleshooting__troubleshooting-replication_utilization-mismatch.md
02:06:54,https://docs.oracle.com/en-us/iaas/Content/File/Troubleshooting/troubleshooting_file_system_clonesTS.htm,200,6686,File__Troubleshooting__troubleshooting_file_system_clonesTS.md
02:06:55,https://docs.oracle.com/en-us/iaas/Content/File/Troubleshooting/troubleshooting_file_system_replication.htm,200,7875,File__Troubleshooting__troubleshooting_file_system_replication.md
02:06:56,https://docs.oracle.com/en-us/iaas/Content/File/Troubleshooting/troubleshooting_mount_target_in-transit_encryption.htm,200,6493,File__Troubleshooting__troubleshooting_mount_target_in-transit_encryption.md
02:06:57,https://docs.oracle.com/en-us/iaas/Content/File/Troubleshooting/troubleshooting_mount_target_managementTS.htm,200,7098,File__Troubleshooting__troubleshooting_mount_target_managementTS.md
02:06:58,https://docs.oracle.com/en-us/iaas/Content/File/Troubleshooting/troubleshooting_snapshot_managementTS.htm,200,7342,File__Troubleshooting__troubleshooting_snapshot_managementTS.md
02:07:00,https://docs.oracle.com/en-us/iaas/Content/File/Troubleshooting/using-ldap-charts-and-logs.htm,200,14828,File__Troubleshooting__using-ldap-charts-and-logs.md
02:07:00,https://docs.oracle.com/en-us/iaas/Content/File/Troubleshooting/web-logic-server-restart-failure.htm,200,8132,File__Troubleshooting__web-logic-server-restart-failure.md
02:07:01,https://docs.oracle.com/en-us/iaas/Content/File/Troubleshooting/win-not-enough-free-space.htm,200,7206,File__Troubleshooting__win-not-enough-free-space.md
02:07:02,https://docs.oracle.com/en-us/iaas/Content/File/Troubleshooting/winNFSTS.htm,200,9623,File__Troubleshooting__winNFSTS.md
02:07:04,https://docs.oracle.com/en-us/iaas/Content/File/Troubleshooting/winNFScreatefail.htm,200,16281,File__Troubleshooting__winNFScreatefail.md
02:07:05,https://docs.oracle.com/en-us/iaas/Content/File/Troubleshooting/winNFSdriveNotVisiblePS.htm,200,10658,File__Troubleshooting__winNFSdriveNotVisiblePS.md
02:07:06,https://docs.oracle.com/en-us/iaas/Content/File/Troubleshooting/winNFSdrivenotvisible.htm,200,7086,File__Troubleshooting__winNFSdrivenotvisible.md
02:07:07,https://docs.oracle.com/en-us/iaas/Content/File/Troubleshooting/winNFSerror53.htm,200,10969,File__Troubleshooting__winNFSerror53.md
02:07:08,https://docs.oracle.com/en-us/iaas/Content/File/Troubleshooting/winNFSstuckat99.htm,200,6514,File__Troubleshooting__winNFSstuckat99.md
02:07:09,https://docs.oracle.com/en-us/iaas/Content/File/Troubleshooting/winNFSunexpectederror.htm,200,7108,File__Troubleshooting__winNFSunexpectederror.md
02:07:10,https://docs.oracle.com/en-us/iaas/Content/File/Troubleshooting/windows-directory-scan-slow.htm,200,7289,File__Troubleshooting__windows-directory-scan-slow.md
02:07:11,https://docs.oracle.com/en-us/iaas/Content/File/Troubleshooting/windows-garbled-non-ANSI-names.htm,200,7613,File__Troubleshooting__windows-garbled-non-ANSI-names.md
02:07:12,https://docs.oracle.com/en-us/iaas/Content/File/Troubleshooting/windows-server-2022-directory-slow.htm,200,7724,File__Troubleshooting__windows-server-2022-directory-slow.md
02:07:13,https://docs.oracle.com/en-us/iaas/Content/File/Troubleshooting/zone-identifier-files.htm,200,7682,File__Troubleshooting__zone-identifier-files.md
02:07:14,https://docs.oracle.com/en-us/iaas/Content/File/home.htm,200,15646,File__home.md
02:07:15,https://docs.oracle.com/en-us/iaas/Content/Functions/Concepts/functionsavailability.htm,200,9531,Functions__Concepts__functionsavailability.md
02:07:17,https://docs.oracle.com/en-us/iaas/Content/Functions/Concepts/functionsconcepts.htm,200,12116,Functions__Concepts__functionsconcepts.md
02:07:17,https://docs.oracle.com/en-us/iaas/Content/Functions/Concepts/functionsconfigurationappendix.htm,200,7145,Functions__Concepts__functionsconfigurationappendix.md
02:07:18,https://docs.oracle.com/en-us/iaas/Content/Functions/Concepts/functionsdiffswithfn.htm,200,14188,Functions__Concepts__functionsdiffswithfn.md
02:07:20,https://docs.oracle.com/en-us/iaas/Content/Functions/Concepts/functionshowitworks.htm,200,11110,Functions__Concepts__functionshowitworks.md
02:07:21,https://docs.oracle.com/en-us/iaas/Content/Functions/Concepts/functionsoverview.htm,200,19685,Functions__Concepts__functionsoverview.md
02:07:23,https://docs.oracle.com/en-us/iaas/Content/Functions/Concepts/functionsprerequisites.htm,200,8572,Functions__Concepts__functionsprerequisites.md
02:07:24,https://docs.oracle.com/en-us/iaas/Content/Functions/Concepts/functionsprivateaccess.htm,200,6522,Functions__Concepts__functionsprivateaccess.md
02:07:25,https://docs.oracle.com/en-us/iaas/Content/Functions/Reference/functionsmetrics.htm,200,30922,Functions__Reference__functionsmetrics.md
02:07:26,https://docs.oracle.com/en-us/iaas/Content/Functions/Tasks/functions_pbf_apm_log_sender.htm,200,35939,Functions__Tasks__functions_pbf_apm_log_sender.md
02:07:27,https://docs.oracle.com/en-us/iaas/Content/Functions/Tasks/functions_pbf_catalog.htm,200,10004,Functions__Tasks__functions_pbf_catalog.md
02:07:29,https://docs.oracle.com/en-us/iaas/Content/Functions/Tasks/functions_pbf_catalog_cost_reports_focus_converter.htm,200,46659,Functions__Tasks__functions_pbf_catalog_cost_reports_focus_converter.md
02:07:30,https://docs.oracle.com/en-us/iaas/Content/Functions/Tasks/functions_pbf_catalog_document_generator.htm,200,55131,Functions__Tasks__functions_pbf_catalog_document_generator.md
02:07:31,https://docs.oracle.com/en-us/iaas/Content/Functions/Tasks/functions_pbf_catalog_media_workflow_job.htm,200,36152,Functions__Tasks__functions_pbf_catalog_media_workflow_job.md
02:07:32,https://docs.oracle.com/en-us/iaas/Content/Functions/Tasks/functions_pbf_catalog_object_storage_extractor.htm,200,42072,Functions__Tasks__functions_pbf_catalog_object_storage_extractor.md
02:07:34,https://docs.oracle.com/en-us/iaas/Content/Functions/Tasks/functions_pbf_catalog_object_storage_file_zip.htm,200,43335,Functions__Tasks__functions_pbf_catalog_object_storage_file_zip.md
02:07:35,https://docs.oracle.com/en-us/iaas/Content/Functions/Tasks/functions_pbf_catalog_zero_quota_policy_creator.htm,200,33609,Functions__Tasks__functions_pbf_catalog_zero_quota_policy_creator.md
02:07:35,https://docs.oracle.com/en-us/iaas/Content/Functions/Tasks/functions_pbf_creating_prebuilt.htm,200,11796,Functions__Tasks__functions_pbf_creating_prebuilt.md
02:07:37,https://docs.oracle.com/en-us/iaas/Content/Functions/Tasks/functions_pbf_database_secret_rotation_with_wallet.htm,200,53791,Functions__Tasks__functions_pbf_database_secret_rotation_with_wallet.md
02:07:38,https://docs.oracle.com/en-us/iaas/Content/Functions/Tasks/functions_pbf_database_secret_rotation_without_wallet.htm,200,53871,Functions__Tasks__functions_pbf_database_secret_rotation_without_wallet.md
02:07:39,https://docs.oracle.com/en-us/iaas/Content/Functions/Tasks/functions_pbf_finishing_prebuilt_deploy.htm,200,9787,Functions__Tasks__functions_pbf_finishing_prebuilt_deploy.md
02:07:40,https://docs.oracle.com/en-us/iaas/Content/Functions/Tasks/functions_pbf_invoking.htm,200,7780,Functions__Tasks__functions_pbf_invoking.md
02:07:41,https://docs.oracle.com/en-us/iaas/Content/Functions/Tasks/functions_pbf_managing.htm,200,6259,Functions__Tasks__functions_pbf_managing.md
02:07:42,https://docs.oracle.com/en-us/iaas/Content/Functions/Tasks/functionsaccessingadbfromrunningfunctions.htm,200,7505,Functions__Tasks__functionsaccessingadbfromrunningfunctions.md
02:07:43,https://docs.oracle.com/en-us/iaas/Content/Functions/Tasks/functionsaccessinglocalfilesystem.htm,200,10573,Functions__Tasks__functionsaccessinglocalfilesystem.md
02:07:44,https://docs.oracle.com/en-us/iaas/Content/Functions/Tasks/functionsaccessingociresources.htm,200,24664,Functions__Tasks__functionsaccessingociresources.md
02:07:46,https://docs.oracle.com/en-us/iaas/Content/Functions/Tasks/functionsandfnproject-toplevel.htm,200,7189,Functions__Tasks__functionsandfnproject-toplevel.md
02:07:47,https://docs.oracle.com/en-us/iaas/Content/Functions/Tasks/functionsapplicationsmanagement_topic.htm,200,6429,Functions__Tasks__functionsapplicationsmanagement_topic.md
02:07:48,https://docs.oracle.com/en-us/iaas/Content/Functions/Tasks/functionscidrblocks.htm,200,11224,Functions__Tasks__functionscidrblocks.md
02:07:49,https://docs.oracle.com/en-us/iaas/Content/Functions/Tasks/functionscloudshellcleanup.htm,200,9940,Functions__Tasks__functionscloudshellcleanup.md
02:07:50,https://docs.oracle.com/en-us/iaas/Content/Functions/Tasks/functionsconfigureocicli.htm,200,8355,Functions__Tasks__functionsconfigureocicli.md
02:07:52,https://docs.oracle.com/en-us/iaas/Content/Functions/Tasks/functionsconfiguringclient.htm,200,8790,Functions__Tasks__functionsconfiguringclient.md
02:07:53,https://docs.oracle.com/en-us/iaas/Content/Functions/Tasks/functionsconfiguringclient_topic-Different_Options_for_Function_Development_Environments.htm,200,12468,Functions__Tasks__functionsconfiguringclient_topic-Different_Options_for_Function_Development_Environments.md
02:07:54,https://docs.oracle.com/en-us/iaas/Content/Functions/Tasks/functionsconfiguringtenancies.htm,200,7140,Functions__Tasks__functionsconfiguringtenancies.md
02:07:55,https://docs.oracle.com/en-us/iaas/Content/Functions/Tasks/functionscontrollingaccess-toplevel.htm,200,7136,Functions__Tasks__functionscontrollingaccess-toplevel.md
02:07:57,https://docs.oracle.com/en-us/iaas/Content/Functions/Tasks/functionscreatefncontext.htm,200,20903,Functions__Tasks__functionscreatefncontext.md
02:07:58,https://docs.oracle.com/en-us/iaas/Content/Functions/Tasks/functionscreatingapps-task.htm,200,18193,Functions__Tasks__functionscreatingapps-task.md
02:07:59,https://docs.oracle.com/en-us/iaas/Content/Functions/Tasks/functionscreatingapps.htm,200,18009,Functions__Tasks__functionscreatingapps.md
02:08:00,https://docs.oracle.com/en-us/iaas/Content/Functions/Tasks/functionscreatingcompartment.htm,200,6957,Functions__Tasks__functionscreatingcompartment.md
02:08:02,https://docs.oracle.com/en-us/iaas/Content/Functions/Tasks/functionscreatingfirst.htm,200,14801,Functions__Tasks__functionscreatingfirst.md
02:08:03,https://docs.oracle.com/en-us/iaas/Content/Functions/Tasks/functionscreatingfromcoderepousingcodeeditor.htm,200,24679,Functions__Tasks__functionscreatingfromcoderepousingcodeeditor.md
02:08:05,https://docs.oracle.com/en-us/iaas/Content/Functions/Tasks/functionscreatingfromsampleusingcodeeditor.htm,200,25636,Functions__Tasks__functionscreatingfromsampleusingcodeeditor.md
02:08:06,https://docs.oracle.com/en-us/iaas/Content/Functions/Tasks/functionscreatingfromtemplateusingcodeeditor.htm,200,22091,Functions__Tasks__functionscreatingfromtemplateusingcodeeditor.md
02:08:07,https://docs.oracle.com/en-us/iaas/Content/Functions/Tasks/functionscreatingfunction-task.htm,200,17764,Functions__Tasks__functionscreatingfunction-task.md
02:08:08,https://docs.oracle.com/en-us/iaas/Content/Functions/Tasks/functionscreatingfunctions-about.htm,200,7783,Functions__Tasks__functionscreatingfunctions-about.md
02:08:09,https://docs.oracle.com/en-us/iaas/Content/Functions/Tasks/functionscreatingfunctions-toplevel.htm,200,6362,Functions__Tasks__functionscreatingfunctions-toplevel.md
02:08:10,https://docs.oracle.com/en-us/iaas/Content/Functions/Tasks/functionscreatingfunctions-usingVScodeplugin.htm,200,14356,Functions__Tasks__functionscreatingfunctions-usingVScodeplugin.md
02:08:11,https://docs.oracle.com/en-us/iaas/Content/Functions/Tasks/functionscreatingfunctions-usingcodeeditor.htm,200,7183,Functions__Tasks__functionscreatingfunctions-usingcodeeditor.md
02:08:13,https://docs.oracle.com/en-us/iaas/Content/Functions/Tasks/functionscreatingfunctions-usingfncli.htm,200,7230,Functions__Tasks__functionscreatingfunctions-usingfncli.md
02:08:14,https://docs.oracle.com/en-us/iaas/Content/Functions/Tasks/functionscreatingfunctions.htm,200,19485,Functions__Tasks__functionscreatingfunctions.md
02:08:15,https://docs.oracle.com/en-us/iaas/Content/Functions/Tasks/functionscreatinggroupsusers.htm,200,6636,Functions__Tasks__functionscreatinggroupsusers.md
02:08:16,https://docs.oracle.com/en-us/iaas/Content/Functions/Tasks/functionscreatingpolicies.htm,200,36790,Functions__Tasks__functionscreatingpolicies.md
02:08:18,https://docs.oracle.com/en-us/iaas/Content/Functions/Tasks/functionscreatingvcn.htm,200,10512,Functions__Tasks__functionscreatingvcn.md
02:08:19,https://docs.oracle.com/en-us/iaas/Content/Functions/Tasks/functionscustomizing.htm,200,14806,Functions__Tasks__functionscustomizing.md
02:08:20,https://docs.oracle.com/en-us/iaas/Content/Functions/Tasks/functionsdebugfunctionslocally.htm,200,20882,Functions__Tasks__functionsdebugfunctionslocally.md
02:08:21,https://docs.oracle.com/en-us/iaas/Content/Functions/Tasks/functionsdeleting.htm,200,11991,Functions__Tasks__functionsdeleting.md
02:08:23,https://docs.oracle.com/en-us/iaas/Content/Functions/Tasks/functionsdeletingapplications-about.htm,200,6970,Functions__Tasks__functionsdeletingapplications-about.md
02:08:24,https://docs.oracle.com/en-us/iaas/Content/Functions/Tasks/functionsdeletingapplications.htm,200,10881,Functions__Tasks__functionsdeletingapplications.md
02:08:25,https://docs.oracle.com/en-us/iaas/Content/Functions/Tasks/functionsdeletingfunctions-about.htm,200,6945,Functions__Tasks__functionsdeletingfunctions-about.md
02:08:26,https://docs.oracle.com/en-us/iaas/Content/Functions/Tasks/functionsdeveloplocallywithhotreloadandfnserver.htm,200,17040,Functions__Tasks__functionsdeveloplocallywithhotreloadandfnserver.md
02:08:28,https://docs.oracle.com/en-us/iaas/Content/Functions/Tasks/functionsdownloadingsamples.htm,200,6985,Functions__Tasks__functionsdownloadingsamples.md
02:08:29,https://docs.oracle.com/en-us/iaas/Content/Functions/Tasks/functionsdownloadingsamples_topic-Reference_Architectures.htm,200,6344,Functions__Tasks__functionsdownloadingsamples_topic-Reference_Architectures.md
02:08:30,https://docs.oracle.com/en-us/iaas/Content/Functions/Tasks/functionsdownloadingsamples_topic-Sample_functions-Connection-pooling.htm,200,7414,Functions__Tasks__functionsdownloadingsamples_topic-Sample_functions-Connection-pooling.md
02:08:31,https://docs.oracle.com/en-us/iaas/Content/Functions/Tasks/functionsdownloadingsamples_topic-Sample_functions.htm,200,7631,Functions__Tasks__functionsdownloadingsamples_topic-Sample_functions.md
02:08:32,https://docs.oracle.com/en-us/iaas/Content/Functions/Tasks/functionsdownloadingsamples_topic-Solution_Playbooks.htm,200,6584,Functions__Tasks__functionsdownloadingsamples_topic-Solution_Playbooks.md
02:08:33,https://docs.oracle.com/en-us/iaas/Content/Functions/Tasks/functionsdownloadingsamples_topic-developer_blogs.htm,200,44545,Functions__Tasks__functionsdownloadingsamples_topic-developer_blogs.md
02:08:34,https://docs.oracle.com/en-us/iaas/Content/Functions/Tasks/functionsdownloadingsamples_topic-developer_tutorials.htm,200,7562,Functions__Tasks__functionsdownloadingsamples_topic-developer_tutorials.md
02:08:35,https://docs.oracle.com/en-us/iaas/Content/Functions/Tasks/functionsenforcingsignedimagesfromocir.htm,200,38553,Functions__Tasks__functionsenforcingsignedimagesfromocir.md
02:08:37,https://docs.oracle.com/en-us/iaas/Content/Functions/Tasks/functionsenvironmentvariables.htm,200,13809,Functions__Tasks__functionsenvironmentvariables.md
02:08:39,https://docs.oracle.com/en-us/iaas/Content/Functions/Tasks/functionsexportingfunctionlogfiles.htm,200,24676,Functions__Tasks__functionsexportingfunctionlogfiles.md
02:08:40,https://docs.oracle.com/en-us/iaas/Content/Functions/Tasks/functionsfinding-details-for-functions-resources.htm,200,9831,Functions__Tasks__functionsfinding-details-for-functions-resources.md
02:08:42,https://docs.oracle.com/en-us/iaas/Content/Functions/Tasks/functionsfnprojecttutorials.htm,200,7263,Functions__Tasks__functionsfnprojecttutorials.md
02:08:43,https://docs.oracle.com/en-us/iaas/Content/Functions/Tasks/functionsgenerateauthtokens.htm,200,8900,Functions__Tasks__functionsgenerateauthtokens.md
02:08:44,https://docs.oracle.com/en-us/iaas/Content/Functions/Tasks/functionsimagescanning.htm,200,10197,Functions__Tasks__functionsimagescanning.md
02:08:45,https://docs.oracle.com/en-us/iaas/Content/Functions/Tasks/functionsinstalldocker.htm,200,11423,Functions__Tasks__functionsinstalldocker.md
02:08:46,https://docs.oracle.com/en-us/iaas/Content/Functions/Tasks/functionsinstallfncli.htm,200,9063,Functions__Tasks__functionsinstallfncli.md
02:08:49,https://docs.oracle.com/en-us/iaas/Content/Functions/Tasks/functionsintegratingfunctions-toplevel.htm,200,6306,Functions__Tasks__functionsintegratingfunctions-toplevel.md
02:08:50,https://docs.oracle.com/en-us/iaas/Content/Functions/Tasks/functionsintegratingwithother.htm,200,8072,Functions__Tasks__functionsintegratingwithother.md
02:08:51,https://docs.oracle.com/en-us/iaas/Content/Functions/Tasks/functionsintegratingwithotheroracleproducts.htm,200,6399,Functions__Tasks__functionsintegratingwithotheroracleproducts.md
02:08:52,https://docs.oracle.com/en-us/iaas/Content/Functions/Tasks/functionsinvokingfunctions-toplevel.htm,200,5989,Functions__Tasks__functionsinvokingfunctions-toplevel.md
02:08:53,https://docs.oracle.com/en-us/iaas/Content/Functions/Tasks/functionsinvokingfunctions.htm,200,41645,Functions__Tasks__functionsinvokingfunctions.md
02:08:54,https://docs.oracle.com/en-us/iaas/Content/Functions/Tasks/functionslogintoocir.htm,200,11940,Functions__Tasks__functionslogintoocir.md
02:08:55,https://docs.oracle.com/en-us/iaas/Content/Functions/Tasks/functionsmanagement_topic.htm,200,6343,Functions__Tasks__functionsmanagement_topic.md
02:08:57,https://docs.oracle.com/en-us/iaas/Content/Functions/Tasks/functionsmanagingfunctions-toplevel.htm,200,7726,Functions__Tasks__functionsmanagingfunctions-toplevel.md
02:08:58,https://docs.oracle.com/en-us/iaas/Content/Functions/Tasks/functionsmonitoringcapacityusage.htm,200,6731,Functions__Tasks__functionsmonitoringcapacityusage.md
02:08:59,https://docs.oracle.com/en-us/iaas/Content/Functions/Tasks/functionsmonitoringcapacityusage_topic-Monitoring-concurrent-function-execution.htm,200,22464,Functions__Tasks__functionsmonitoringcapacityusage_topic-Monitoring-concurrent-function-execution.md
02:09:00,https://docs.oracle.com/en-us/iaas/Content/Functions/Tasks/functionsmonitoringcapacityusage_topic-Monitoring-provisioned-concurrency.htm,200,22268,Functions__Tasks__functionsmonitoringcapacityusage_topic-Monitoring-provisioned-concurrency.md
02:09:01,https://docs.oracle.com/en-us/iaas/Content/Functions/Tasks/functionsobservingfunctions.htm,200,6711,Functions__Tasks__functionsobservingfunctions.md
02:09:03,https://docs.oracle.com/en-us/iaas/Content/Functions/Tasks/functionspassingconfigparams-about.htm,200,8226,Functions__Tasks__functionspassingconfigparams-about.md
02:09:04,https://docs.oracle.com/en-us/iaas/Content/Functions/Tasks/functionspassingconfigparams.htm,200,13504,Functions__Tasks__functionspassingconfigparams.md
02:09:06,https://docs.oracle.com/en-us/iaas/Content/Functions/Tasks/functionspullingimagescrosstenancy.htm,200,14130,Functions__Tasks__functionspullingimagescrosstenancy.md
02:09:07,https://docs.oracle.com/en-us/iaas/Content/Functions/Tasks/functionsquickstartcloudshell.htm,200,31698,Functions__Tasks__functionsquickstartcloudshell.md
02:09:07,https://docs.oracle.com/en-us/iaas/Content/Functions/Tasks/functionsquickstartguidestop.htm,200,6696,Functions__Tasks__functionsquickstartguidestop.md
02:09:09,https://docs.oracle.com/en-us/iaas/Content/Functions/Tasks/functionsquickstartlocalhost.htm,200,39949,Functions__Tasks__functionsquickstartlocalhost.md
02:09:10,https://docs.oracle.com/en-us/iaas/Content/Functions/Tasks/functionsquickstartocicomputeinstance.htm,200,40917,Functions__Tasks__functionsquickstartocicomputeinstance.md
02:09:11,https://docs.oracle.com/en-us/iaas/Content/Functions/Tasks/functionsrestrictinguseraccess.htm,200,12869,Functions__Tasks__functionsrestrictinguseraccess.md
02:09:12,https://docs.oracle.com/en-us/iaas/Content/Functions/Tasks/functionsrunningasunprivileged.htm,200,7979,Functions__Tasks__functionsrunningasunprivileged.md
02:09:13,https://docs.oracle.com/en-us/iaas/Content/Functions/Tasks/functionsruntimes-toplevel.htm,200,6179,Functions__Tasks__functionsruntimes-toplevel.md
02:09:14,https://docs.oracle.com/en-us/iaas/Content/Functions/Tasks/functionsscheduling.htm,200,23757,Functions__Tasks__functionsscheduling.md
02:09:16,https://docs.oracle.com/en-us/iaas/Content/Functions/Tasks/functionsschedulingfunctions-about.htm,200,9498,Functions__Tasks__functionsschedulingfunctions-about.md
02:09:17,https://docs.oracle.com/en-us/iaas/Content/Functions/Tasks/functionssetoracleprofile.htm,200,8326,Functions__Tasks__functionssetoracleprofile.md
02:09:18,https://docs.oracle.com/en-us/iaas/Content/Functions/Tasks/functionssetupapikey.htm,200,7252,Functions__Tasks__functionssetupapikey.md
02:09:19,https://docs.oracle.com/en-us/iaas/Content/Functions/Tasks/functionsspecifyingcomputearchitectures.htm,200,29639,Functions__Tasks__functionsspecifyingcomputearchitectures.md
02:09:20,https://docs.oracle.com/en-us/iaas/Content/Functions/Tasks/functionsstartdocker.htm,200,8032,Functions__Tasks__functionsstartdocker.md
02:09:21,https://docs.oracle.com/en-us/iaas/Content/Functions/Tasks/functionssupportedlanguageversions.htm,200,39015,Functions__Tasks__functionssupportedlanguageversions.md
02:09:22,https://docs.oracle.com/en-us/iaas/Content/Functions/Tasks/functionstracing.htm,200,68317,Functions__Tasks__functionstracing.md
02:09:23,https://docs.oracle.com/en-us/iaas/Content/Functions/Tasks/functionstroubleshooting.htm,200,46029,Functions__Tasks__functionstroubleshooting.md
02:09:25,https://docs.oracle.com/en-us/iaas/Content/Functions/Tasks/functionstroubleshooting_topic-Issues-creating-applications-and-functions.htm,200,7666,Functions__Tasks__functionstroubleshooting_topic-Issues-creating-applications-and-functions.md
02:09:26,https://docs.oracle.com/en-us/iaas/Content/Functions/Tasks/functionstroubleshooting_topic-Issues-deploying-applications-and-functions.htm,200,34310,Functions__Tasks__functionstroubleshooting_topic-Issues-deploying-applications-and-functions.md
02:09:28,https://docs.oracle.com/en-us/iaas/Content/Functions/Tasks/functionstroubleshooting_topic-Issues-invoking-functions.htm,200,50500,Functions__Tasks__functionstroubleshooting_topic-Issues-invoking-functions.md
02:09:30,https://docs.oracle.com/en-us/iaas/Content/Functions/Tasks/functionstroubleshooting_topic-Issues-setting-up-and-running-Oracle-Functions.htm,200,15985,Functions__Tasks__functionstroubleshooting_topic-Issues-setting-up-and-running-Oracle-Functions.md
02:09:31,https://docs.oracle.com/en-us/iaas/Content/Functions/Tasks/functionstroubleshooting_topic-Miscellaneous-issues-when-using-Oracle-Functions.htm,200,8199,Functions__Tasks__functionstroubleshooting_topic-Miscellaneous-issues-when-using-Oracle-Functions.md
02:09:32,https://docs.oracle.com/en-us/iaas/Content/Functions/Tasks/functionsupdatingapplications.htm,200,11909,Functions__Tasks__functionsupdatingapplications.md
02:09:33,https://docs.oracle.com/en-us/iaas/Content/Functions/Tasks/functionsupdatingfunctions-about.htm,200,10397,Functions__Tasks__functionsupdatingfunctions-about.md
02:09:34,https://docs.oracle.com/en-us/iaas/Content/Functions/Tasks/functionsupdatingfunctions.htm,200,17023,Functions__Tasks__functionsupdatingfunctions.md
02:09:35,https://docs.oracle.com/en-us/iaas/Content/Functions/Tasks/functionsupgradingfncli.htm,200,9555,Functions__Tasks__functionsupgradingfncli.md
02:09:36,https://docs.oracle.com/en-us/iaas/Content/Functions/Tasks/functionsuploading.htm,200,14867,Functions__Tasks__functionsuploading.md
02:09:37,https://docs.oracle.com/en-us/iaas/Content/Functions/Tasks/functionsusingconnectionpooling.htm,200,6667,Functions__Tasks__functionsusingconnectionpooling.md
02:09:39,https://docs.oracle.com/en-us/iaas/Content/Functions/Tasks/functionsusingcustomdockerfiles.htm,200,11916,Functions__Tasks__functionsusingcustomdockerfiles.md
02:09:40,https://docs.oracle.com/en-us/iaas/Content/Functions/Tasks/functionsusingnsgs.htm,200,12257,Functions__Tasks__functionsusingnsgs.md
02:09:41,https://docs.oracle.com/en-us/iaas/Content/Functions/Tasks/functionsusingprovisionedconcurrency.htm,200,14457,Functions__Tasks__functionsusingprovisionedconcurrency.md
02:09:43,https://docs.oracle.com/en-us/iaas/Content/Functions/Tasks/functionsusingwithfncli.htm,200,9231,Functions__Tasks__functionsusingwithfncli.md
02:09:43,https://docs.oracle.com/en-us/iaas/Content/Functions/Tasks/functionsusingwithfnserverlocally.htm,200,19758,Functions__Tasks__functionsusingwithfnserverlocally.md
02:09:44,https://docs.oracle.com/en-us/iaas/Content/Functions/Tasks/functionsusingzpr.htm,200,22161,Functions__Tasks__functionsusingzpr.md
02:09:46,https://docs.oracle.com/en-us/iaas/Content/Functions/Tasks/functionsverifyingconfig.htm,200,9211,Functions__Tasks__functionsverifyingconfig.md
02:09:46,https://docs.oracle.com/en-us/iaas/Content/Functions/Tasks/functionsviewingfunctionsapps.htm,200,11177,Functions__Tasks__functionsviewingfunctionsapps.md
02:09:48,https://docs.oracle.com/en-us/iaas/Content/Functions/Tasks/functionsviewinglimits.htm,200,9475,Functions__Tasks__functionsviewinglimits.md
02:09:49,https://docs.oracle.com/en-us/iaas/Content/Functions/Tasks/get-application.htm,200,9364,Functions__Tasks__get-application.md
02:09:50,https://docs.oracle.com/en-us/iaas/Content/Functions/Tasks/get-function.htm,200,10211,Functions__Tasks__get-function.md
02:09:52,https://docs.oracle.com/en-us/iaas/Content/Functions/Tasks/languagessupportedbyfunctions.htm,200,13609,Functions__Tasks__languagessupportedbyfunctions.md
02:09:53,https://docs.oracle.com/en-us/iaas/Content/Functions/Tasks/list-applications.htm,200,10325,Functions__Tasks__list-applications.md
02:09:54,https://docs.oracle.com/en-us/iaas/Content/Functions/home.htm,200,15745,Functions__home.md
02:09:56,https://docs.oracle.com/en-us/iaas/Content/Functions/known-issues/functions-known-issues.htm,200,10636,Functions__known-issues__functions-known-issues.md
02:09:58,https://docs.oracle.com/en-us/iaas/Content/Functions/non-dita/DocGenPBF-doc/markdown/DocGen-Template-Tags.htm,200,133802,Functions__non-dita__DocGenPBF-doc__markdown__DocGen-Template-Tags.md
02:09:59,https://docs.oracle.com/en-us/iaas/Content/Functions/non-dita/DocGenPBF-xls/markdown/DocGen-Excel-Template-Tags.htm,200,122240,Functions__non-dita__DocGenPBF-xls__markdown__DocGen-Excel-Template-Tags.md
02:10:00,https://docs.oracle.com/en-us/iaas/Content/General/Concepts/addressranges.htm,200,21290,General__Concepts__addressranges.md
02:10:01,https://docs.oracle.com/en-us/iaas/Content/General/Concepts/announcements.htm,200,15479,General__Concepts__announcements.md
02:10:02,https://docs.oracle.com/en-us/iaas/Content/General/Concepts/announcements_topic-Email_Delivery.htm,200,8825,General__Concepts__announcements_topic-Email_Delivery.md
02:10:03,https://docs.oracle.com/en-us/iaas/Content/General/Concepts/announcements_topic-Subscribing.htm,200,9036,General__Concepts__announcements_topic-Subscribing.md
02:10:04,https://docs.oracle.com/en-us/iaas/Content/General/Concepts/announcements_topic-To_add_filters_to_a_subscription.htm,200,17457,General__Concepts__announcements_topic-To_add_filters_to_a_subscription.md
02:10:05,https://docs.oracle.com/en-us/iaas/Content/General/Concepts/announcements_topic-To_create_a_subscription.htm,200,26775,General__Concepts__announcements_topic-To_create_a_subscription.md
02:10:06,https://docs.oracle.com/en-us/iaas/Content/General/Concepts/announcements_topic-To_delete_a_subscription.htm,200,8928,General__Concepts__announcements_topic-To_delete_a_subscription.md
02:10:07,https://docs.oracle.com/en-us/iaas/Content/General/Concepts/announcements_topic-To_delete_filters.htm,200,9525,General__Concepts__announcements_topic-To_delete_filters.md
02:10:08,https://docs.oracle.com/en-us/iaas/Content/General/Concepts/announcements_topic-To_dismiss_a_banner_announcement.htm,200,6403,General__Concepts__announcements_topic-To_dismiss_a_banner_announcement.md
02:10:10,https://docs.oracle.com/en-us/iaas/Content/General/Concepts/announcements_topic-To_edit_existing_filters.htm,200,18104,General__Concepts__announcements_topic-To_edit_existing_filters.md
02:10:11,https://docs.oracle.com/en-us/iaas/Content/General/Concepts/announcements_topic-To_filter_a_list_of_announcements.htm,200,15376,General__Concepts__announcements_topic-To_filter_a_list_of_announcements.md
02:10:12,https://docs.oracle.com/en-us/iaas/Content/General/Concepts/announcements_topic-To_manage_email_preferences_for_announcements.htm,200,14147,General__Concepts__announcements_topic-To_manage_email_preferences_for_announcements.md
02:10:13,https://docs.oracle.com/en-us/iaas/Content/General/Concepts/announcements_topic-To_mark_an_announcement_as_read.htm,200,8735,General__Concepts__announcements_topic-To_mark_an_announcement_as_read.md
02:10:14,https://docs.oracle.com/en-us/iaas/Content/General/Concepts/announcements_topic-To_move_a_subscription.htm,200,9213,General__Concepts__announcements_topic-To_move_a_subscription.md
02:10:16,https://docs.oracle.com/en-us/iaas/Content/General/Concepts/announcements_topic-To_sort_a_list_of_announcements.htm,200,11752,General__Concepts__announcements_topic-To_sort_a_list_of_announcements.md
02:10:17,https://docs.oracle.com/en-us/iaas/Content/General/Concepts/announcements_topic-To_update_a_subscription.htm,200,16508,General__Concepts__announcements_topic-To_update_a_subscription.md
02:10:18,https://docs.oracle.com/en-us/iaas/Content/General/Concepts/announcements_topic-To_view_a_list_of_all_announcements.htm,200,11384,General__Concepts__announcements_topic-To_view_a_list_of_all_announcements.md
02:10:19,https://docs.oracle.com/en-us/iaas/Content/General/Concepts/announcements_topic-To_view_a_list_of_all_subscriptions.htm,200,10837,General__Concepts__announcements_topic-To_view_a_list_of_all_subscriptions.md
02:10:20,https://docs.oracle.com/en-us/iaas/Content/General/Concepts/announcements_topic-To_view_all_preferences_for_email_announcements_CLI.htm,200,8720,General__Concepts__announcements_topic-To_view_all_preferences_for_email_announcements_CLI.md
02:10:21,https://docs.oracle.com/en-us/iaas/Content/General/Concepts/announcements_topic-To_view_the_details_of_a_subscription.htm,200,11724,General__Concepts__announcements_topic-To_view_the_details_of_a_subscription.md
02:10:23,https://docs.oracle.com/en-us/iaas/Content/General/Concepts/announcements_topic-To_view_the_details_of_an_announcement.htm,200,12373,General__Concepts__announcements_topic-To_view_the_details_of_an_announcement.md
02:10:24,https://docs.oracle.com/en-us/iaas/Content/General/Concepts/announcements_topic-To_view_the_details_of_email_announcement_preferences_CLI.htm,200,8923,General__Concepts__announcements_topic-To_view_the_details_of_email_announcement_preferences_CLI.md
02:10:25,https://docs.oracle.com/en-us/iaas/Content/General/Concepts/announcements_topic-To_view_the_history_of_an_announcement.htm,200,9545,General__Concepts__announcements_topic-To_view_the_history_of_an_announcement.md
02:10:26,https://docs.oracle.com/en-us/iaas/Content/General/Concepts/announcements_topic-Viewing_Announcements.htm,200,7575,General__Concepts__announcements_topic-Viewing_Announcements.md
02:10:28,https://docs.oracle.com/en-us/iaas/Content/General/Concepts/compartmentexplorer.htm,200,123117,General__Concepts__compartmentexplorer.md
02:10:29,https://docs.oracle.com/en-us/iaas/Content/General/Concepts/credentials.htm,200,12368,General__Concepts__credentials.md
02:10:31,https://docs.oracle.com/en-us/iaas/Content/General/Concepts/dedicatedregions.htm,200,58322,General__Concepts__dedicatedregions.md
02:10:32,https://docs.oracle.com/en-us/iaas/Content/General/Concepts/emissions-management.htm,200,17141,General__Concepts__emissions-management.md
02:10:33,https://docs.oracle.com/en-us/iaas/Content/General/Concepts/identifiers.htm,200,14818,General__Concepts__identifiers.md
02:10:34,https://docs.oracle.com/en-us/iaas/Content/General/Concepts/ipv6.htm,200,17918,General__Concepts__ipv6.md
02:10:35,https://docs.oracle.com/en-us/iaas/Content/General/Concepts/regions.htm,200,47709,General__Concepts__regions.md
02:10:36,https://docs.oracle.com/en-us/iaas/Content/General/Concepts/renamecloudaccount.htm,200,20845,General__Concepts__renamecloudaccount.md
02:10:37,https://docs.oracle.com/en-us/iaas/Content/General/Concepts/resourcemonitoring.htm,200,10566,General__Concepts__resourcemonitoring.md
02:10:39,https://docs.oracle.com/en-us/iaas/Content/General/Concepts/resourcetags.htm,200,8939,General__Concepts__resourcetags.md
02:10:39,https://docs.oracle.com/en-us/iaas/Content/General/Concepts/service_logs.htm,200,8504,General__Concepts__service_logs.md
02:10:41,https://docs.oracle.com/en-us/iaas/Content/General/Concepts/status-service.htm,200,35046,General__Concepts__status-service.md
02:10:42,https://docs.oracle.com/en-us/iaas/Content/General/Concepts/tenancy_management.htm,200,7461,General__Concepts__tenancy_management.md
02:10:43,https://docs.oracle.com/en-us/iaas/Content/General/Concepts/workrequestoverview.htm,200,26818,General__Concepts__workrequestoverview.md
02:10:44,https://docs.oracle.com/en-us/iaas/Content/General/LicenseManager/Concepts/license-records.htm,200,7769,General__LicenseManager__Concepts__license-records.md
02:10:45,https://docs.oracle.com/en-us/iaas/Content/General/LicenseManager/Concepts/licensemanageroverview.htm,200,15703,General__LicenseManager__Concepts__licensemanageroverview.md
02:10:46,https://docs.oracle.com/en-us/iaas/Content/General/LicenseManager/Tasks/add-images.htm,200,8971,General__LicenseManager__Tasks__add-images.md
02:10:47,https://docs.oracle.com/en-us/iaas/Content/General/LicenseManager/Tasks/create-license-records.htm,200,10848,General__LicenseManager__Tasks__create-license-records.md
02:10:49,https://docs.oracle.com/en-us/iaas/Content/General/LicenseManager/Tasks/create-product-license.htm,200,15683,General__LicenseManager__Tasks__create-product-license.md
02:10:50,https://docs.oracle.com/en-us/iaas/Content/General/LicenseManager/Tasks/delete-license-records.htm,200,8449,General__LicenseManager__Tasks__delete-license-records.md
02:10:51,https://docs.oracle.com/en-us/iaas/Content/General/LicenseManager/Tasks/delete-product-license.htm,200,8248,General__LicenseManager__Tasks__delete-product-license.md
02:10:52,https://docs.oracle.com/en-us/iaas/Content/General/LicenseManager/Tasks/get-license-records.htm,200,7967,General__LicenseManager__Tasks__get-license-records.md
02:10:54,https://docs.oracle.com/en-us/iaas/Content/General/LicenseManager/Tasks/get-metric.htm,200,8491,General__LicenseManager__Tasks__get-metric.md
02:10:55,https://docs.oracle.com/en-us/iaas/Content/General/LicenseManager/Tasks/get-product-license.htm,200,8453,General__LicenseManager__Tasks__get-product-license.md
02:10:56,https://docs.oracle.com/en-us/iaas/Content/General/LicenseManager/Tasks/images.htm,200,6148,General__LicenseManager__Tasks__images.md
02:10:57,https://docs.oracle.com/en-us/iaas/Content/General/LicenseManager/Tasks/import-product-license.htm,200,13797,General__LicenseManager__Tasks__import-product-license.md
02:10:58,https://docs.oracle.com/en-us/iaas/Content/General/LicenseManager/Tasks/list-license-records.htm,200,12067,General__LicenseManager__Tasks__list-license-records.md
02:10:59,https://docs.oracle.com/en-us/iaas/Content/General/LicenseManager/Tasks/list-product-license-consumers.htm,200,10172,General__LicenseManager__Tasks__list-product-license-consumers.md
02:11:00,https://docs.oracle.com/en-us/iaas/Content/General/LicenseManager/Tasks/list-product-license.htm,200,11547,General__LicenseManager__Tasks__list-product-license.md
02:11:01,https://docs.oracle.com/en-us/iaas/Content/General/LicenseManager/Tasks/list-top-utilized-product-licenses.htm,200,8014,General__LicenseManager__Tasks__list-top-utilized-product-licenses.md
02:11:02,https://docs.oracle.com/en-us/iaas/Content/General/LicenseManager/Tasks/list-top-utilized-resources.htm,200,8349,General__LicenseManager__Tasks__list-top-utilized-resources.md
02:11:04,https://docs.oracle.com/en-us/iaas/Content/General/LicenseManager/Tasks/notifications.htm,200,11452,General__LicenseManager__Tasks__notifications.md
02:11:04,https://docs.oracle.com/en-us/iaas/Content/General/LicenseManager/Tasks/overview-license-manager.htm,200,9807,General__LicenseManager__Tasks__overview-license-manager.md
02:11:06,https://docs.oracle.com/en-us/iaas/Content/General/LicenseManager/Tasks/remove-images.htm,200,8471,General__LicenseManager__Tasks__remove-images.md
02:11:07,https://docs.oracle.com/en-us/iaas/Content/General/LicenseManager/Tasks/update-license-records.htm,200,8974,General__LicenseManager__Tasks__update-license-records.md
02:11:08,https://docs.oracle.com/en-us/iaas/Content/General/LicenseManager/Tasks/update-product-license.htm,200,8710,General__LicenseManager__Tasks__update-product-license.md
02:11:09,https://docs.oracle.com/en-us/iaas/Content/General/MyServices/Concepts/myservicesusecasesoverview.htm,200,6327,General__MyServices__Concepts__myservicesusecasesoverview.md
02:11:10,https://docs.oracle.com/en-us/iaas/Content/General/MyServices/Tasks/Exadatausecases.htm,200,36731,General__MyServices__Tasks__Exadatausecases.md
02:11:11,https://docs.oracle.com/en-us/iaas/Content/General/MyServices/Tasks/managingexadatainstances.htm,200,48656,General__MyServices__Tasks__managingexadatainstances.md
02:11:13,https://docs.oracle.com/en-us/iaas/Content/General/MyServices/Tasks/servicediscovery.htm,200,13149,General__MyServices__Tasks__servicediscovery.md
02:11:14,https://docs.oracle.com/en-us/iaas/Content/General/MyServices/Tasks/usingoauth.htm,200,21531,General__MyServices__Tasks__usingoauth.md
02:11:16,https://docs.oracle.com/en-us/iaas/Content/General/Reference/PaaSprereqs.htm,200,44129,General__Reference__PaaSprereqs.md
02:11:17,https://docs.oracle.com/en-us/iaas/Content/General/Tasks/carbon-analysis-savingreports.htm,200,16136,General__Tasks__carbon-analysis-savingreports.md
02:11:18,https://docs.oracle.com/en-us/iaas/Content/General/Tasks/carbon-analysis-viewreports.htm,200,20068,General__Tasks__carbon-analysis-viewreports.md
02:11:19,https://docs.oracle.com/en-us/iaas/Content/General/Tasks/deleting_tenancy.htm,200,18671,General__Tasks__deleting_tenancy.md
02:11:20,https://docs.oracle.com/en-us/iaas/Content/General/Tasks/deleting_tenancy_freetier.htm,200,8125,General__Tasks__deleting_tenancy_freetier.md
02:11:22,https://docs.oracle.com/en-us/iaas/Content/General/Tasks/query-metric.htm,200,12524,General__Tasks__query-metric.md
02:11:23,https://docs.oracle.com/en-us/iaas/Content/General/Tasks/resourcetags-adding-to-single-resource.htm,200,10070,General__Tasks__resourcetags-adding-to-single-resource.md
02:11:24,https://docs.oracle.com/en-us/iaas/Content/General/Tasks/resourcetags-filtering-by-tags.htm,200,8346,General__Tasks__resourcetags-filtering-by-tags.md
02:11:25,https://docs.oracle.com/en-us/iaas/Content/General/Tasks/resourcetags-managing-defined-tags-multiple-resources.htm,200,11265,General__Tasks__resourcetags-managing-defined-tags-multiple-resources.md
02:11:26,https://docs.oracle.com/en-us/iaas/Content/General/Tasks/resourcetags-removing-tags-single-resource.htm,200,9429,General__Tasks__resourcetags-removing-tags-single-resource.md
02:11:27,https://docs.oracle.com/en-us/iaas/Content/General/Tasks/resourcetags-updating-tags-single-resource.htm,200,9577,General__Tasks__resourcetags-updating-tags-single-resource.md
02:11:28,https://docs.oracle.com/en-us/iaas/Content/General/Tasks/view-chart-create-alarm.htm,200,8331,General__Tasks__view-chart-create-alarm.md
02:11:29,https://docs.oracle.com/en-us/iaas/Content/General/Tasks/view-chart-namespace.htm,200,9873,General__Tasks__view-chart-namespace.md
02:11:30,https://docs.oracle.com/en-us/iaas/Content/General/Tasks/view-chart-resource.htm,200,8350,General__Tasks__view-chart-resource.md
02:11:31,https://docs.oracle.com/en-us/iaas/Content/General/domain/create-domain.htm,200,13837,General__domain__create-domain.md
02:11:32,https://docs.oracle.com/en-us/iaas/Content/General/domain/create-domaingov.htm,200,9559,General__domain__create-domaingov.md
02:11:34,https://docs.oracle.com/en-us/iaas/Content/General/domain/delete-domain.htm,200,8163,General__domain__delete-domain.md
02:11:35,https://docs.oracle.com/en-us/iaas/Content/General/domain/delete-domaingov.htm,200,8276,General__domain__delete-domaingov.md
02:11:36,https://docs.oracle.com/en-us/iaas/Content/General/domain/domain-management.htm,200,6170,General__domain__domain-management.md
02:11:37,https://docs.oracle.com/en-us/iaas/Content/General/domain/domain_revocation.htm,200,6098,General__domain__domain_revocation.md
02:11:38,https://docs.oracle.com/en-us/iaas/Content/General/domain/domaingov-management.htm,200,6333,General__domain__domaingov-management.md
02:11:39,https://docs.oracle.com/en-us/iaas/Content/General/domain/domains.htm,200,9883,General__domain__domains.md
02:11:40,https://docs.oracle.com/en-us/iaas/Content/General/domain/get-domain.htm,200,7366,General__domain__get-domain.md
02:11:41,https://docs.oracle.com/en-us/iaas/Content/General/domain/get-domaingov.htm,200,7492,General__domain__get-domaingov.md
02:11:43,https://docs.oracle.com/en-us/iaas/Content/General/domain/list-domain.htm,200,10123,General__domain__list-domain.md
02:11:44,https://docs.oracle.com/en-us/iaas/Content/General/domain/list-domaingov.htm,200,7328,General__domain__list-domaingov.md
02:11:45,https://docs.oracle.com/en-us/iaas/Content/General/domain/update-domain.htm,200,7665,General__domain__update-domain.md
02:11:45,https://docs.oracle.com/en-us/iaas/Content/General/domain/update-domaingov.htm,200,7509,General__domain__update-domaingov.md
02:11:47,https://docs.oracle.com/en-us/iaas/Content/General/known-issues-tenancy.htm,200,8490,General__known-issues-tenancy.md
02:11:48,https://docs.oracle.com/en-us/iaas/Content/General/organization/add-governance-attachruletenancy.htm,200,8479,General__organization__add-governance-attachruletenancy.md
02:11:49,https://docs.oracle.com/en-us/iaas/Content/General/organization/add-governance-changeattachmethod.htm,200,6519,General__organization__add-governance-changeattachmethod.md
02:11:50,https://docs.oracle.com/en-us/iaas/Content/General/organization/add-governance-createattachrule.htm,200,14423,General__organization__add-governance-createattachrule.md
02:11:51,https://docs.oracle.com/en-us/iaas/Content/General/organization/add-governance-deleterule.htm,200,6065,General__organization__add-governance-deleterule.md
02:11:52,https://docs.oracle.com/en-us/iaas/Content/General/organization/add-governance-detachrule.htm,200,7485,General__organization__add-governance-detachrule.md
02:11:54,https://docs.oracle.com/en-us/iaas/Content/General/organization/add-governance-editrule.htm,200,6443,General__organization__add-governance-editrule.md
02:11:55,https://docs.oracle.com/en-us/iaas/Content/General/organization/add-governance-getruledetails.htm,200,8546,General__organization__add-governance-getruledetails.md
02:11:56,https://docs.oracle.com/en-us/iaas/Content/General/organization/add-governance-optinuserules.htm,200,12860,General__organization__add-governance-optinuserules.md
02:11:57,https://docs.oracle.com/en-us/iaas/Content/General/organization/add-governance.htm,200,12878,General__organization__add-governance.md
02:11:58,https://docs.oracle.com/en-us/iaas/Content/General/organization/approve-createdchildtenancy-for-transfer.htm,200,16184,General__organization__approve-createdchildtenancy-for-transfer.md
02:11:59,https://docs.oracle.com/en-us/iaas/Content/General/organization/assigned-subscription-management.htm,200,5984,General__organization__assigned-subscription-management.md
02:12:01,https://docs.oracle.com/en-us/iaas/Content/General/organization/child-tenancy-create.htm,200,12789,General__organization__child-tenancy-create.md
02:12:02,https://docs.oracle.com/en-us/iaas/Content/General/organization/child-tenancy-management.htm,200,10853,General__organization__child-tenancy-management.md
02:12:03,https://docs.oracle.com/en-us/iaas/Content/General/organization/get-assigned-subscription.htm,200,7284,General__organization__get-assigned-subscription.md
02:12:04,https://docs.oracle.com/en-us/iaas/Content/General/organization/get-subscription.htm,200,7642,General__organization__get-subscription.md
02:12:06,https://docs.oracle.com/en-us/iaas/Content/General/organization/home.htm,200,15128,General__organization__home.md
02:12:07,https://docs.oracle.com/en-us/iaas/Content/General/organization/link-delete.htm,200,16452,General__organization__link-delete.md
02:12:08,https://docs.oracle.com/en-us/iaas/Content/General/organization/link-get.htm,200,6886,General__organization__link-get.md
02:12:09,https://docs.oracle.com/en-us/iaas/Content/General/organization/link-list.htm,200,6930,General__organization__link-list.md
02:12:10,https://docs.oracle.com/en-us/iaas/Content/General/organization/link-management.htm,200,6151,General__organization__link-management.md
02:12:11,https://docs.oracle.com/en-us/iaas/Content/General/organization/list-assigned-subscriptions.htm,200,7281,General__organization__list-assigned-subscriptions.md
02:12:13,https://docs.oracle.com/en-us/iaas/Content/General/organization/list-available-regions.htm,200,7318,General__organization__list-available-regions.md
02:12:14,https://docs.oracle.com/en-us/iaas/Content/General/organization/list-governancerules.htm,200,5831,General__organization__list-governancerules.md
02:12:15,https://docs.oracle.com/en-us/iaas/Content/General/organization/list-lineitem-subscriptions.htm,200,6474,General__organization__list-lineitem-subscriptions.md
02:12:16,https://docs.oracle.com/en-us/iaas/Content/General/organization/list-subscriptions.htm,200,8112,General__organization__list-subscriptions.md
02:12:18,https://docs.oracle.com/en-us/iaas/Content/General/organization/order-activate.htm,200,7263,General__organization__order-activate.md
02:12:19,https://docs.oracle.com/en-us/iaas/Content/General/organization/order-get.htm,200,6940,General__organization__order-get.md
02:12:20,https://docs.oracle.com/en-us/iaas/Content/General/organization/order-management.htm,200,5845,General__organization__order-management.md
02:12:21,https://docs.oracle.com/en-us/iaas/Content/General/organization/organization-entitymanagement.htm,200,6252,General__organization__organization-entitymanagement.md
02:12:22,https://docs.oracle.com/en-us/iaas/Content/General/organization/organization-get.htm,200,7104,General__organization__organization-get.md
02:12:23,https://docs.oracle.com/en-us/iaas/Content/General/organization/organization-list.htm,200,7114,General__organization__organization-list.md
02:12:25,https://docs.oracle.com/en-us/iaas/Content/General/organization/organization-tenancy-delete.htm,200,9054,General__organization__organization-tenancy-delete.md
02:12:26,https://docs.oracle.com/en-us/iaas/Content/General/organization/organization-tenancy-get.htm,200,7692,General__organization__organization-tenancy-get.md
02:12:27,https://docs.oracle.com/en-us/iaas/Content/General/organization/organization-tenancy-management.htm,200,7759,General__organization__organization-tenancy-management.md
02:12:28,https://docs.oracle.com/en-us/iaas/Content/General/organization/organization-tenancy-restore.htm,200,7176,General__organization__organization-tenancy-restore.md
02:12:29,https://docs.oracle.com/en-us/iaas/Content/General/organization/organization-troubleshooting.htm,200,8073,General__organization__organization-troubleshooting.md
02:12:30,https://docs.oracle.com/en-us/iaas/Content/General/organization/organization-update.htm,200,7146,General__organization__organization-update.md
02:12:31,https://docs.oracle.com/en-us/iaas/Content/General/organization/organization_cost_reporting.htm,200,16026,General__organization__organization_cost_reporting.md
02:12:32,https://docs.oracle.com/en-us/iaas/Content/General/organization/organization_management_overview.htm,200,12862,General__organization__organization_management_overview.md
02:12:33,https://docs.oracle.com/en-us/iaas/Content/General/organization/organization_planning.htm,200,9697,General__organization__organization_planning.md
02:12:34,https://docs.oracle.com/en-us/iaas/Content/General/organization/organization_required_iam_policy.htm,200,7852,General__organization__organization_required_iam_policy.md
02:12:35,https://docs.oracle.com/en-us/iaas/Content/General/organization/organizations_support.htm,200,5853,General__organization__organizations_support.md
02:12:36,https://docs.oracle.com/en-us/iaas/Content/General/organization/organizationtenancies-list.htm,200,7673,General__organization__organizationtenancies-list.md
02:12:37,https://docs.oracle.com/en-us/iaas/Content/General/organization/recipient-invitation-accept.htm,200,8766,General__organization__recipient-invitation-accept.md
02:12:38,https://docs.oracle.com/en-us/iaas/Content/General/organization/recipient-invitation-get.htm,200,8637,General__organization__recipient-invitation-get.md
02:12:39,https://docs.oracle.com/en-us/iaas/Content/General/organization/recipient-invitation-ignore.htm,200,8374,General__organization__recipient-invitation-ignore.md
02:12:40,https://docs.oracle.com/en-us/iaas/Content/General/organization/recipient-invitation-list.htm,200,9257,General__organization__recipient-invitation-list.md
02:12:41,https://docs.oracle.com/en-us/iaas/Content/General/organization/recipient-invitation-management.htm,200,6865,General__organization__recipient-invitation-management.md
02:12:42,https://docs.oracle.com/en-us/iaas/Content/General/organization/recipient-invitation-update.htm,200,7221,General__organization__recipient-invitation-update.md
02:12:43,https://docs.oracle.com/en-us/iaas/Content/General/organization/remove-governance.htm,200,10344,General__organization__remove-governance.md
02:12:45,https://docs.oracle.com/en-us/iaas/Content/General/organization/sender-invitation-cancel.htm,200,8380,General__organization__sender-invitation-cancel.md
02:12:46,https://docs.oracle.com/en-us/iaas/Content/General/organization/sender-invitation-create.htm,200,22235,General__organization__sender-invitation-create.md
02:12:48,https://docs.oracle.com/en-us/iaas/Content/General/organization/sender-invitation-get.htm,200,8531,General__organization__sender-invitation-get.md
02:12:49,https://docs.oracle.com/en-us/iaas/Content/General/organization/sender-invitation-list.htm,200,9168,General__organization__sender-invitation-list.md
02:12:49,https://docs.oracle.com/en-us/iaas/Content/General/organization/sender-invitation-management.htm,200,6981,General__organization__sender-invitation-management.md
02:12:50,https://docs.oracle.com/en-us/iaas/Content/General/organization/sender-invitation-update.htm,200,7130,General__organization__sender-invitation-update.md
02:12:51,https://docs.oracle.com/en-us/iaas/Content/General/organization/subscription-lineitem-management.htm,200,5790,General__organization__subscription-lineitem-management.md
02:12:53,https://docs.oracle.com/en-us/iaas/Content/General/organization/subscription-management.htm,200,6583,General__organization__subscription-management.md
02:12:54,https://docs.oracle.com/en-us/iaas/Content/General/organization/subscription-mapping-create.htm,200,9499,General__organization__subscription-mapping-create.md
02:12:54,https://docs.oracle.com/en-us/iaas/Content/General/organization/subscription-mapping-delete.htm,200,9431,General__organization__subscription-mapping-delete.md
02:12:55,https://docs.oracle.com/en-us/iaas/Content/General/organization/subscription-mapping-get.htm,200,7796,General__organization__subscription-mapping-get.md
02:12:56,https://docs.oracle.com/en-us/iaas/Content/General/organization/subscription-mapping-list.htm,200,8188,General__organization__subscription-mapping-list.md
02:12:57,https://docs.oracle.com/en-us/iaas/Content/General/organization/subscription-mapping-management.htm,200,6365,General__organization__subscription-mapping-management.md
02:12:58,https://docs.oracle.com/en-us/iaas/Content/General/organization/subscription-setdefault.htm,200,7571,General__organization__subscription-setdefault.md
02:13:00,https://docs.oracle.com/en-us/iaas/Content/General/organization/tag-governancerule.htm,200,5995,General__organization__tag-governancerule.md
02:13:01,https://docs.oracle.com/en-us/iaas/Content/General/organization/tag-organization-tenancy.htm,200,6068,General__organization__tag-organization-tenancy.md
02:13:02,https://docs.oracle.com/en-us/iaas/Content/General/organization/tag-recipientinvitation.htm,200,5990,General__organization__tag-recipientinvitation.md
02:13:03,https://docs.oracle.com/en-us/iaas/Content/General/organization/tag-senderinvitation.htm,200,6011,General__organization__tag-senderinvitation.md
02:13:04,https://docs.oracle.com/en-us/iaas/Content/General/organization/unapprove-createdchildtenancy-for-transfer.htm,200,7630,General__organization__unapprove-createdchildtenancy-for-transfer.md
02:13:05,https://docs.oracle.com/en-us/iaas/Content/General/organization/workrequest-get.htm,200,7189,General__organization__workrequest-get.md
02:13:07,https://docs.oracle.com/en-us/iaas/Content/General/organization/workrequest-list-errors.htm,200,7239,General__organization__workrequest-list-errors.md
02:13:08,https://docs.oracle.com/en-us/iaas/Content/General/organization/workrequest-list-logs.htm,200,7183,General__organization__workrequest-list-logs.md
02:13:10,https://docs.oracle.com/en-us/iaas/Content/General/organization/workrequest-list.htm,200,8919,General__organization__workrequest-list.md
02:13:11,https://docs.oracle.com/en-us/iaas/Content/General/organization/workrequest-management.htm,200,6460,General__organization__workrequest-management.md
02:13:12,https://docs.oracle.com/en-us/iaas/Content/General/service-limits/comment-request.htm,200,9208,General__service-limits__comment-request.md
02:13:13,https://docs.oracle.com/en-us/iaas/Content/General/service-limits/create-request.htm,200,18406,General__service-limits__create-request.md
02:13:14,https://docs.oracle.com/en-us/iaas/Content/General/service-limits/default.htm,200,463991,General__service-limits__default.md
02:13:15,https://docs.oracle.com/en-us/iaas/Content/General/service-limits/delete-request.htm,200,7068,General__service-limits__delete-request.md
02:13:16,https://docs.oracle.com/en-us/iaas/Content/General/service-limits/get-request.htm,200,9505,General__service-limits__get-request.md
02:13:17,https://docs.oracle.com/en-us/iaas/Content/General/service-limits/list-requests.htm,200,10331,General__service-limits__list-requests.md
02:13:19,https://docs.oracle.com/en-us/iaas/Content/General/service-limits/overview.htm,200,15384,General__service-limits__overview.md
02:13:20,https://docs.oracle.com/en-us/iaas/Content/General/service-limits/requests.htm,200,7609,General__service-limits__requests.md
02:13:21,https://docs.oracle.com/en-us/iaas/Content/General/service-limits/update-request.htm,200,7944,General__service-limits__update-request.md
02:13:22,https://docs.oracle.com/en-us/iaas/Content/General/service-limits/view-tenancy.htm,200,14681,General__service-limits__view-tenancy.md
02:13:23,https://docs.oracle.com/en-us/iaas/Content/General/service-limits/withdraw-item-request.htm,200,8065,General__service-limits__withdraw-item-request.md
02:13:24,https://docs.oracle.com/en-us/iaas/Content/General/service-limits/withdraw-request.htm,200,8026,General__service-limits__withdraw-request.md
02:13:25,https://docs.oracle.com/en-us/iaas/Content/General/tenancy/Viewing_the_Tenancy_Details_Page.htm,200,7827,General__tenancy__Viewing_the_Tenancy_Details_Page.md
02:13:26,https://docs.oracle.com/en-us/iaas/Content/General/tenancy/managingtenancy.htm,200,11434,General__tenancy__managingtenancy.md
02:13:27,https://docs.oracle.com/en-us/iaas/Content/HealthChecks/Concepts/healthchecks.htm,200,16249,HealthChecks__Concepts__healthchecks.md
02:13:29,https://docs.oracle.com/en-us/iaas/Content/HealthChecks/Reference/metricsalarms-reference.htm,200,21848,HealthChecks__Reference__metricsalarms-reference.md
02:13:30,https://docs.oracle.com/en-us/iaas/Content/HealthChecks/Reference/metricsalarms.htm,200,9947,HealthChecks__Reference__metricsalarms.md
02:13:31,https://docs.oracle.com/en-us/iaas/Content/HealthChecks/Tasks/change-compartment-http-monitor.htm,200,8302,HealthChecks__Tasks__change-compartment-http-monitor.md
02:13:32,https://docs.oracle.com/en-us/iaas/Content/HealthChecks/Tasks/change-compartment-ping-monitor.htm,200,8037,HealthChecks__Tasks__change-compartment-ping-monitor.md
02:13:34,https://docs.oracle.com/en-us/iaas/Content/HealthChecks/Tasks/create-http-monitor.htm,200,13622,HealthChecks__Tasks__create-http-monitor.md
02:13:34,https://docs.oracle.com/en-us/iaas/Content/HealthChecks/Tasks/create-http-probe.htm,200,8442,HealthChecks__Tasks__create-http-probe.md
02:13:36,https://docs.oracle.com/en-us/iaas/Content/HealthChecks/Tasks/create-ping-monitor.htm,200,10236,HealthChecks__Tasks__create-ping-monitor.md
02:13:37,https://docs.oracle.com/en-us/iaas/Content/HealthChecks/Tasks/create-ping-probe.htm,200,7009,HealthChecks__Tasks__create-ping-probe.md
02:13:38,https://docs.oracle.com/en-us/iaas/Content/HealthChecks/Tasks/delete-http-monitor.htm,200,7522,HealthChecks__Tasks__delete-http-monitor.md
02:13:39,https://docs.oracle.com/en-us/iaas/Content/HealthChecks/Tasks/delete-ping-monitor.htm,200,7487,HealthChecks__Tasks__delete-ping-monitor.md
02:13:40,https://docs.oracle.com/en-us/iaas/Content/HealthChecks/Tasks/disable-http-monitor.htm,200,7658,HealthChecks__Tasks__disable-http-monitor.md
02:13:42,https://docs.oracle.com/en-us/iaas/Content/HealthChecks/Tasks/disable-ping-monitor.htm,200,7623,HealthChecks__Tasks__disable-ping-monitor.md
02:13:42,https://docs.oracle.com/en-us/iaas/Content/HealthChecks/Tasks/duplicate-http-monitor.htm,200,6854,HealthChecks__Tasks__duplicate-http-monitor.md
02:13:43,https://docs.oracle.com/en-us/iaas/Content/HealthChecks/Tasks/duplicate-ping-monitor.htm,200,6912,HealthChecks__Tasks__duplicate-ping-monitor.md
02:13:44,https://docs.oracle.com/en-us/iaas/Content/HealthChecks/Tasks/enable-http-monitor.htm,200,7645,HealthChecks__Tasks__enable-http-monitor.md
02:13:46,https://docs.oracle.com/en-us/iaas/Content/HealthChecks/Tasks/enable-ping-monitor.htm,200,7610,HealthChecks__Tasks__enable-ping-monitor.md
02:13:47,https://docs.oracle.com/en-us/iaas/Content/HealthChecks/Tasks/get-http-monitor.htm,200,7388,HealthChecks__Tasks__get-http-monitor.md
02:13:48,https://docs.oracle.com/en-us/iaas/Content/HealthChecks/Tasks/get-ping-monitor.htm,200,7367,HealthChecks__Tasks__get-ping-monitor.md
02:13:49,https://docs.oracle.com/en-us/iaas/Content/HealthChecks/Tasks/http-monitors.htm,200,7853,HealthChecks__Tasks__http-monitors.md
02:13:50,https://docs.oracle.com/en-us/iaas/Content/HealthChecks/Tasks/http-probes.htm,200,5680,HealthChecks__Tasks__http-probes.md
02:13:51,https://docs.oracle.com/en-us/iaas/Content/HealthChecks/Tasks/list-http-monitor-result.htm,200,12857,HealthChecks__Tasks__list-http-monitor-result.md
02:13:52,https://docs.oracle.com/en-us/iaas/Content/HealthChecks/Tasks/list-http-monitor.htm,200,12436,HealthChecks__Tasks__list-http-monitor.md
02:13:53,https://docs.oracle.com/en-us/iaas/Content/HealthChecks/Tasks/list-http-probe-result.htm,200,10753,HealthChecks__Tasks__list-http-probe-result.md
02:13:54,https://docs.oracle.com/en-us/iaas/Content/HealthChecks/Tasks/list-ping-monitor-result.htm,200,10625,HealthChecks__Tasks__list-ping-monitor-result.md
02:13:55,https://docs.oracle.com/en-us/iaas/Content/HealthChecks/Tasks/list-ping-monitor.htm,200,12426,HealthChecks__Tasks__list-ping-monitor.md
02:13:56,https://docs.oracle.com/en-us/iaas/Content/HealthChecks/Tasks/list-ping-probe-result.htm,200,8525,HealthChecks__Tasks__list-ping-probe-result.md
02:13:57,https://docs.oracle.com/en-us/iaas/Content/HealthChecks/Tasks/list-vantage-point.htm,200,19744,HealthChecks__Tasks__list-vantage-point.md
02:13:58,https://docs.oracle.com/en-us/iaas/Content/HealthChecks/Tasks/managinghealthchecks.htm,200,16222,HealthChecks__Tasks__managinghealthchecks.md
02:13:59,https://docs.oracle.com/en-us/iaas/Content/HealthChecks/Tasks/ping-monitors.htm,200,7835,HealthChecks__Tasks__ping-monitors.md
02:14:00,https://docs.oracle.com/en-us/iaas/Content/HealthChecks/Tasks/ping-probes.htm,200,5676,HealthChecks__Tasks__ping-probes.md
02:14:02,https://docs.oracle.com/en-us/iaas/Content/HealthChecks/Tasks/probes.htm,200,6651,HealthChecks__Tasks__probes.md
02:14:03,https://docs.oracle.com/en-us/iaas/Content/HealthChecks/Tasks/query-metric.htm,200,11618,HealthChecks__Tasks__query-metric.md
02:14:04,https://docs.oracle.com/en-us/iaas/Content/HealthChecks/Tasks/update-http-monitor.htm,200,8162,HealthChecks__Tasks__update-http-monitor.md
02:14:05,https://docs.oracle.com/en-us/iaas/Content/HealthChecks/Tasks/update-ping-monitor.htm,200,8158,HealthChecks__Tasks__update-ping-monitor.md
02:14:06,https://docs.oracle.com/en-us/iaas/Content/HealthChecks/Tasks/view-chart-namespace.htm,200,9104,HealthChecks__Tasks__view-chart-namespace.md
02:14:07,https://docs.oracle.com/en-us/iaas/Content/HealthChecks/Tasks/view-chart-resource.htm,200,7954,HealthChecks__Tasks__view-chart-resource.md
02:14:08,https://docs.oracle.com/en-us/iaas/Content/HealthChecks/Tasks/viewingcharts.htm,200,6606,HealthChecks__Tasks__viewingcharts.md
02:14:09,https://docs.oracle.com/en-us/iaas/Content/HealthChecks/home.htm,200,10822,HealthChecks__home.md
02:14:10,https://docs.oracle.com/en-us/iaas/Content/HealthChecks/known-issues.htm,200,5548,HealthChecks__known-issues.md
02:14:11,https://docs.oracle.com/en-us/iaas/Content/HealthChecks/troubleshooting.htm,200,8299,HealthChecks__troubleshooting.md
02:14:13,https://docs.oracle.com/en-us/iaas/Content/Identity/Concepts/commonpolicies.htm,200,151806,Identity__Concepts__commonpolicies.md
02:14:13,https://docs.oracle.com/en-us/iaas/Content/Identity/Concepts/federation.htm,200,20826,Identity__Concepts__federation.md
02:14:14,https://docs.oracle.com/en-us/iaas/Content/Identity/Concepts/known-issues_root.htm,200,9977,Identity__Concepts__known-issues_root.md
02:14:16,https://docs.oracle.com/en-us/iaas/Content/Identity/Concepts/overview.htm,200,44305,Identity__Concepts__overview.md
02:14:18,https://docs.oracle.com/en-us/iaas/Content/Identity/Concepts/policies.htm,200,35040,Identity__Concepts__policies.md
02:14:19,https://docs.oracle.com/en-us/iaas/Content/Identity/Concepts/policyadvancedfeatures.htm,200,35569,Identity__Concepts__policyadvancedfeatures.md
02:14:20,https://docs.oracle.com/en-us/iaas/Content/Identity/Concepts/policygetstarted.htm,200,14989,Identity__Concepts__policygetstarted.md
02:14:22,https://docs.oracle.com/en-us/iaas/Content/Identity/Concepts/policysyntax.htm,200,20986,Identity__Concepts__policysyntax.md
02:14:23,https://docs.oracle.com/en-us/iaas/Content/Identity/Concepts/usercredentials.htm,200,25261,Identity__Concepts__usercredentials.md
02:14:24,https://docs.oracle.com/en-us/iaas/Content/Identity/Concepts/usercredentials_topic-changing_a_database_password.htm,200,5971,Identity__Concepts__usercredentials_topic-changing_a_database_password.md
02:14:25,https://docs.oracle.com/en-us/iaas/Content/Identity/Concepts/usercredentials_topic-creating_a_database_password.htm,200,6370,Identity__Concepts__usercredentials_topic-creating_a_database_password.md
02:14:27,https://docs.oracle.com/en-us/iaas/Content/Identity/Concepts/usercredentials_topic-deleting_a_database_password.htm,200,5829,Identity__Concepts__usercredentials_topic-deleting_a_database_password.md
02:14:28,https://docs.oracle.com/en-us/iaas/Content/Identity/Concepts/usercredentials_topic-iam_database_passwords.htm,200,8704,Identity__Concepts__usercredentials_topic-iam_database_passwords.md
02:14:29,https://docs.oracle.com/en-us/iaas/Content/Identity/Concepts/usercredentials_topic-iam_database_user_names.htm,200,6652,Identity__Concepts__usercredentials_topic-iam_database_user_names.md
02:14:30,https://docs.oracle.com/en-us/iaas/Content/Identity/Concepts/usercredentials_topic-password_lockouts.htm,200,6725,Identity__Concepts__usercredentials_topic-password_lockouts.md
02:14:31,https://docs.oracle.com/en-us/iaas/Content/Identity/Reference/VnMonitoringpolicyreference.htm,200,18464,Identity__Reference__VnMonitoringpolicyreference.md
02:14:32,https://docs.oracle.com/en-us/iaas/Content/Identity/Reference/announcementspolicyreference.htm,200,20049,Identity__Reference__announcementspolicyreference.md
02:14:33,https://docs.oracle.com/en-us/iaas/Content/Identity/Reference/apigatewaypolicyreference.htm,200,49716,Identity__Reference__apigatewaypolicyreference.md
02:14:35,https://docs.oracle.com/en-us/iaas/Content/Identity/Reference/apmpolicyreference.htm,200,32162,Identity__Reference__apmpolicyreference.md
02:14:36,https://docs.oracle.com/en-us/iaas/Content/Identity/Reference/auditpolicyreference.htm,200,12014,Identity__Reference__auditpolicyreference.md
02:14:37,https://docs.oracle.com/en-us/iaas/Content/Identity/Reference/autofederationfaq.htm,200,16003,Identity__Reference__autofederationfaq.md
02:14:39,https://docs.oracle.com/en-us/iaas/Content/Identity/Reference/certificatespolicyreference.htm,200,117846,Identity__Reference__certificatespolicyreference.md
02:14:40,https://docs.oracle.com/en-us/iaas/Content/Identity/Reference/cloudeventspolicyreference.htm,200,13815,Identity__Reference__cloudeventspolicyreference.md
02:14:42,https://docs.oracle.com/en-us/iaas/Content/Identity/Reference/contengpolicyreference.htm,200,50569,Identity__Reference__contengpolicyreference.md
02:14:43,https://docs.oracle.com/en-us/iaas/Content/Identity/Reference/corepolicyreference.htm,200,352491,Identity__Reference__corepolicyreference.md
02:14:44,https://docs.oracle.com/en-us/iaas/Content/Identity/Reference/databasepolicyreference.htm,200,7200,Identity__Reference__databasepolicyreference.md
02:14:45,https://docs.oracle.com/en-us/iaas/Content/Identity/Reference/dbmgmtpolicyreference.htm,200,5985,Identity__Reference__dbmgmtpolicyreference.md
02:14:47,https://docs.oracle.com/en-us/iaas/Content/Identity/Reference/dnspolicyreference.htm,200,64459,Identity__Reference__dnspolicyreference.md
02:14:48,https://docs.oracle.com/en-us/iaas/Content/Identity/Reference/emailpolicyreference.htm,200,40669,Identity__Reference__emailpolicyreference.md
02:14:49,https://docs.oracle.com/en-us/iaas/Content/Identity/Reference/filestoragepolicyreference.htm,200,53731,Identity__Reference__filestoragepolicyreference.md
02:14:50,https://docs.oracle.com/en-us/iaas/Content/Identity/Reference/functionspolicyreference.htm,200,21112,Identity__Reference__functionspolicyreference.md
02:14:51,https://docs.oracle.com/en-us/iaas/Content/Identity/Reference/gl-distr-exadata-db.htm,200,5997,Identity__Reference__gl-distr-exadata-db.md
02:14:53,https://docs.oracle.com/en-us/iaas/Content/Identity/Reference/healthcheckpolicyreference.htm,200,25446,Identity__Reference__healthcheckpolicyreference.md
02:14:54,https://docs.oracle.com/en-us/iaas/Content/Identity/Reference/iampolicydetails_integration.htm,200,5988,Identity__Reference__iampolicydetails_integration.md
02:14:55,https://docs.oracle.com/en-us/iaas/Content/Identity/Reference/iampolicyreference.htm,200,82702,Identity__Reference__iampolicyreference.md
02:14:55,https://docs.oracle.com/en-us/iaas/Content/Identity/Reference/javamanagementreference.htm,200,20850,Identity__Reference__javamanagementreference.md
02:14:56,https://docs.oracle.com/en-us/iaas/Content/Identity/Reference/keypolicyreference.htm,200,53695,Identity__Reference__keypolicyreference.md
02:14:58,https://docs.oracle.com/en-us/iaas/Content/Identity/Reference/lbpolicyreference.htm,200,21726,Identity__Reference__lbpolicyreference.md
02:15:00,https://docs.oracle.com/en-us/iaas/Content/Identity/Reference/licensemanagerpolicyreference.htm,200,23873,Identity__Reference__licensemanagerpolicyreference.md
02:15:02,https://docs.oracle.com/en-us/iaas/Content/Identity/Reference/loganalyticspolicyreference.htm,200,139799,Identity__Reference__loganalyticspolicyreference.md
02:15:03,https://docs.oracle.com/en-us/iaas/Content/Identity/Reference/loggingpolicyreference.htm,200,33283,Identity__Reference__loggingpolicyreference.md
02:15:04,https://docs.oracle.com/en-us/iaas/Content/Identity/Reference/managementagentpolicyreference.htm,200,24229,Identity__Reference__managementagentpolicyreference.md
02:15:05,https://docs.oracle.com/en-us/iaas/Content/Identity/Reference/managementdashboardpolicyreference.htm,200,26368,Identity__Reference__managementdashboardpolicyreference.md
02:15:06,https://docs.oracle.com/en-us/iaas/Content/Identity/Reference/marketplacepolicyreference.htm,200,26273,Identity__Reference__marketplacepolicyreference.md
02:15:07,https://docs.oracle.com/en-us/iaas/Content/Identity/Reference/monitoringpolicyreference.htm,200,19490,Identity__Reference__monitoringpolicyreference.md
02:15:08,https://docs.oracle.com/en-us/iaas/Content/Identity/Reference/nlbpolicyreference.htm,200,23835,Identity__Reference__nlbpolicyreference.md
02:15:10,https://docs.oracle.com/en-us/iaas/Content/Identity/Reference/notificationpolicyreference.htm,200,20564,Identity__Reference__notificationpolicyreference.md
02:15:12,https://docs.oracle.com/en-us/iaas/Content/Identity/Reference/objectstoragepolicyreference.htm,200,42889,Identity__Reference__objectstoragepolicyreference.md
02:15:13,https://docs.oracle.com/en-us/iaas/Content/Identity/Reference/ocvspolicyreference.htm,200,17338,Identity__Reference__ocvspolicyreference.md
02:15:15,https://docs.oracle.com/en-us/iaas/Content/Identity/Reference/operationsinsightspolicyreference.htm,200,5968,Identity__Reference__operationsinsightspolicyreference.md
02:15:16,https://docs.oracle.com/en-us/iaas/Content/Identity/Reference/organizationsreference.htm,200,90573,Identity__Reference__organizationsreference.md
02:15:18,https://docs.oracle.com/en-us/iaas/Content/Identity/Reference/policyreference.htm,200,32368,Identity__Reference__policyreference.md
02:15:19,https://docs.oracle.com/en-us/iaas/Content/Identity/Reference/processautomationpolicyreference.htm,200,19946,Identity__Reference__processautomationpolicyreference.md
02:15:20,https://docs.oracle.com/en-us/iaas/Content/Identity/Reference/quotaspolicyreference.htm,200,14733,Identity__Reference__quotaspolicyreference.md
02:15:21,https://docs.oracle.com/en-us/iaas/Content/Identity/Reference/registrypolicyreference.htm,200,33174,Identity__Reference__registrypolicyreference.md
02:15:23,https://docs.oracle.com/en-us/iaas/Content/Identity/Reference/resourcemanagerpolicyreference.htm,200,44745,Identity__Reference__resourcemanagerpolicyreference.md
02:15:24,https://docs.oracle.com/en-us/iaas/Content/Identity/Reference/searchpolicyreference.htm,200,101643,Identity__Reference__searchpolicyreference.md
02:15:25,https://docs.oracle.com/en-us/iaas/Content/Identity/Reference/serviceconnectorhubpolicyreference.htm,200,19309,Identity__Reference__serviceconnectorhubpolicyreference.md
02:15:27,https://docs.oracle.com/en-us/iaas/Content/Identity/Reference/stackmonitoringpolicyreference.htm,200,106503,Identity__Reference__stackmonitoringpolicyreference.md
02:15:28,https://docs.oracle.com/en-us/iaas/Content/Identity/Reference/streamingpolicyreference.htm,200,40831,Identity__Reference__streamingpolicyreference.md
02:15:29,https://docs.oracle.com/en-us/iaas/Content/Identity/Reference/subsinvoicepaymenthistoryreference.htm,200,50795,Identity__Reference__subsinvoicepaymenthistoryreference.md
02:15:30,https://docs.oracle.com/en-us/iaas/Content/Identity/Reference/waapolicyreference.htm,200,23138,Identity__Reference__waapolicyreference.md
02:15:31,https://docs.oracle.com/en-us/iaas/Content/Identity/Reference/wafpolicyreference.htm,200,6331,Identity__Reference__wafpolicyreference.md
02:15:33,https://docs.oracle.com/en-us/iaas/Content/Identity/Reference/wafpolicyreference_topic-Details_for_Edge_Policies.htm,200,55717,Identity__Reference__wafpolicyreference_topic-Details_for_Edge_Policies.md
02:15:34,https://docs.oracle.com/en-us/iaas/Content/Identity/Reference/wafpolicyreference_topic-Details_for_WAF_Policies.htm,200,28186,Identity__Reference__wafpolicyreference_topic-Details_for_WAF_Policies.md
02:15:36,https://docs.oracle.com/en-us/iaas/Content/Identity/Tasks/addingidcsusersandgroups.htm,200,50494,Identity__Tasks__addingidcsusersandgroups.md
02:15:37,https://docs.oracle.com/en-us/iaas/Content/Identity/Tasks/callingservicesfrominstances.htm,200,25141,Identity__Tasks__callingservicesfrominstances.md
02:15:38,https://docs.oracle.com/en-us/iaas/Content/Identity/Tasks/federatingADFS.htm,200,35954,Identity__Tasks__federatingADFS.md
02:15:40,https://docs.oracle.com/en-us/iaas/Content/Identity/Tasks/federatingADFSazure.htm,200,34583,Identity__Tasks__federatingADFSazure.md
02:15:41,https://docs.oracle.com/en-us/iaas/Content/Identity/Tasks/federatingIDCS.htm,200,39921,Identity__Tasks__federatingIDCS.md
02:15:42,https://docs.oracle.com/en-us/iaas/Content/Identity/Tasks/federatingSAML.htm,200,26345,Identity__Tasks__federatingSAML.md
02:15:43,https://docs.oracle.com/en-us/iaas/Content/Identity/Tasks/managingcompartments.htm,200,53777,Identity__Tasks__managingcompartments.md
02:15:44,https://docs.oracle.com/en-us/iaas/Content/Identity/Tasks/managingcredentials.htm,200,88305,Identity__Tasks__managingcredentials.md
02:15:45,https://docs.oracle.com/en-us/iaas/Content/Identity/Tasks/managingcredentials_topic-to_change_an_iam_database_password.htm,200,5963,Identity__Tasks__managingcredentials_topic-to_change_an_iam_database_password.md
02:15:46,https://docs.oracle.com/en-us/iaas/Content/Identity/Tasks/managingcredentials_topic-to_change_an_iam_database_user_name.htm,200,6220,Identity__Tasks__managingcredentials_topic-to_change_an_iam_database_user_name.md
02:15:47,https://docs.oracle.com/en-us/iaas/Content/Identity/Tasks/managingcredentials_topic-to_create_an_iam_database_password.htm,200,7009,Identity__Tasks__managingcredentials_topic-to_create_an_iam_database_password.md
02:15:48,https://docs.oracle.com/en-us/iaas/Content/Identity/Tasks/managingcredentials_topic-to_create_an_iam_database_user_name.htm,200,6535,Identity__Tasks__managingcredentials_topic-to_create_an_iam_database_user_name.md
02:15:49,https://docs.oracle.com/en-us/iaas/Content/Identity/Tasks/managingcredentials_topic-to_delete_an_iam_database_user_name.htm,200,6318,Identity__Tasks__managingcredentials_topic-to_delete_an_iam_database_user_name.md
02:15:50,https://docs.oracle.com/en-us/iaas/Content/Identity/Tasks/managingcredentials_topic-to_delete_an_iam_password.htm,200,6298,Identity__Tasks__managingcredentials_topic-to_delete_an_iam_password.md
02:15:52,https://docs.oracle.com/en-us/iaas/Content/Identity/Tasks/managingdynamicgroups.htm,200,37381,Identity__Tasks__managingdynamicgroups.md
02:15:53,https://docs.oracle.com/en-us/iaas/Content/Identity/Tasks/managinggrouprolesidcs.htm,200,19046,Identity__Tasks__managinggrouprolesidcs.md
02:15:55,https://docs.oracle.com/en-us/iaas/Content/Identity/Tasks/managinggroups.htm,200,20742,Identity__Tasks__managinggroups.md
02:15:56,https://docs.oracle.com/en-us/iaas/Content/Identity/Tasks/managingnetworksources.htm,200,22556,Identity__Tasks__managingnetworksources.md
02:15:57,https://docs.oracle.com/en-us/iaas/Content/Identity/Tasks/managingpasswordrules.htm,200,22354,Identity__Tasks__managingpasswordrules.md
02:15:59,https://docs.oracle.com/en-us/iaas/Content/Identity/Tasks/managingpolicies.htm,200,32242,Identity__Tasks__managingpolicies.md
02:15:59,https://docs.oracle.com/en-us/iaas/Content/Identity/Tasks/managingregions.htm,200,20442,Identity__Tasks__managingregions.md
02:16:01,https://docs.oracle.com/en-us/iaas/Content/Identity/Tasks/managingregionsplatform.htm,200,8878,Identity__Tasks__managingregionsplatform.md
02:16:02,https://docs.oracle.com/en-us/iaas/Content/Identity/Tasks/managinguserrolesidcs.htm,200,16705,Identity__Tasks__managinguserrolesidcs.md
02:16:03,https://docs.oracle.com/en-us/iaas/Content/Identity/Tasks/managingusers.htm,200,37226,Identity__Tasks__managingusers.md
02:16:04,https://docs.oracle.com/en-us/iaas/Content/Identity/Tasks/managingusersfederated.htm,200,18323,Identity__Tasks__managingusersfederated.md
02:16:05,https://docs.oracle.com/en-us/iaas/Content/Identity/Tasks/usingmfa.htm,200,33781,Identity__Tasks__usingmfa.md
02:16:07,https://docs.oracle.com/en-us/iaas/Content/Identity/Tasks/usingscim.htm,200,20862,Identity__Tasks__usingscim.md
02:16:07,https://docs.oracle.com/en-us/iaas/Content/Identity/access/listing_api_keys.htm,200,6821,Identity__access__listing_api_keys.md
02:16:08,https://docs.oracle.com/en-us/iaas/Content/Identity/access/listing_auth_tokens.htm,200,6848,Identity__access__listing_auth_tokens.md
02:16:10,https://docs.oracle.com/en-us/iaas/Content/Identity/access/listing_customer_secret_keys.htm,200,6929,Identity__access__listing_customer_secret_keys.md
02:16:11,https://docs.oracle.com/en-us/iaas/Content/Identity/access/listing_database_user_names_and_passwords.htm,200,7068,Identity__access__listing_database_user_names_and_passwords.md
02:16:12,https://docs.oracle.com/en-us/iaas/Content/Identity/access/listing_oauth_2_0_client_credentials.htm,200,6992,Identity__access__listing_oauth_2_0_client_credentials.md
02:16:13,https://docs.oracle.com/en-us/iaas/Content/Identity/access/listing_smtp_credentials.htm,200,6893,Identity__access__listing_smtp_credentials.md
02:16:14,https://docs.oracle.com/en-us/iaas/Content/Identity/access/manage-accessresources.htm,200,7104,Identity__access__manage-accessresources.md
02:16:15,https://docs.oracle.com/en-us/iaas/Content/Identity/access/managing-user-credentials.htm,200,8141,Identity__access__managing-user-credentials.md
02:16:16,https://docs.oracle.com/en-us/iaas/Content/Identity/access/to_add_scopes_to_a_credential.htm,200,8686,Identity__access__to_add_scopes_to_a_credential.md
02:16:17,https://docs.oracle.com/en-us/iaas/Content/Identity/access/to_create_a_Customer_Secret_key.htm,200,8792,Identity__access__to_create_a_Customer_Secret_key.md
02:16:19,https://docs.oracle.com/en-us/iaas/Content/Identity/access/to_create_an_Oauth20_client_credential.htm,200,9569,Identity__access__to_create_an_Oauth20_client_credential.md
02:16:20,https://docs.oracle.com/en-us/iaas/Content/Identity/access/to_create_an_auth_token.htm,200,7725,Identity__access__to_create_an_auth_token.md
02:16:21,https://docs.oracle.com/en-us/iaas/Content/Identity/access/to_delete_SMTP_credentials.htm,200,7395,Identity__access__to_delete_SMTP_credentials.md
02:16:23,https://docs.oracle.com/en-us/iaas/Content/Identity/access/to_delete_a_Customer_Secret_key.htm,200,7463,Identity__access__to_delete_a_Customer_Secret_key.md
02:16:24,https://docs.oracle.com/en-us/iaas/Content/Identity/access/to_delete_an_API_signing_key.htm,200,7257,Identity__access__to_delete_an_API_signing_key.md
02:16:24,https://docs.oracle.com/en-us/iaas/Content/Identity/access/to_delete_an_OAuth20_token.htm,200,7300,Identity__access__to_delete_an_OAuth20_token.md
02:16:25,https://docs.oracle.com/en-us/iaas/Content/Identity/access/to_delete_an_auth_token.htm,200,7325,Identity__access__to_delete_an_auth_token.md
02:16:27,https://docs.oracle.com/en-us/iaas/Content/Identity/access/to_generate_SMTP_credentials.htm,200,8272,Identity__access__to_generate_SMTP_credentials.md
02:16:27,https://docs.oracle.com/en-us/iaas/Content/Identity/access/to_get_the_config_file_snippet_for_an_API_signing_key.htm,200,9083,Identity__access__to_get_the_config_file_snippet_for_an_API_signing_key.md
02:16:28,https://docs.oracle.com/en-us/iaas/Content/Identity/access/to_regenerate_the_OAuth20_secret.htm,200,8003,Identity__access__to_regenerate_the_OAuth20_secret.md
02:16:29,https://docs.oracle.com/en-us/iaas/Content/Identity/access/to_unblock_a_user.htm,200,5730,Identity__access__to_unblock_a_user.md
02:16:31,https://docs.oracle.com/en-us/iaas/Content/Identity/access/to_upload_an_API_signing_key.htm,200,16994,Identity__access__to_upload_an_API_signing_key.md
02:16:31,https://docs.oracle.com/en-us/iaas/Content/Identity/access/working-with-auth-tokens.htm,200,6792,Identity__access__working-with-auth-tokens.md
02:16:32,https://docs.oracle.com/en-us/iaas/Content/Identity/access/working-with-console-passwords-and-API-keys.htm,200,7953,Identity__access__working-with-console-passwords-and-API-keys.md
02:16:34,https://docs.oracle.com/en-us/iaas/Content/Identity/access/working-with-customer-secret-keys.htm,200,7332,Identity__access__working-with-customer-secret-keys.md
02:16:35,https://docs.oracle.com/en-us/iaas/Content/Identity/access/working-with-oauth-20-client-credentials.htm,200,7473,Identity__access__working-with-oauth-20-client-credentials.md
02:16:36,https://docs.oracle.com/en-us/iaas/Content/Identity/access/working-with-smtp-credentials.htm,200,7339,Identity__access__working-with-smtp-credentials.md
02:16:37,https://docs.oracle.com/en-us/iaas/Content/Identity/access/working_with_iam_database_user_names_and_passwords.htm,200,11770,Identity__access__working_with_iam_database_user_names_and_passwords.md
02:16:38,https://docs.oracle.com/en-us/iaas/Content/Identity/accountrecovery/configuring-account-recovery.htm,200,9025,Identity__accountrecovery__configuring-account-recovery.md
02:16:39,https://docs.oracle.com/en-us/iaas/Content/Identity/accountrecovery/understand-account-recovery.htm,200,8414,Identity__accountrecovery__understand-account-recovery.md
02:16:40,https://docs.oracle.com/en-us/iaas/Content/Identity/adaptivesecurity/activate-adaptive-security.htm,200,6449,Identity__adaptivesecurity__activate-adaptive-security.md
02:16:41,https://docs.oracle.com/en-us/iaas/Content/Identity/adaptivesecurity/activate-risk-provider.htm,200,6478,Identity__adaptivesecurity__activate-risk-provider.md
02:16:42,https://docs.oracle.com/en-us/iaas/Content/Identity/adaptivesecurity/add-third-party-risk-provider.htm,200,10253,Identity__adaptivesecurity__add-third-party-risk-provider.md
02:16:43,https://docs.oracle.com/en-us/iaas/Content/Identity/adaptivesecurity/configure-default-risk-provider.htm,200,8951,Identity__adaptivesecurity__configure-default-risk-provider.md
02:16:44,https://docs.oracle.com/en-us/iaas/Content/Identity/adaptivesecurity/deactivate-adaptive-security.htm,200,6520,Identity__adaptivesecurity__deactivate-adaptive-security.md
02:16:45,https://docs.oracle.com/en-us/iaas/Content/Identity/adaptivesecurity/deactivate-risk-provider.htm,200,7002,Identity__adaptivesecurity__deactivate-risk-provider.md
02:16:46,https://docs.oracle.com/en-us/iaas/Content/Identity/adaptivesecurity/list-risk-provider.htm,200,6528,Identity__adaptivesecurity__list-risk-provider.md
02:16:47,https://docs.oracle.com/en-us/iaas/Content/Identity/adaptivesecurity/modify-third-party-risk-provider.htm,200,8251,Identity__adaptivesecurity__modify-third-party-risk-provider.md
02:16:48,https://docs.oracle.com/en-us/iaas/Content/Identity/adaptivesecurity/overview.htm,200,10622,Identity__adaptivesecurity__overview.md
02:16:49,https://docs.oracle.com/en-us/iaas/Content/Identity/adaptivesecurity/remove-third-party-risk-provider.htm,200,6928,Identity__adaptivesecurity__remove-third-party-risk-provider.md
02:16:50,https://docs.oracle.com/en-us/iaas/Content/Identity/adaptivesecurity/understand-adaptive-security.htm,200,6800,Identity__adaptivesecurity__understand-adaptive-security.md
02:16:51,https://docs.oracle.com/en-us/iaas/Content/Identity/adaptivesecurity/understand-risk-providers.htm,200,9469,Identity__adaptivesecurity__understand-risk-providers.md
02:16:52,https://docs.oracle.com/en-us/iaas/Content/Identity/adaptivesecurity/user-device-baselining.htm,200,8468,Identity__adaptivesecurity__user-device-baselining.md
02:16:53,https://docs.oracle.com/en-us/iaas/Content/Identity/adaptivesecurity/view-details-risk-provider.htm,200,7535,Identity__adaptivesecurity__view-details-risk-provider.md
02:16:54,https://docs.oracle.com/en-us/iaas/Content/Identity/api-getstarted/AccessToken.htm,200,17713,Identity__api-getstarted__AccessToken.md
02:16:55,https://docs.oracle.com/en-us/iaas/Content/Identity/api-getstarted/AppRoleClientsUsers.htm,200,7110,Identity__api-getstarted__AppRoleClientsUsers.md
02:16:56,https://docs.oracle.com/en-us/iaas/Content/Identity/api-getstarted/AssertGT.htm,200,15763,Identity__api-getstarted__AssertGT.md
02:16:58,https://docs.oracle.com/en-us/iaas/Content/Identity/api-getstarted/AuthCodeGT.htm,200,18225,Identity__api-getstarted__AuthCodeGT.md
02:16:59,https://docs.oracle.com/en-us/iaas/Content/Identity/api-getstarted/BringYourOwnCertificateAPI.htm,200,49768,Identity__api-getstarted__BringYourOwnCertificateAPI.md
02:17:00,https://docs.oracle.com/en-us/iaas/Content/Identity/api-getstarted/BulkImportExport.htm,200,19543,Identity__api-getstarted__BulkImportExport.md
02:17:02,https://docs.oracle.com/en-us/iaas/Content/Identity/api-getstarted/CCGT.htm,200,13899,Identity__api-getstarted__CCGT.md
02:17:03,https://docs.oracle.com/en-us/iaas/Content/Identity/api-getstarted/ClientAssertion.htm,200,34956,Identity__api-getstarted__ClientAssertion.md
02:17:04,https://docs.oracle.com/en-us/iaas/Content/Identity/api-getstarted/CreateActivateOAuthClientApp.htm,200,15841,Identity__api-getstarted__CreateActivateOAuthClientApp.md
02:17:05,https://docs.oracle.com/en-us/iaas/Content/Identity/api-getstarted/CreateActivateOAuthRSApp.htm,200,11677,Identity__api-getstarted__CreateActivateOAuthRSApp.md
02:17:06,https://docs.oracle.com/en-us/iaas/Content/Identity/api-getstarted/CreateActivteSAMLApp.htm,200,15477,Identity__api-getstarted__CreateActivteSAMLApp.md
02:17:07,https://docs.oracle.com/en-us/iaas/Content/Identity/api-getstarted/DCGT.htm,200,16581,Identity__api-getstarted__DCGT.md
02:17:08,https://docs.oracle.com/en-us/iaas/Content/Identity/api-getstarted/Exporting.htm,200,19742,Identity__api-getstarted__Exporting.md
02:17:09,https://docs.oracle.com/en-us/iaas/Content/Identity/api-getstarted/IDVAuthAPIErrorCodes.htm,200,8274,Identity__api-getstarted__IDVAuthAPIErrorCodes.md
02:17:11,https://docs.oracle.com/en-us/iaas/Content/Identity/api-getstarted/ImplicitGT.htm,200,13819,Identity__api-getstarted__ImplicitGT.md
02:17:12,https://docs.oracle.com/en-us/iaas/Content/Identity/api-getstarted/Importing.htm,200,41821,Identity__api-getstarted__Importing.md
02:17:13,https://docs.oracle.com/en-us/iaas/Content/Identity/api-getstarted/MFAAuthAPIErrorCodes.htm,200,42898,Identity__api-getstarted__MFAAuthAPIErrorCodes.md
02:17:14,https://docs.oracle.com/en-us/iaas/Content/Identity/api-getstarted/MFAAuthAPIStatusCodes.htm,200,11328,Identity__api-getstarted__MFAAuthAPIStatusCodes.md
02:17:15,https://docs.oracle.com/en-us/iaas/Content/Identity/api-getstarted/OATOAuthClientWebApp.htm,200,30086,Identity__api-getstarted__OATOAuthClientWebApp.md
02:17:17,https://docs.oracle.com/en-us/iaas/Content/Identity/api-getstarted/OCISQueryParameters.htm,200,33793,Identity__api-getstarted__OCISQueryParameters.md
02:17:18,https://docs.oracle.com/en-us/iaas/Content/Identity/api-getstarted/OCISRequestBody.htm,200,14869,Identity__api-getstarted__OCISRequestBody.md
02:17:19,https://docs.oracle.com/en-us/iaas/Content/Identity/api-getstarted/OCISResponseBody.htm,200,31727,Identity__api-getstarted__OCISResponseBody.md
02:17:20,https://docs.oracle.com/en-us/iaas/Content/Identity/api-getstarted/OCISSchema.htm,200,11023,Identity__api-getstarted__OCISSchema.md
02:17:21,https://docs.oracle.com/en-us/iaas/Content/Identity/api-getstarted/OnBehalfOf.htm,200,9974,Identity__api-getstarted__OnBehalfOf.md
02:17:23,https://docs.oracle.com/en-us/iaas/Content/Identity/api-getstarted/ROPCGT.htm,200,14897,Identity__api-getstarted__ROPCGT.md
02:17:24,https://docs.oracle.com/en-us/iaas/Content/Identity/api-getstarted/RefreshGT.htm,200,12527,Identity__api-getstarted__RefreshGT.md
02:17:26,https://docs.oracle.com/en-us/iaas/Content/Identity/api-getstarted/RequestResponse.htm,200,7574,Identity__api-getstarted__RequestResponse.md
02:17:27,https://docs.oracle.com/en-us/iaas/Content/Identity/api-getstarted/RequiredRolePerEndpointExt.htm,200,232593,Identity__api-getstarted__RequiredRolePerEndpointExt.md
02:17:29,https://docs.oracle.com/en-us/iaas/Content/Identity/api-getstarted/Scopes.htm,200,38405,Identity__api-getstarted__Scopes.md
02:17:30,https://docs.oracle.com/en-us/iaas/Content/Identity/api-getstarted/SendRequests.htm,200,14155,Identity__api-getstarted__SendRequests.md
02:17:31,https://docs.oracle.com/en-us/iaas/Content/Identity/api-getstarted/StateRelayValidationAPI.htm,200,11309,Identity__api-getstarted__StateRelayValidationAPI.md
02:17:32,https://docs.oracle.com/en-us/iaas/Content/Identity/api-getstarted/StatusCodes.htm,200,14844,Identity__api-getstarted__StatusCodes.md
02:17:32,https://docs.oracle.com/en-us/iaas/Content/Identity/api-getstarted/SupportedAccessGrantTypes.htm,200,12727,Identity__api-getstarted__SupportedAccessGrantTypes.md
02:17:33,https://docs.oracle.com/en-us/iaas/Content/Identity/api-getstarted/SupportedTokens.htm,200,19137,Identity__api-getstarted__SupportedTokens.md
02:17:35,https://docs.oracle.com/en-us/iaas/Content/Identity/api-getstarted/TLSGT.htm,200,14661,Identity__api-getstarted__TLSGT.md
02:17:36,https://docs.oracle.com/en-us/iaas/Content/Identity/api-getstarted/TokenExpiryTable.htm,200,12564,Identity__api-getstarted__TokenExpiryTable.md
02:17:37,https://docs.oracle.com/en-us/iaas/Content/Identity/api-getstarted/TokenValidation.htm,200,16995,Identity__api-getstarted__TokenValidation.md
02:17:38,https://docs.oracle.com/en-us/iaas/Content/Identity/api-getstarted/UsecURL.htm,200,11406,Identity__api-getstarted__UsecURL.md
02:17:39,https://docs.oracle.com/en-us/iaas/Content/Identity/api-getstarted/WorkingWithApps.htm,200,11594,Identity__api-getstarted__WorkingWithApps.md
02:17:40,https://docs.oracle.com/en-us/iaas/Content/Identity/api-getstarted/adaptive-custom-clients.htm,200,18429,Identity__api-getstarted__adaptive-custom-clients.md
02:17:41,https://docs.oracle.com/en-us/iaas/Content/Identity/api-getstarted/api-allow_oracle_services_onboarding.htm,200,6997,Identity__api-getstarted__api-allow_oracle_services_onboarding.md
02:17:43,https://docs.oracle.com/en-us/iaas/Content/Identity/api-getstarted/api-get-started.htm,200,40260,Identity__api-getstarted__api-get-started.md
02:17:44,https://docs.oracle.com/en-us/iaas/Content/Identity/api-getstarted/api-managing-authorization.htm,200,30676,Identity__api-getstarted__api-managing-authorization.md
02:17:45,https://docs.oracle.com/en-us/iaas/Content/Identity/api-getstarted/api-use-cases.htm,200,22234,Identity__api-getstarted__api-use-cases.md
02:17:46,https://docs.oracle.com/en-us/iaas/Content/Identity/api-getstarted/change-your-own-profile-attributes.htm,200,18206,Identity__api-getstarted__change-your-own-profile-attributes.md
02:17:48,https://docs.oracle.com/en-us/iaas/Content/Identity/api-getstarted/custom-claims-token.htm,200,29136,Identity__api-getstarted__custom-claims-token.md
02:17:49,https://docs.oracle.com/en-us/iaas/Content/Identity/api-getstarted/customSocialIDPs.htm,200,21668,Identity__api-getstarted__customSocialIDPs.md
02:17:51,https://docs.oracle.com/en-us/iaas/Content/Identity/api-getstarted/enabling-forced-reauthentication.htm,200,9002,Identity__api-getstarted__enabling-forced-reauthentication.md
02:17:52,https://docs.oracle.com/en-us/iaas/Content/Identity/api-getstarted/entapp-create-ent-app-authz-policy.htm,200,101785,Identity__api-getstarted__entapp-create-ent-app-authz-policy.md
02:17:53,https://docs.oracle.com/en-us/iaas/Content/Identity/api-getstarted/grant_approles_to_groups.htm,200,6001,Identity__api-getstarted__grant_approles_to_groups.md
02:17:54,https://docs.oracle.com/en-us/iaas/Content/Identity/api-getstarted/implicitJitGroupMembership.htm,200,13558,Identity__api-getstarted__implicitJitGroupMembership.md
02:17:55,https://docs.oracle.com/en-us/iaas/Content/Identity/api-getstarted/json_web_token_exchange.htm,200,39117,Identity__api-getstarted__json_web_token_exchange.md
02:17:57,https://docs.oracle.com/en-us/iaas/Content/Identity/api-getstarted/kerberos_token_exchange.htm,200,43089,Identity__api-getstarted__kerberos_token_exchange.md
02:17:58,https://docs.oracle.com/en-us/iaas/Content/Identity/api-getstarted/locate-identity-domain-url.htm,200,7164,Identity__api-getstarted__locate-identity-domain-url.md
02:17:59,https://docs.oracle.com/en-us/iaas/Content/Identity/api-getstarted/obtainoauthtokenidcs.htm,200,14154,Identity__api-getstarted__obtainoauthtokenidcs.md
02:18:01,https://docs.oracle.com/en-us/iaas/Content/Identity/api-getstarted/overview-cors.htm,200,30062,Identity__api-getstarted__overview-cors.md
02:18:02,https://docs.oracle.com/en-us/iaas/Content/Identity/api-getstarted/passCustomerParamsIdP.htm,200,24457,Identity__api-getstarted__passCustomerParamsIdP.md
02:18:03,https://docs.oracle.com/en-us/iaas/Content/Identity/api-getstarted/refreshtokenexiry.htm,200,16674,Identity__api-getstarted__refreshtokenexiry.md
02:18:04,https://docs.oracle.com/en-us/iaas/Content/Identity/api-getstarted/resettingauthenticationfactorsformultipleusers.htm,200,7162,Identity__api-getstarted__resettingauthenticationfactorsformultipleusers.md
02:18:04,https://docs.oracle.com/en-us/iaas/Content/Identity/api-getstarted/samlJitApi.htm,200,34726,Identity__api-getstarted__samlJitApi.md
02:18:05,https://docs.oracle.com/en-us/iaas/Content/Identity/api-getstarted/schemacustomization.htm,200,55419,Identity__api-getstarted__schemacustomization.md
02:18:07,https://docs.oracle.com/en-us/iaas/Content/Identity/api-getstarted/token_exchange_grant_type.htm,200,7296,Identity__api-getstarted__token_exchange_grant_type.md
02:18:08,https://docs.oracle.com/en-us/iaas/Content/Identity/api-getstarted/token_exchange_grant_type_two_legged.htm,200,12118,Identity__api-getstarted__token_exchange_grant_type_two_legged.md
02:18:09,https://docs.oracle.com/en-us/iaas/Content/Identity/api-getstarted/trigger-email-verify-flow-if-email-already-verified.htm,200,22234,Identity__api-getstarted__trigger-email-verify-flow-if-email-already-verified.md
02:18:10,https://docs.oracle.com/en-us/iaas/Content/Identity/api-getstarted/use-duosec-identity-cloud-service.htm,200,112596,Identity__api-getstarted__use-duosec-identity-cloud-service.md
02:18:11,https://docs.oracle.com/en-us/iaas/Content/Identity/api-getstarted/usingauditeventapis.htm,200,28034,Identity__api-getstarted__usingauditeventapis.md
02:18:12,https://docs.oracle.com/en-us/iaas/Content/Identity/api-getstarted/usingauthenticateapis.htm,200,177388,Identity__api-getstarted__usingauthenticateapis.md
02:18:13,https://docs.oracle.com/en-us/iaas/Content/Identity/api-getstarted/usingelfservicetoenrollinmfausingthesmsfactor.htm,200,19835,Identity__api-getstarted__usingelfservicetoenrollinmfausingthesmsfactor.md
02:18:14,https://docs.oracle.com/en-us/iaas/Content/Identity/api-getstarted/usingondemandapis.htm,200,57586,Identity__api-getstarted__usingondemandapis.md
02:18:15,https://docs.oracle.com/en-us/iaas/Content/Identity/api-getstarted/usingopenidconnect.htm,200,55881,Identity__api-getstarted__usingopenidconnect.md
02:18:17,https://docs.oracle.com/en-us/iaas/Content/Identity/api-getstarted/workingWithIDPs.htm,200,6921,Identity__api-getstarted__workingWithIDPs.md
02:18:18,https://docs.oracle.com/en-us/iaas/Content/Identity/api-getstarted/working_with_app_roles.htm,200,5638,Identity__api-getstarted__working_with_app_roles.md
02:18:18,https://docs.oracle.com/en-us/iaas/Content/Identity/appgateways/activate-app-gateways.htm,200,6680,Identity__appgateways__activate-app-gateways.md
02:18:19,https://docs.oracle.com/en-us/iaas/Content/Identity/appgateways/app-gateway-docker-ova-supported-releases-patches.htm,200,11820,Identity__appgateways__app-gateway-docker-ova-supported-releases-patches.md
02:18:21,https://docs.oracle.com/en-us/iaas/Content/Identity/appgateways/appgateway-containersetup-oel8-cmds.htm,200,7363,Identity__appgateways__appgateway-containersetup-oel8-cmds.md
02:18:22,https://docs.oracle.com/en-us/iaas/Content/Identity/appgateways/configure-app-gateway-server.htm,200,9731,Identity__appgateways__configure-app-gateway-server.md
02:18:23,https://docs.oracle.com/en-us/iaas/Content/Identity/appgateways/deactivate-app-gateways.htm,200,6540,Identity__appgateways__deactivate-app-gateways.md
02:18:25,https://docs.oracle.com/en-us/iaas/Content/Identity/appgateways/deploy-oracle-app-gateway-docker-container.htm,200,15803,Identity__appgateways__deploy-oracle-app-gateway-docker-container.md
02:18:25,https://docs.oracle.com/en-us/iaas/Content/Identity/appgateways/download-and-extract-app-gateway-open-virtual-applicance-file.htm,200,8307,Identity__appgateways__download-and-extract-app-gateway-open-virtual-applicance-file.md
02:18:27,https://docs.oracle.com/en-us/iaas/Content/Identity/appgateways/enable-session-persistence-sticky-cookies.htm,200,15120,Identity__appgateways__enable-session-persistence-sticky-cookies.md
02:18:28,https://docs.oracle.com/en-us/iaas/Content/Identity/appgateways/faq_using-app-gateways-faq.htm,200,19384,Identity__appgateways__faq_using-app-gateways-faq.md
02:18:29,https://docs.oracle.com/en-us/iaas/Content/Identity/appgateways/how-enable-and-access-app-gateway-logs.htm,200,14020,Identity__appgateways__how-enable-and-access-app-gateway-logs.md
02:18:30,https://docs.oracle.com/en-us/iaas/Content/Identity/appgateways/iam-app-gateway.htm,200,6570,Identity__appgateways__iam-app-gateway.md
02:18:31,https://docs.oracle.com/en-us/iaas/Content/Identity/appgateways/install-app-gateway-oracle-cloud-infrastructure.htm,200,19529,Identity__appgateways__install-app-gateway-oracle-cloud-infrastructure.md
02:18:32,https://docs.oracle.com/en-us/iaas/Content/Identity/appgateways/install-app-gateway-oracle-vm-virtual-box-software.htm,200,13325,Identity__appgateways__install-app-gateway-oracle-vm-virtual-box-software.md
02:18:33,https://docs.oracle.com/en-us/iaas/Content/Identity/appgateways/list-app-gateways.htm,200,10853,Identity__appgateways__list-app-gateways.md
02:18:34,https://docs.oracle.com/en-us/iaas/Content/Identity/appgateways/manage-app-gateway-server.htm,200,9546,Identity__appgateways__manage-app-gateway-server.md
02:18:35,https://docs.oracle.com/en-us/iaas/Content/Identity/appgateways/modify-app-gateway.htm,200,7610,Identity__appgateways__modify-app-gateway.md
02:18:36,https://docs.oracle.com/en-us/iaas/Content/Identity/appgateways/register-app-gateway.htm,200,15096,Identity__appgateways__register-app-gateway.md
02:18:37,https://docs.oracle.com/en-us/iaas/Content/Identity/appgateways/remove-app-gateways.htm,200,6356,Identity__appgateways__remove-app-gateways.md
02:18:38,https://docs.oracle.com/en-us/iaas/Content/Identity/appgateways/run-app-gateway-ssl-mode-port-1024-or-lower.htm,200,16791,Identity__appgateways__run-app-gateway-ssl-mode-port-1024-or-lower.md
02:18:39,https://docs.oracle.com/en-us/iaas/Content/Identity/appgateways/set-app-gateway.htm,200,9372,Identity__appgateways__set-app-gateway.md
02:18:40,https://docs.oracle.com/en-us/iaas/Content/Identity/appgateways/set-high-availability.htm,200,6982,Identity__appgateways__set-high-availability.md
02:18:41,https://docs.oracle.com/en-us/iaas/Content/Identity/appgateways/start-and-stop-app-gateway.htm,200,10246,Identity__appgateways__start-and-stop-app-gateway.md
02:18:43,https://docs.oracle.com/en-us/iaas/Content/Identity/appgateways/test-access-your-application-using-app-gateway.htm,200,8395,Identity__appgateways__test-access-your-application-using-app-gateway.md
02:18:44,https://docs.oracle.com/en-us/iaas/Content/Identity/appgateways/understand-app-gateway.htm,200,19354,Identity__appgateways__understand-app-gateway.md
02:18:45,https://docs.oracle.com/en-us/iaas/Content/Identity/appgateways/upgrade-and-patch-app-gateway.htm,200,11647,Identity__appgateways__upgrade-and-patch-app-gateway.md
02:18:46,https://docs.oracle.com/en-us/iaas/Content/Identity/appgateways/upgrade-for_cloudgate.htm,200,11926,Identity__appgateways__upgrade-for_cloudgate.md
02:18:47,https://docs.oracle.com/en-us/iaas/Content/Identity/appgateways/view-details-app-gateway.htm,200,6047,Identity__appgateways__view-details-app-gateway.md
02:18:48,https://docs.oracle.com/en-us/iaas/Content/Identity/appinteg/manage-appinteg.htm,200,8747,Identity__appinteg__manage-appinteg.md
02:18:49,https://docs.oracle.com/en-us/iaas/Content/Identity/appinteg/overview.htm,200,25147,Identity__appinteg__overview.md
02:18:50,https://docs.oracle.com/en-us/iaas/Content/Identity/applications/access-all-resources.htm,200,9693,Identity__applications__access-all-resources.md
02:18:51,https://docs.oracle.com/en-us/iaas/Content/Identity/applications/access-my-apps-browser-using-plugin.htm,200,6023,Identity__applications__access-my-apps-browser-using-plugin.md
02:18:52,https://docs.oracle.com/en-us/iaas/Content/Identity/applications/access-resources-matching-tags.htm,200,10648,Identity__applications__access-resources-matching-tags.md
02:18:54,https://docs.oracle.com/en-us/iaas/Content/Identity/applications/access-resources-specific-scopes.htm,200,6395,Identity__applications__access-resources-specific-scopes.md
02:18:55,https://docs.oracle.com/en-us/iaas/Content/Identity/applications/activate-applications.htm,200,7208,Identity__applications__activate-applications.md
02:18:56,https://docs.oracle.com/en-us/iaas/Content/Identity/applications/add-app-catalog-application.htm,200,16419,Identity__applications__add-app-catalog-application.md
02:18:57,https://docs.oracle.com/en-us/iaas/Content/Identity/applications/add-applications.htm,200,9301,Identity__applications__add-applications.md
02:18:58,https://docs.oracle.com/en-us/iaas/Content/Identity/applications/add-confidential-application.htm,200,45547,Identity__applications__add-confidential-application.md
02:18:59,https://docs.oracle.com/en-us/iaas/Content/Identity/applications/add-enterprise-application.htm,200,45013,Identity__applications__add-enterprise-application.md
02:19:00,https://docs.oracle.com/en-us/iaas/Content/Identity/applications/add-mobile-application.htm,200,27362,Identity__applications__add-mobile-application.md
02:19:01,https://docs.oracle.com/en-us/iaas/Content/Identity/applications/add-saml-application.htm,200,39644,Identity__applications__add-saml-application.md
02:19:02,https://docs.oracle.com/en-us/iaas/Content/Identity/applications/add-tags-application.htm,200,9296,Identity__applications__add-tags-application.md
02:19:03,https://docs.oracle.com/en-us/iaas/Content/Identity/applications/assign-applications-user-using-account-form.htm,200,7952,Identity__applications__assign-applications-user-using-account-form.md
02:19:04,https://docs.oracle.com/en-us/iaas/Content/Identity/applications/assign-existing-user.htm,200,7331,Identity__applications__assign-existing-user.md
02:19:05,https://docs.oracle.com/en-us/iaas/Content/Identity/applications/assign-groups-custom-applications.htm,200,9495,Identity__applications__assign-groups-custom-applications.md
02:19:06,https://docs.oracle.com/en-us/iaas/Content/Identity/applications/assign-groups-oracle-applications.htm,200,7184,Identity__applications__assign-groups-oracle-applications.md
02:19:08,https://docs.oracle.com/en-us/iaas/Content/Identity/applications/assign-users-custom-applications.htm,200,11264,Identity__applications__assign-users-custom-applications.md
02:19:09,https://docs.oracle.com/en-us/iaas/Content/Identity/applications/assign-users-oracle-applications.htm,200,7149,Identity__applications__assign-users-oracle-applications.md
02:19:10,https://docs.oracle.com/en-us/iaas/Content/Identity/applications/cloud-applications.htm,200,5887,Identity__applications__cloud-applications.md
02:19:11,https://docs.oracle.com/en-us/iaas/Content/Identity/applications/configure-authentication-policy.htm,200,24706,Identity__applications__configure-authentication-policy.md
02:19:12,https://docs.oracle.com/en-us/iaas/Content/Identity/applications/configure-authorization-policy.htm,200,22892,Identity__applications__configure-authorization-policy.md
02:19:13,https://docs.oracle.com/en-us/iaas/Content/Identity/applications/configure-authorized-resources.htm,200,5655,Identity__applications__configure-authorized-resources.md
02:19:14,https://docs.oracle.com/en-us/iaas/Content/Identity/applications/configure-resources.htm,200,11319,Identity__applications__configure-resources.md
02:19:16,https://docs.oracle.com/en-us/iaas/Content/Identity/applications/create-and-link-new-user-user-account.htm,200,7642,Identity__applications__create-and-link-new-user-user-account.md
02:19:17,https://docs.oracle.com/en-us/iaas/Content/Identity/applications/create-custom-secure-form-fill-app.htm,200,6762,Identity__applications__create-custom-secure-form-fill-app.md
02:19:18,https://docs.oracle.com/en-us/iaas/Content/Identity/applications/create-secure-form-fill-app-oci-iam.htm,200,11192,Identity__applications__create-secure-form-fill-app-oci-iam.md
02:19:19,https://docs.oracle.com/en-us/iaas/Content/Identity/applications/create-secure-form-fill-configuration-file.htm,200,25451,Identity__applications__create-secure-form-fill-configuration-file.md
02:19:20,https://docs.oracle.com/en-us/iaas/Content/Identity/applications/deactivate-applications.htm,200,7197,Identity__applications__deactivate-applications.md
02:19:20,https://docs.oracle.com/en-us/iaas/Content/Identity/applications/default-headers-app-gateway-adds-request.htm,200,22907,Identity__applications__default-headers-app-gateway-adds-request.md
02:19:21,https://docs.oracle.com/en-us/iaas/Content/Identity/applications/edit-configuration-information-custom-applications.htm,200,10652,Identity__applications__edit-configuration-information-custom-applications.md
02:19:23,https://docs.oracle.com/en-us/iaas/Content/Identity/applications/edit-consent-information-custom-applications.htm,200,7315,Identity__applications__edit-consent-information-custom-applications.md
02:19:24,https://docs.oracle.com/en-us/iaas/Content/Identity/applications/edit-high-level-information-custom-applications.htm,200,6949,Identity__applications__edit-high-level-information-custom-applications.md
02:19:24,https://docs.oracle.com/en-us/iaas/Content/Identity/applications/edit-high-level-information-oracle-applications.htm,200,18750,Identity__applications__edit-high-level-information-oracle-applications.md
02:19:26,https://docs.oracle.com/en-us/iaas/Content/Identity/applications/edit-sso-configuration-information-saml-applications.htm,200,8715,Identity__applications__edit-sso-configuration-information-saml-applications.md
02:19:27,https://docs.oracle.com/en-us/iaas/Content/Identity/applications/enable-provisioning-app-catalog-application.htm,200,13109,Identity__applications__enable-provisioning-app-catalog-application.md
02:19:28,https://docs.oracle.com/en-us/iaas/Content/Identity/applications/enable-synchronization-app-catalog-application.htm,200,10153,Identity__applications__enable-synchronization-app-catalog-application.md
02:19:28,https://docs.oracle.com/en-us/iaas/Content/Identity/applications/enterprise-applications.htm,200,10598,Identity__applications__enterprise-applications.md
02:19:30,https://docs.oracle.com/en-us/iaas/Content/Identity/applications/generate-tokens-trusted-applications.htm,200,11792,Identity__applications__generate-tokens-trusted-applications.md
02:19:31,https://docs.oracle.com/en-us/iaas/Content/Identity/applications/import-and-synchronize-user-accounts-using-flat-file-ui.htm,200,5770,Identity__applications__import-and-synchronize-user-accounts-using-flat-file-ui.md
02:19:32,https://docs.oracle.com/en-us/iaas/Content/Identity/applications/import-user-accounts-software-service-application.htm,200,10146,Identity__applications__import-user-accounts-software-service-application.md
02:19:33,https://docs.oracle.com/en-us/iaas/Content/Identity/applications/import-user-accounts-using-ui.htm,200,13290,Identity__applications__import-user-accounts-using-ui.md
02:19:34,https://docs.oracle.com/en-us/iaas/Content/Identity/applications/install-and-use-secure-form-fill-plugin.htm,200,5805,Identity__applications__install-and-use-secure-form-fill-plugin.md
02:19:35,https://docs.oracle.com/en-us/iaas/Content/Identity/applications/install-mozilla-firefox-plugin.htm,200,6160,Identity__applications__install-mozilla-firefox-plugin.md
02:19:36,https://docs.oracle.com/en-us/iaas/Content/Identity/applications/install-secure-form-fill-admin-client.htm,200,8765,Identity__applications__install-secure-form-fill-admin-client.md
02:19:37,https://docs.oracle.com/en-us/iaas/Content/Identity/applications/listing-apps.htm,200,6790,Identity__applications__listing-apps.md
02:19:38,https://docs.oracle.com/en-us/iaas/Content/Identity/applications/manage-synchronized-user-accounts.htm,200,6751,Identity__applications__manage-synchronized-user-accounts.md
02:19:39,https://docs.oracle.com/en-us/iaas/Content/Identity/applications/modify-applications.htm,200,9679,Identity__applications__modify-applications.md
02:19:40,https://docs.oracle.com/en-us/iaas/Content/Identity/applications/modify-custom-applications.htm,200,5572,Identity__applications__modify-custom-applications.md
02:19:41,https://docs.oracle.com/en-us/iaas/Content/Identity/applications/modify-oracle-applications.htm,200,5862,Identity__applications__modify-oracle-applications.md
02:19:41,https://docs.oracle.com/en-us/iaas/Content/Identity/applications/oracle-and-custom-applications.htm,200,8641,Identity__applications__oracle-and-custom-applications.md
02:19:42,https://docs.oracle.com/en-us/iaas/Content/Identity/applications/overview.htm,200,9373,Identity__applications__overview.md
02:19:44,https://docs.oracle.com/en-us/iaas/Content/Identity/applications/prerequisites-creating-custom-secure-form-fill-app.htm,200,7293,Identity__applications__prerequisites-creating-custom-secure-form-fill-app.md
02:19:45,https://docs.oracle.com/en-us/iaas/Content/Identity/applications/regenerate-client-secret-confidential-applications.htm,200,8165,Identity__applications__regenerate-client-secret-confidential-applications.md
02:19:46,https://docs.oracle.com/en-us/iaas/Content/Identity/applications/remove-applications.htm,200,7246,Identity__applications__remove-applications.md
02:19:47,https://docs.oracle.com/en-us/iaas/Content/Identity/applications/remove-groups-custom-applications.htm,200,7671,Identity__applications__remove-groups-custom-applications.md
02:19:48,https://docs.oracle.com/en-us/iaas/Content/Identity/applications/remove-groups-oracle-applications.htm,200,8587,Identity__applications__remove-groups-oracle-applications.md
02:19:49,https://docs.oracle.com/en-us/iaas/Content/Identity/applications/remove-users-custom-applications.htm,200,7662,Identity__applications__remove-users-custom-applications.md
02:19:50,https://docs.oracle.com/en-us/iaas/Content/Identity/applications/remove-users-oracle-applications.htm,200,7987,Identity__applications__remove-users-oracle-applications.md
02:19:52,https://docs.oracle.com/en-us/iaas/Content/Identity/applications/supported-header-value-expressions-authentication-policies.htm,200,21949,Identity__applications__supported-header-value-expressions-authentication-policies.md
02:19:53,https://docs.oracle.com/en-us/iaas/Content/Identity/applications/synchronize-imported-user-accounts.htm,200,6031,Identity__applications__synchronize-imported-user-accounts.md
02:19:54,https://docs.oracle.com/en-us/iaas/Content/Identity/applications/synchronize-user-accounts.htm,200,13333,Identity__applications__synchronize-user-accounts.md
02:19:55,https://docs.oracle.com/en-us/iaas/Content/Identity/applications/test-custom-secure-form-fill-app.htm,200,7221,Identity__applications__test-custom-secure-form-fill-app.md
02:19:56,https://docs.oracle.com/en-us/iaas/Content/Identity/applications/to-configure-oauth.htm,200,32853,Identity__applications__to-configure-oauth.md
02:19:57,https://docs.oracle.com/en-us/iaas/Content/Identity/applications/update-custom-secure-form-fill-app.htm,200,8453,Identity__applications__update-custom-secure-form-fill-app.md
02:19:58,https://docs.oracle.com/en-us/iaas/Content/Identity/applications/use-case-adding-applications.htm,200,12050,Identity__applications__use-case-adding-applications.md
02:19:59,https://docs.oracle.com/en-us/iaas/Content/Identity/applications/use-regular-expressions.htm,200,19020,Identity__applications__use-regular-expressions.md
02:20:00,https://docs.oracle.com/en-us/iaas/Content/Identity/applications/view-details-applications.htm,200,11051,Identity__applications__view-details-applications.md
02:20:01,https://docs.oracle.com/en-us/iaas/Content/Identity/applications/work-synchronization-failure-report.htm,200,14312,Identity__applications__work-synchronization-failure-report.md
02:20:02,https://docs.oracle.com/en-us/iaas/Content/Identity/brand/brand-consoles.htm,200,8410,Identity__brand__brand-consoles.md
02:20:03,https://docs.oracle.com/en-us/iaas/Content/Identity/brand/brand-notification-templates.htm,200,7467,Identity__brand__brand-notification-templates.md
02:20:04,https://docs.oracle.com/en-us/iaas/Content/Identity/brand/brand_customizing-the-interface.htm,200,12529,Identity__brand__brand_customizing-the-interface.md
02:20:05,https://docs.oracle.com/en-us/iaas/Content/Identity/brand/customizing-the-signin-page.htm,200,10065,Identity__brand__customizing-the-signin-page.md
02:20:07,https://docs.oracle.com/en-us/iaas/Content/Identity/callresources/Configuring_the_SDK_CLI_or_Terraform.htm,200,10637,Identity__callresources__Configuring_the_SDK_CLI_or_Terraform.md
02:20:08,https://docs.oracle.com/en-us/iaas/Content/Identity/callresources/Process_Overview.htm,200,7401,Identity__callresources__Process_Overview.md
02:20:09,https://docs.oracle.com/en-us/iaas/Content/Identity/callresources/Steps_to_Enable_Instances_to_Call_Services.htm,200,6924,Identity__callresources__Steps_to_Enable_Instances_to_Call_Services.md
02:20:10,https://docs.oracle.com/en-us/iaas/Content/Identity/callresources/Writing_Policies_for_Dynamic_Groups.htm,200,7595,Identity__callresources__Writing_Policies_for_Dynamic_Groups.md
02:20:11,https://docs.oracle.com/en-us/iaas/Content/Identity/callresources/callingservicesfrominstances.htm,200,10621,Identity__callresources__callingservicesfrominstances.md
02:20:11,https://docs.oracle.com/en-us/iaas/Content/Identity/callresources/common-tasks.htm,200,11116,Identity__callresources__common-tasks.md
02:20:12,https://docs.oracle.com/en-us/iaas/Content/Identity/compartments/To_create_a_compartment.htm,200,11237,Identity__compartments__To_create_a_compartment.md
02:20:13,https://docs.oracle.com/en-us/iaas/Content/Identity/compartments/To_delete_a_compartment.htm,200,9843,Identity__compartments__To_delete_a_compartment.md
02:20:14,https://docs.oracle.com/en-us/iaas/Content/Identity/compartments/To_manage_tag_defaults_for_a_compartment.htm,200,6383,Identity__compartments__To_manage_tag_defaults_for_a_compartment.md
02:20:15,https://docs.oracle.com/en-us/iaas/Content/Identity/compartments/To_move_a_compartment.htm,200,9218,Identity__compartments__To_move_a_compartment.md
02:20:17,https://docs.oracle.com/en-us/iaas/Content/Identity/compartments/To_move_a_resource_to_a_different_compartment.htm,200,8281,Identity__compartments__To_move_a_resource_to_a_different_compartment.md
02:20:18,https://docs.oracle.com/en-us/iaas/Content/Identity/compartments/To_recover_a_compartment.htm,200,9168,Identity__compartments__To_recover_a_compartment.md
02:20:19,https://docs.oracle.com/en-us/iaas/Content/Identity/compartments/To_update_a_compartments_description.htm,200,8540,Identity__compartments__To_update_a_compartments_description.md
02:20:20,https://docs.oracle.com/en-us/iaas/Content/Identity/compartments/To_update_a_compartments_name.htm,200,8804,Identity__compartments__To_update_a_compartments_name.md
02:20:21,https://docs.oracle.com/en-us/iaas/Content/Identity/compartments/To_view_the_contents_of_a_compartment.htm,200,9332,Identity__compartments__To_view_the_contents_of_a_compartment.md
02:20:23,https://docs.oracle.com/en-us/iaas/Content/Identity/compartments/Working_with_Compartments.htm,200,34348,Identity__compartments__Working_with_Compartments.md
02:20:24,https://docs.oracle.com/en-us/iaas/Content/Identity/compartments/bulk-delete-resources-compartment.htm,200,7191,Identity__compartments__bulk-delete-resources-compartment.md
02:20:25,https://docs.oracle.com/en-us/iaas/Content/Identity/compartments/bulk-move-resources-compartment.htm,200,7168,Identity__compartments__bulk-move-resources-compartment.md
02:20:26,https://docs.oracle.com/en-us/iaas/Content/Identity/compartments/list_compartments.htm,200,7719,Identity__compartments__list_compartments.md
02:20:27,https://docs.oracle.com/en-us/iaas/Content/Identity/compartments/managingcompartments.htm,200,9628,Identity__compartments__managingcompartments.md
02:20:28,https://docs.oracle.com/en-us/iaas/Content/Identity/conversion/groups.htm,200,13827,Identity__conversion__groups.md
02:20:29,https://docs.oracle.com/en-us/iaas/Content/Identity/conversion/introduction.htm,200,15527,Identity__conversion__introduction.md
02:20:30,https://docs.oracle.com/en-us/iaas/Content/Identity/conversion/known-issues.htm,200,5755,Identity__conversion__known-issues.md
02:20:31,https://docs.oracle.com/en-us/iaas/Content/Identity/conversion/overview.htm,200,6051,Identity__conversion__overview.md
02:20:32,https://docs.oracle.com/en-us/iaas/Content/Identity/conversion/security.htm,200,14365,Identity__conversion__security.md
02:20:33,https://docs.oracle.com/en-us/iaas/Content/Identity/datatransfer/download-exported-files.htm,200,6869,Identity__datatransfer__download-exported-files.md
02:20:35,https://docs.oracle.com/en-us/iaas/Content/Identity/datatransfer/export-groups.htm,200,10548,Identity__datatransfer__export-groups.md
02:20:36,https://docs.oracle.com/en-us/iaas/Content/Identity/datatransfer/export-users-and-groups-oracle-application-roles.htm,200,8945,Identity__datatransfer__export-users-and-groups-oracle-application-roles.md
02:20:37,https://docs.oracle.com/en-us/iaas/Content/Identity/datatransfer/export-users.htm,200,10812,Identity__datatransfer__export-users.md
02:20:38,https://docs.oracle.com/en-us/iaas/Content/Identity/datatransfer/import-file-specifications.htm,200,10047,Identity__datatransfer__import-file-specifications.md
02:20:39,https://docs.oracle.com/en-us/iaas/Content/Identity/datatransfer/import-groups.htm,200,12320,Identity__datatransfer__import-groups.md
02:20:40,https://docs.oracle.com/en-us/iaas/Content/Identity/datatransfer/import-users-and-groups-oracle-application-roles.htm,200,10596,Identity__datatransfer__import-users-and-groups-oracle-application-roles.md
02:20:42,https://docs.oracle.com/en-us/iaas/Content/Identity/datatransfer/import-users.htm,200,13702,Identity__datatransfer__import-users.md
02:20:42,https://docs.oracle.com/en-us/iaas/Content/Identity/datatransfer/list-user-attributes-csv-column-headers.htm,200,7705,Identity__datatransfer__list-user-attributes-csv-column-headers.md
02:20:43,https://docs.oracle.com/en-us/iaas/Content/Identity/datatransfer/overview.htm,200,10226,Identity__datatransfer__overview.md
02:20:45,https://docs.oracle.com/en-us/iaas/Content/Identity/datatransfer/sample-files.htm,200,7396,Identity__datatransfer__sample-files.md
02:20:45,https://docs.oracle.com/en-us/iaas/Content/Identity/defaultsettings/allow-oracle-services-onboarding.htm,200,6749,Identity__defaultsettings__allow-oracle-services-onboarding.md
02:20:46,https://docs.oracle.com/en-us/iaas/Content/Identity/defaultsettings/change-locale-settings.htm,200,7318,Identity__defaultsettings__change-locale-settings.md
02:20:47,https://docs.oracle.com/en-us/iaas/Content/Identity/defaultsettings/config-audit-retention.htm,200,7300,Identity__defaultsettings__config-audit-retention.md
02:20:48,https://docs.oracle.com/en-us/iaas/Content/Identity/defaultsettings/list-domain-settings.htm,200,7038,Identity__defaultsettings__list-domain-settings.md
02:20:49,https://docs.oracle.com/en-us/iaas/Content/Identity/defaultsettings/manage-default-settings.htm,200,9748,Identity__defaultsettings__manage-default-settings.md
02:20:51,https://docs.oracle.com/en-us/iaas/Content/Identity/defaultsettings/obtain-root-ca-certificate.htm,200,9445,Identity__defaultsettings__obtain-root-ca-certificate.md
02:20:52,https://docs.oracle.com/en-us/iaas/Content/Identity/defaultsettings/overview-retrieve-instance-identity-root-ca-certificate.htm,200,10911,Identity__defaultsettings__overview-retrieve-instance-identity-root-ca-certificate.md
02:20:53,https://docs.oracle.com/en-us/iaas/Content/Identity/defaultsettings/purge-audit-data-deleted-user.htm,200,6706,Identity__defaultsettings__purge-audit-data-deleted-user.md
02:20:54,https://docs.oracle.com/en-us/iaas/Content/Identity/defaultsettings/set-access-signing-certificate.htm,200,7406,Identity__defaultsettings__set-access-signing-certificate.md
02:20:55,https://docs.oracle.com/en-us/iaas/Content/Identity/defaultsettings/set-contact-email.htm,200,6639,Identity__defaultsettings__set-contact-email.md
02:20:56,https://docs.oracle.com/en-us/iaas/Content/Identity/defaultsettings/set-primary-email-user.htm,200,6445,Identity__defaultsettings__set-primary-email-user.md
02:20:57,https://docs.oracle.com/en-us/iaas/Content/Identity/delegatedauth/activate-delegated-authentication.htm,200,9883,Identity__delegatedauth__activate-delegated-authentication.md
02:20:58,https://docs.oracle.com/en-us/iaas/Content/Identity/delegatedauth/deactivate-delegated-authentication.htm,200,9025,Identity__delegatedauth__deactivate-delegated-authentication.md
02:20:59,https://docs.oracle.com/en-us/iaas/Content/Identity/delegatedauth/delegated_auth_tasks.htm,200,7082,Identity__delegatedauth__delegated_auth_tasks.md
02:21:00,https://docs.oracle.com/en-us/iaas/Content/Identity/delegatedauth/handle-network-failure-delegated-authentication.htm,200,11837,Identity__delegatedauth__handle-network-failure-delegated-authentication.md
02:21:01,https://docs.oracle.com/en-us/iaas/Content/Identity/delegatedauth/test-delegated-authentication.htm,200,8181,Identity__delegatedauth__test-delegated-authentication.md
02:21:02,https://docs.oracle.com/en-us/iaas/Content/Identity/delegatedauth/understand-delegated-authentication.htm,200,9160,Identity__delegatedauth__understand-delegated-authentication.md
02:21:03,https://docs.oracle.com/en-us/iaas/Content/Identity/delegatedauth/view-details-ad-bridge.htm,200,9559,Identity__delegatedauth__view-details-ad-bridge.md
02:21:04,https://docs.oracle.com/en-us/iaas/Content/Identity/domains/disaster_recovery_and_domains.htm,200,29248,Identity__domains__disaster_recovery_and_domains.md
02:21:05,https://docs.oracle.com/en-us/iaas/Content/Identity/domains/implicitManagedAccess-defaultdomain.htm,200,9047,Identity__domains__implicitManagedAccess-defaultdomain.md
02:21:07,https://docs.oracle.com/en-us/iaas/Content/Identity/domains/introduction-identity-domains.htm,200,7578,Identity__domains__introduction-identity-domains.md
02:21:08,https://docs.oracle.com/en-us/iaas/Content/Identity/domains/limits_on_domains.htm,200,6324,Identity__domains__limits_on_domains.md
02:21:09,https://docs.oracle.com/en-us/iaas/Content/Identity/domains/manage-replicated-regions-identitydomain.htm,200,7676,Identity__domains__manage-replicated-regions-identitydomain.md
02:21:10,https://docs.oracle.com/en-us/iaas/Content/Identity/domains/multiple-domains.htm,200,8008,Identity__domains__multiple-domains.md
02:21:11,https://docs.oracle.com/en-us/iaas/Content/Identity/domains/overview.htm,200,16563,Identity__domains__overview.md
02:21:12,https://docs.oracle.com/en-us/iaas/Content/Identity/domains/recovering_domains.htm,200,5660,Identity__domains__recovering_domains.md
02:21:13,https://docs.oracle.com/en-us/iaas/Content/Identity/domains/the_default_domain.htm,200,7446,Identity__domains__the_default_domain.md
02:21:14,https://docs.oracle.com/en-us/iaas/Content/Identity/domains/to-activate-a-domain.htm,200,8386,Identity__domains__to-activate-a-domain.md
02:21:15,https://docs.oracle.com/en-us/iaas/Content/Identity/domains/to-change-identity-domain-type.htm,200,8991,Identity__domains__to-change-identity-domain-type.md
02:21:16,https://docs.oracle.com/en-us/iaas/Content/Identity/domains/to-copy-an-identity-domain-ocid.htm,200,6915,Identity__domains__to-copy-an-identity-domain-ocid.md
02:21:17,https://docs.oracle.com/en-us/iaas/Content/Identity/domains/to-create-new-identity-domain.htm,200,14421,Identity__domains__to-create-new-identity-domain.md
02:21:18,https://docs.oracle.com/en-us/iaas/Content/Identity/domains/to-deactivate-a-domain.htm,200,9617,Identity__domains__to-deactivate-a-domain.md
02:21:20,https://docs.oracle.com/en-us/iaas/Content/Identity/domains/to-delete-a-domain.htm,200,9076,Identity__domains__to-delete-a-domain.md
02:21:21,https://docs.oracle.com/en-us/iaas/Content/Identity/domains/to-edit-domain-details.htm,200,10029,Identity__domains__to-edit-domain-details.md
02:21:22,https://docs.oracle.com/en-us/iaas/Content/Identity/domains/to-list-license-types.htm,200,7160,Identity__domains__to-list-license-types.md
02:21:23,https://docs.oracle.com/en-us/iaas/Content/Identity/domains/to-manage-regions-for-domains.htm,200,11484,Identity__domains__to-manage-regions-for-domains.md
02:21:25,https://docs.oracle.com/en-us/iaas/Content/Identity/domains/to-move-resources-to-a-different-compartment.htm,200,8912,Identity__domains__to-move-resources-to-a-different-compartment.md
02:21:26,https://docs.oracle.com/en-us/iaas/Content/Identity/domains/to-reset-all-passwords-for-domain.htm,200,7082,Identity__domains__to-reset-all-passwords-for-domain.md
02:21:26,https://docs.oracle.com/en-us/iaas/Content/Identity/domains/to-view-details-of-an-identity-domain.htm,200,9128,Identity__domains__to-view-details-of-an-identity-domain.md
02:21:27,https://docs.oracle.com/en-us/iaas/Content/Identity/domains/to-view-identity-domains.htm,200,11375,Identity__domains__to-view-identity-domains.md
02:21:28,https://docs.oracle.com/en-us/iaas/Content/Identity/dynamicgroups/To_create_a_dynamic_group.htm,200,9056,Identity__dynamicgroups__To_create_a_dynamic_group.md
02:21:30,https://docs.oracle.com/en-us/iaas/Content/Identity/dynamicgroups/To_delete_a_dynamic_group.htm,200,6555,Identity__dynamicgroups__To_delete_a_dynamic_group.md
02:21:31,https://docs.oracle.com/en-us/iaas/Content/Identity/dynamicgroups/To_update_a_dynamic_groups_description.htm,200,6664,Identity__dynamicgroups__To_update_a_dynamic_groups_description.md
02:21:32,https://docs.oracle.com/en-us/iaas/Content/Identity/dynamicgroups/To_update_a_dynamic_groups_matching_rules.htm,200,7221,Identity__dynamicgroups__To_update_a_dynamic_groups_matching_rules.md
02:21:33,https://docs.oracle.com/en-us/iaas/Content/Identity/dynamicgroups/Updating_Dynamic_Groups.htm,200,6568,Identity__dynamicgroups__Updating_Dynamic_Groups.md
02:21:34,https://docs.oracle.com/en-us/iaas/Content/Identity/dynamicgroups/Using_the_Rule_Builder.htm,200,13394,Identity__dynamicgroups__Using_the_Rule_Builder.md
02:21:35,https://docs.oracle.com/en-us/iaas/Content/Identity/dynamicgroups/Working_with_Dynamic_Groups.htm,200,7478,Identity__dynamicgroups__Working_with_Dynamic_Groups.md
02:21:36,https://docs.oracle.com/en-us/iaas/Content/Identity/dynamicgroups/Writing_Matching_Rules_to_Define_Dynamic_Groups.htm,200,21891,Identity__dynamicgroups__Writing_Matching_Rules_to_Define_Dynamic_Groups.md
02:21:37,https://docs.oracle.com/en-us/iaas/Content/Identity/dynamicgroups/assign-domain-role.htm,200,7339,Identity__dynamicgroups__assign-domain-role.md
02:21:38,https://docs.oracle.com/en-us/iaas/Content/Identity/dynamicgroups/listing-dynamnicgroups.htm,200,6344,Identity__dynamicgroups__listing-dynamnicgroups.md
02:21:39,https://docs.oracle.com/en-us/iaas/Content/Identity/dynamicgroups/managingdynamicgroups.htm,200,10253,Identity__dynamicgroups__managingdynamicgroups.md
02:21:40,https://docs.oracle.com/en-us/iaas/Content/Identity/ebs/architecture.htm,200,17638,Identity__ebs__architecture.md
02:21:41,https://docs.oracle.com/en-us/iaas/Content/Identity/ebs/collect-diagnostic-data.htm,200,6885,Identity__ebs__collect-diagnostic-data.md
02:21:42,https://docs.oracle.com/en-us/iaas/Content/Identity/ebs/configure-deploy-ebs-asserter.htm,200,7972,Identity__ebs__configure-deploy-ebs-asserter.md
02:21:44,https://docs.oracle.com/en-us/iaas/Content/Identity/ebs/configure-ebs-asserter-in-ebs.htm,200,11729,Identity__ebs__configure-ebs-asserter-in-ebs.md
02:21:45,https://docs.oracle.com/en-us/iaas/Content/Identity/ebs/configure-ebs-asserter-integration.htm,200,7348,Identity__ebs__configure-ebs-asserter-integration.md
02:21:46,https://docs.oracle.com/en-us/iaas/Content/Identity/ebs/configure-ebs-mobile-apps.htm,200,7858,Identity__ebs__configure-ebs-mobile-apps.md
02:21:48,https://docs.oracle.com/en-us/iaas/Content/Identity/ebs/configure-hostname-verification-weblogic-console.htm,200,7279,Identity__ebs__configure-hostname-verification-weblogic-console.md
02:21:49,https://docs.oracle.com/en-us/iaas/Content/Identity/ebs/configure-keystores-weblogic-console.htm,200,7570,Identity__ebs__configure-keystores-weblogic-console.md
02:21:50,https://docs.oracle.com/en-us/iaas/Content/Identity/ebs/create-app-user-ebs.htm,200,9369,Identity__ebs__create-app-user-ebs.md
02:21:51,https://docs.oracle.com/en-us/iaas/Content/Identity/ebs/create-ebs-sys-admin.htm,200,7934,Identity__ebs__create-ebs-sys-admin.md
02:21:52,https://docs.oracle.com/en-us/iaas/Content/Identity/ebs/create-users-update-admin-email-ebs.htm,200,7360,Identity__ebs__create-users-update-admin-email-ebs.md
02:21:53,https://docs.oracle.com/en-us/iaas/Content/Identity/ebs/create-wallet-e-business-suite-asserter.htm,200,7437,Identity__ebs__create-wallet-e-business-suite-asserter.md
02:21:54,https://docs.oracle.com/en-us/iaas/Content/Identity/ebs/define-data-source.htm,200,13256,Identity__ebs__define-data-source.md
02:21:55,https://docs.oracle.com/en-us/iaas/Content/Identity/ebs/deploy-ebs-asserter-weblogic-server.htm,200,8338,Identity__ebs__deploy-ebs-asserter-weblogic-server.md
02:21:57,https://docs.oracle.com/en-us/iaas/Content/Identity/ebs/enable-e-business-suite-asserter-debug-log.htm,200,8685,Identity__ebs__enable-e-business-suite-asserter-debug-log.md
02:21:58,https://docs.oracle.com/en-us/iaas/Content/Identity/ebs/faq_using-ebs-asserter-faq.htm,200,14920,Identity__ebs__faq_using-ebs-asserter-faq.md
02:22:00,https://docs.oracle.com/en-us/iaas/Content/Identity/ebs/login-non-us-english-language.htm,200,6814,Identity__ebs__login-non-us-english-language.md
02:22:01,https://docs.oracle.com/en-us/iaas/Content/Identity/ebs/monitor-ebs-asserter.htm,200,5851,Identity__ebs__monitor-ebs-asserter.md
02:22:02,https://docs.oracle.com/en-us/iaas/Content/Identity/ebs/overview.htm,200,11193,Identity__ebs__overview.md
02:22:03,https://docs.oracle.com/en-us/iaas/Content/Identity/ebs/register-activate-ebs-asserter.htm,200,10206,Identity__ebs__register-activate-ebs-asserter.md
02:22:04,https://docs.oracle.com/en-us/iaas/Content/Identity/ebs/set-e-business-suite-mobile-applications.htm,200,7257,Identity__ebs__set-e-business-suite-mobile-applications.md
02:22:06,https://docs.oracle.com/en-us/iaas/Content/Identity/ebs/test-authn-ebs-mobile-apps.htm,200,6834,Identity__ebs__test-authn-ebs-mobile-apps.md
02:22:06,https://docs.oracle.com/en-us/iaas/Content/Identity/ebs/test-sso-ebs-asserter-direct-url-redirect-param.htm,200,7483,Identity__ebs__test-sso-ebs-asserter-direct-url-redirect-param.md
02:22:07,https://docs.oracle.com/en-us/iaas/Content/Identity/ebs/test-sso-oracle-ebs-bookmarked-url.htm,200,7173,Identity__ebs__test-sso-oracle-ebs-bookmarked-url.md
02:22:08,https://docs.oracle.com/en-us/iaas/Content/Identity/ebs/test-sso-using-ebs-asserter-direct-url.htm,200,6744,Identity__ebs__test-sso-using-ebs-asserter-direct-url.md
02:22:09,https://docs.oracle.com/en-us/iaas/Content/Identity/ebs/test-sso-using-ebs-asserter-icon.htm,200,6885,Identity__ebs__test-sso-using-ebs-asserter-icon.md
02:22:10,https://docs.oracle.com/en-us/iaas/Content/Identity/ebs/update-ebs-asserter-configuration-file.htm,200,22623,Identity__ebs__update-ebs-asserter-configuration-file.md
02:22:11,https://docs.oracle.com/en-us/iaas/Content/Identity/ebs/update-oracle-e-business-suite-profiles.htm,200,9080,Identity__ebs__update-oracle-e-business-suite-profiles.md
02:22:12,https://docs.oracle.com/en-us/iaas/Content/Identity/ebs/update-oracle-ebs-system-admin-email-address.htm,200,7174,Identity__ebs__update-oracle-ebs-system-admin-email-address.md
02:22:13,https://docs.oracle.com/en-us/iaas/Content/Identity/ebs/use-fiddler-capture-traffic.htm,200,7147,Identity__ebs__use-fiddler-capture-traffic.md
02:22:15,https://docs.oracle.com/en-us/iaas/Content/Identity/ebs/validate-integration.htm,200,8088,Identity__ebs__validate-integration.md
02:22:16,https://docs.oracle.com/en-us/iaas/Content/Identity/ebs/validate-service.htm,200,6638,Identity__ebs__validate-service.md
02:22:17,https://docs.oracle.com/en-us/iaas/Content/Identity/ebs/what-do-you-need-use-ebs-asserter.htm,200,15831,Identity__ebs__what-do-you-need-use-ebs-asserter.md
02:22:18,https://docs.oracle.com/en-us/iaas/Content/Identity/ebs/you-begin2.htm,200,6414,Identity__ebs__you-begin2.md
02:22:20,https://docs.oracle.com/en-us/iaas/Content/Identity/federating/federating_section.htm,200,7004,Identity__federating__federating_section.md
02:22:21,https://docs.oracle.com/en-us/iaas/Content/Identity/getstarted/identity-domains.htm,200,35552,Identity__getstarted__identity-domains.md
02:22:22,https://docs.oracle.com/en-us/iaas/Content/Identity/groups/add-users-to-groups.htm,200,8254,Identity__groups__add-users-to-groups.md
02:22:23,https://docs.oracle.com/en-us/iaas/Content/Identity/groups/assign-applications-group.htm,200,7753,Identity__groups__assign-applications-group.md
02:22:25,https://docs.oracle.com/en-us/iaas/Content/Identity/groups/create-groups.htm,200,8446,Identity__groups__create-groups.md
02:22:26,https://docs.oracle.com/en-us/iaas/Content/Identity/groups/delete-groups.htm,200,6852,Identity__groups__delete-groups.md
02:22:27,https://docs.oracle.com/en-us/iaas/Content/Identity/groups/list-groups.htm,200,6518,Identity__groups__list-groups.md
02:22:27,https://docs.oracle.com/en-us/iaas/Content/Identity/groups/managinggroups.htm,200,10184,Identity__groups__managinggroups.md
02:22:28,https://docs.oracle.com/en-us/iaas/Content/Identity/groups/remove-applications-group.htm,200,7089,Identity__groups__remove-applications-group.md
02:22:30,https://docs.oracle.com/en-us/iaas/Content/Identity/groups/remove-users-from-groups.htm,200,7858,Identity__groups__remove-users-from-groups.md
02:22:30,https://docs.oracle.com/en-us/iaas/Content/Identity/home.htm,200,18733,Identity__home.md
02:22:31,https://docs.oracle.com/en-us/iaas/Content/Identity/home1.htm,200,10559,Identity__home1.md
02:22:32,https://docs.oracle.com/en-us/iaas/Content/Identity/hostedsignin/create-hosted-sign-page.htm,200,11349,Identity__hostedsignin__create-hosted-sign-page.md
02:22:34,https://docs.oracle.com/en-us/iaas/Content/Identity/hostedsignin/what-is-hosted-sign-page.htm,200,22666,Identity__hostedsignin__what-is-hosted-sign-page.md
02:22:35,https://docs.oracle.com/en-us/iaas/Content/Identity/iam-app-catalog-overview.htm,200,8740,Identity__iam-app-catalog-overview.md
02:22:36,https://docs.oracle.com/en-us/iaas/Content/Identity/iam/manage-iam.htm,200,6256,Identity__iam__manage-iam.md
02:22:37,https://docs.oracle.com/en-us/iaas/Content/Identity/identityproviders/activate-identity-provider.htm,200,7364,Identity__identityproviders__activate-identity-provider.md
02:22:39,https://docs.oracle.com/en-us/iaas/Content/Identity/identityproviders/add-saml-identity-provider.htm,200,47394,Identity__identityproviders__add-saml-identity-provider.md
02:22:40,https://docs.oracle.com/en-us/iaas/Content/Identity/identityproviders/add-saml-idp-jit-prov.htm,200,12696,Identity__identityproviders__add-saml-idp-jit-prov.md
02:22:41,https://docs.oracle.com/en-us/iaas/Content/Identity/identityproviders/add-social-identity-provider.htm,200,13866,Identity__identityproviders__add-social-identity-provider.md
02:22:42,https://docs.oracle.com/en-us/iaas/Content/Identity/identityproviders/add-x509-identity-provider.htm,200,14184,Identity__identityproviders__add-x509-identity-provider.md
02:22:43,https://docs.oracle.com/en-us/iaas/Content/Identity/identityproviders/assign-identity-providers-policy.htm,200,8259,Identity__identityproviders__assign-identity-providers-policy.md
02:22:44,https://docs.oracle.com/en-us/iaas/Content/Identity/identityproviders/crud-operations-aple-idp.htm,200,19770,Identity__identityproviders__crud-operations-aple-idp.md
02:22:45,https://docs.oracle.com/en-us/iaas/Content/Identity/identityproviders/delete-identity-provider.htm,200,7641,Identity__identityproviders__delete-identity-provider.md
02:22:46,https://docs.oracle.com/en-us/iaas/Content/Identity/identityproviders/integrating-apple-idp.htm,200,11652,Identity__identityproviders__integrating-apple-idp.md
02:22:47,https://docs.oracle.com/en-us/iaas/Content/Identity/identityproviders/list-identity-providers.htm,200,6968,Identity__identityproviders__list-identity-providers.md
02:22:48,https://docs.oracle.com/en-us/iaas/Content/Identity/identityproviders/manage-identity-providers.htm,200,21933,Identity__identityproviders__manage-identity-providers.md
02:22:49,https://docs.oracle.com/en-us/iaas/Content/Identity/identityproviders/modify-identity-provider.htm,200,7249,Identity__identityproviders__modify-identity-provider.md
02:22:51,https://docs.oracle.com/en-us/iaas/Content/Identity/identityproviders/test-identity-provider.htm,200,8880,Identity__identityproviders__test-identity-provider.md
02:22:52,https://docs.oracle.com/en-us/iaas/Content/Identity/idppolicies/add-apps-idp-policy.htm,200,7675,Identity__idppolicies__add-apps-idp-policy.md
02:22:53,https://docs.oracle.com/en-us/iaas/Content/Identity/idppolicies/add-identity-provider-policy.htm,200,11838,Identity__idppolicies__add-identity-provider-policy.md
02:22:54,https://docs.oracle.com/en-us/iaas/Content/Identity/idppolicies/add-identity-provider-rules-policy.htm,200,10224,Identity__idppolicies__add-identity-provider-rules-policy.md
02:22:55,https://docs.oracle.com/en-us/iaas/Content/Identity/idppolicies/add-identity-providers-policy.htm,200,7266,Identity__idppolicies__add-identity-providers-policy.md
02:22:57,https://docs.oracle.com/en-us/iaas/Content/Identity/idppolicies/change-priority-identity-provider-rule-policy.htm,200,8195,Identity__idppolicies__change-priority-identity-provider-rule-policy.md
02:22:58,https://docs.oracle.com/en-us/iaas/Content/Identity/idppolicies/edit-identity-provider-rule-policy.htm,200,10848,Identity__idppolicies__edit-identity-provider-rule-policy.md
02:22:59,https://docs.oracle.com/en-us/iaas/Content/Identity/idppolicies/list-idp-policies.htm,200,6571,Identity__idppolicies__list-idp-policies.md
02:23:00,https://docs.oracle.com/en-us/iaas/Content/Identity/idppolicies/manage-idp-policies.htm,200,6942,Identity__idppolicies__manage-idp-policies.md
02:23:01,https://docs.oracle.com/en-us/iaas/Content/Identity/idppolicies/modify-identity-provider-policy.htm,200,7274,Identity__idppolicies__modify-identity-provider-policy.md
02:23:03,https://docs.oracle.com/en-us/iaas/Content/Identity/idppolicies/remove-apps-idp-policy.htm,200,7029,Identity__idppolicies__remove-apps-idp-policy.md
02:23:04,https://docs.oracle.com/en-us/iaas/Content/Identity/idppolicies/remove-identity-provider-policies.htm,200,7035,Identity__idppolicies__remove-identity-provider-policies.md
02:23:05,https://docs.oracle.com/en-us/iaas/Content/Identity/idppolicies/remove-identity-provider-rules-policy.htm,200,6640,Identity__idppolicies__remove-identity-provider-rules-policy.md
02:23:06,https://docs.oracle.com/en-us/iaas/Content/Identity/idppolicies/remove-identity-providers-policy.htm,200,7422,Identity__idppolicies__remove-identity-providers-policy.md
02:23:07,https://docs.oracle.com/en-us/iaas/Content/Identity/idppolicies/understand-identity-provider-policies.htm,200,14939,Identity__idppolicies__understand-identity-provider-policies.md
02:23:09,https://docs.oracle.com/en-us/iaas/Content/Identity/jobs/export-job-errors.htm,200,6690,Identity__jobs__export-job-errors.md
02:23:10,https://docs.oracle.com/en-us/iaas/Content/Identity/jobs/get-job-details.htm,200,6298,Identity__jobs__get-job-details.md
02:23:11,https://docs.oracle.com/en-us/iaas/Content/Identity/jobs/list-jobs.htm,200,9470,Identity__jobs__list-jobs.md
02:23:12,https://docs.oracle.com/en-us/iaas/Content/Identity/jobs/understand_jobs.htm,200,7553,Identity__jobs__understand_jobs.md
02:23:13,https://docs.oracle.com/en-us/iaas/Content/Identity/known-issues/known-issues-applications.htm,200,6408,Identity__known-issues__known-issues-applications.md
02:23:15,https://docs.oracle.com/en-us/iaas/Content/Identity/known-issues/known-issues-conv.htm,200,10169,Identity__known-issues__known-issues-conv.md
02:23:16,https://docs.oracle.com/en-us/iaas/Content/Identity/known-issues/known-issues-deny-policies.htm,200,9438,Identity__known-issues__known-issues-deny-policies.md
02:23:17,https://docs.oracle.com/en-us/iaas/Content/Identity/known-issues/known-issues-ebs-asserter.htm,200,26103,Identity__known-issues__known-issues-ebs-asserter.md
02:23:18,https://docs.oracle.com/en-us/iaas/Content/Identity/known-issues/known-issues-radius-proxy.htm,200,8704,Identity__known-issues__known-issues-radius-proxy.md
02:23:19,https://docs.oracle.com/en-us/iaas/Content/Identity/known-issues/known-issues_root.htm,200,6248,Identity__known-issues__known-issues_root.md
02:23:20,https://docs.oracle.com/en-us/iaas/Content/Identity/linuxpam/add-posix-attributes-existing-groups.htm,200,9447,Identity__linuxpam__add-posix-attributes-existing-groups.md
02:23:21,https://docs.oracle.com/en-us/iaas/Content/Identity/linuxpam/add-posix-attributes-existing-users.htm,200,10494,Identity__linuxpam__add-posix-attributes-existing-users.md
02:23:22,https://docs.oracle.com/en-us/iaas/Content/Identity/linuxpam/configure-confidential-application.htm,200,10328,Identity__linuxpam__configure-confidential-application.md
02:23:24,https://docs.oracle.com/en-us/iaas/Content/Identity/linuxpam/configure-pam-enabled-groups-and-users.htm,200,7174,Identity__linuxpam__configure-pam-enabled-groups-and-users.md
02:23:25,https://docs.oracle.com/en-us/iaas/Content/Identity/linuxpam/configure-pam-using-sssd.htm,200,12801,Identity__linuxpam__configure-pam-using-sssd.md
02:23:26,https://docs.oracle.com/en-us/iaas/Content/Identity/linuxpam/configure-pam.htm,200,5908,Identity__linuxpam__configure-pam.md
02:23:27,https://docs.oracle.com/en-us/iaas/Content/Identity/linuxpam/create-group-posix-attributes.htm,200,7596,Identity__linuxpam__create-group-posix-attributes.md
02:23:28,https://docs.oracle.com/en-us/iaas/Content/Identity/linuxpam/create-user-posix-attributes-and-add-group.htm,200,9012,Identity__linuxpam__create-user-posix-attributes-and-add-group.md
02:23:29,https://docs.oracle.com/en-us/iaas/Content/Identity/linuxpam/create-wallet.htm,200,6804,Identity__linuxpam__create-wallet.md
02:23:30,https://docs.oracle.com/en-us/iaas/Content/Identity/linuxpam/download-pam.htm,200,5771,Identity__linuxpam__download-pam.md
02:23:31,https://docs.oracle.com/en-us/iaas/Content/Identity/linuxpam/enable-mfa-authenticate-linux.htm,200,10785,Identity__linuxpam__enable-mfa-authenticate-linux.md
02:23:33,https://docs.oracle.com/en-us/iaas/Content/Identity/linuxpam/enforcing_selinux.htm,200,9091,Identity__linuxpam__enforcing_selinux.md
02:23:33,https://docs.oracle.com/en-us/iaas/Content/Identity/linuxpam/install-linux-pam.htm,200,7852,Identity__linuxpam__install-linux-pam.md
02:23:34,https://docs.oracle.com/en-us/iaas/Content/Identity/linuxpam/install-pam.htm,200,6714,Identity__linuxpam__install-pam.md
02:23:36,https://docs.oracle.com/en-us/iaas/Content/Identity/linuxpam/managing-linux-pam.htm,200,6250,Identity__linuxpam__managing-linux-pam.md
02:23:37,https://docs.oracle.com/en-us/iaas/Content/Identity/linuxpam/obtain-access-token.htm,200,7262,Identity__linuxpam__obtain-access-token.md
02:23:38,https://docs.oracle.com/en-us/iaas/Content/Identity/linuxpam/overview.htm,200,11338,Identity__linuxpam__overview.md
02:23:39,https://docs.oracle.com/en-us/iaas/Content/Identity/linuxpam/test-authn-linux.htm,200,7013,Identity__linuxpam__test-authn-linux.md
02:23:40,https://docs.oracle.com/en-us/iaas/Content/Identity/linuxpam/updating_the_linux_pam.htm,200,6761,Identity__linuxpam__updating_the_linux_pam.md
02:23:41,https://docs.oracle.com/en-us/iaas/Content/Identity/linuxpam/verify-endpoints.htm,200,9988,Identity__linuxpam__verify-endpoints.md
02:23:42,https://docs.oracle.com/en-us/iaas/Content/Identity/mfa/0tp-texts.htm,200,7090,Identity__mfa__0tp-texts.md
02:23:43,https://docs.oracle.com/en-us/iaas/Content/Identity/mfa/Using-fido-authentication.htm,200,8857,Identity__mfa__Using-fido-authentication.md
02:23:44,https://docs.oracle.com/en-us/iaas/Content/Identity/mfa/change-your-default-verification-method.htm,200,9171,Identity__mfa__change-your-default-verification-method.md
02:23:45,https://docs.oracle.com/en-us/iaas/Content/Identity/mfa/configure-authentication-factors.htm,200,10628,Identity__mfa__configure-authentication-factors.md
02:23:47,https://docs.oracle.com/en-us/iaas/Content/Identity/mfa/configure-duo-security-settings.htm,200,10664,Identity__mfa__configure-duo-security-settings.md
02:23:47,https://docs.oracle.com/en-us/iaas/Content/Identity/mfa/configure-email-settings.htm,200,9841,Identity__mfa__configure-email-settings.md
02:23:49,https://docs.oracle.com/en-us/iaas/Content/Identity/mfa/configure-fido-security.htm,200,11052,Identity__mfa__configure-fido-security.md
02:23:50,https://docs.oracle.com/en-us/iaas/Content/Identity/mfa/configure-mobile-otp-and-notifications.htm,200,12091,Identity__mfa__configure-mobile-otp-and-notifications.md
02:23:51,https://docs.oracle.com/en-us/iaas/Content/Identity/mfa/configure-multi-factor-authentication-settings.htm,200,18055,Identity__mfa__configure-multi-factor-authentication-settings.md
02:23:52,https://docs.oracle.com/en-us/iaas/Content/Identity/mfa/configure-otp-phone-call.htm,200,10062,Identity__mfa__configure-otp-phone-call.md
02:23:53,https://docs.oracle.com/en-us/iaas/Content/Identity/mfa/configure-security-questions.htm,200,10721,Identity__mfa__configure-security-questions.md
02:23:54,https://docs.oracle.com/en-us/iaas/Content/Identity/mfa/default_mfa_access_for_identity_domains_my_profile.htm,200,9282,Identity__mfa__default_mfa_access_for_identity_domains_my_profile.md
02:23:55,https://docs.oracle.com/en-us/iaas/Content/Identity/mfa/enroll-2-step-verification-first-login.htm,200,7430,Identity__mfa__enroll-2-step-verification-first-login.md
02:23:56,https://docs.oracle.com/en-us/iaas/Content/Identity/mfa/learn-using-mobile-authenticator-app-mfa.htm,200,10798,Identity__mfa__learn-using-mobile-authenticator-app-mfa.md
02:23:57,https://docs.oracle.com/en-us/iaas/Content/Identity/mfa/manage-2-step-verification.htm,200,11998,Identity__mfa__manage-2-step-verification.md
02:23:59,https://docs.oracle.com/en-us/iaas/Content/Identity/mfa/multi-factor-authentication-authorization-flows.htm,200,6133,Identity__mfa__multi-factor-authentication-authorization-flows.md
02:24:00,https://docs.oracle.com/en-us/iaas/Content/Identity/mfa/register-client-app.htm,200,9388,Identity__mfa__register-client-app.md
02:24:01,https://docs.oracle.com/en-us/iaas/Content/Identity/mfa/remove-2-step-verification-method.htm,200,9208,Identity__mfa__remove-2-step-verification-method.md
02:24:02,https://docs.oracle.com/en-us/iaas/Content/Identity/mfa/understand-multi-factor-authentication.htm,200,11994,Identity__mfa__understand-multi-factor-authentication.md
02:24:03,https://docs.oracle.com/en-us/iaas/Content/Identity/mfa/use-oracle-mobile-authenticator-app.htm,200,11366,Identity__mfa__use-oracle-mobile-authenticator-app.md
02:24:04,https://docs.oracle.com/en-us/iaas/Content/Identity/mobileauthapp/add-account-oma-app-entering-key-manually.htm,200,9431,Identity__mobileauthapp__add-account-oma-app-entering-key-manually.md
02:24:05,https://docs.oracle.com/en-us/iaas/Content/Identity/mobileauthapp/add-account-oma-app-scanning-qr-code.htm,200,8263,Identity__mobileauthapp__add-account-oma-app-scanning-qr-code.md
02:24:06,https://docs.oracle.com/en-us/iaas/Content/Identity/mobileauthapp/add-account-oma-app-using-enrollment-url.htm,200,8111,Identity__mobileauthapp__add-account-oma-app-using-enrollment-url.md
02:24:08,https://docs.oracle.com/en-us/iaas/Content/Identity/mobileauthapp/change-your-pin-oma-app.htm,200,6107,Identity__mobileauthapp__change-your-pin-oma-app.md
02:24:09,https://docs.oracle.com/en-us/iaas/Content/Identity/mobileauthapp/delete-account-oma-app.htm,200,6882,Identity__mobileauthapp__delete-account-oma-app.md
02:24:09,https://docs.oracle.com/en-us/iaas/Content/Identity/mobileauthapp/disable-oma-app-pin-protection.htm,200,6231,Identity__mobileauthapp__disable-oma-app-pin-protection.md
02:24:11,https://docs.oracle.com/en-us/iaas/Content/Identity/mobileauthapp/download-mobile-authenticator-app.htm,200,7366,Identity__mobileauthapp__download-mobile-authenticator-app.md
02:24:12,https://docs.oracle.com/en-us/iaas/Content/Identity/mobileauthapp/edit-accounts-oma-app.htm,200,7196,Identity__mobileauthapp__edit-accounts-oma-app.md
02:24:13,https://docs.oracle.com/en-us/iaas/Content/Identity/mobileauthapp/enable-oma-app-protection.htm,200,9251,Identity__mobileauthapp__enable-oma-app-protection.md
02:24:15,https://docs.oracle.com/en-us/iaas/Content/Identity/mobileauthapp/manage-notification-history-oma-app.htm,200,7251,Identity__mobileauthapp__manage-notification-history-oma-app.md
02:24:16,https://docs.oracle.com/en-us/iaas/Content/Identity/mobileauthapp/manage-oracle-mobile-authenticator-app.htm,200,8115,Identity__mobileauthapp__manage-oracle-mobile-authenticator-app.md
02:24:17,https://docs.oracle.com/en-us/iaas/Content/Identity/mobileauthapp/manually-check-pending-notifications.htm,200,7385,Identity__mobileauthapp__manually-check-pending-notifications.md
02:24:17,https://docs.oracle.com/en-us/iaas/Content/Identity/mobileauthapp/overview-oma-app.htm,200,11230,Identity__mobileauthapp__overview-oma-app.md
02:24:18,https://docs.oracle.com/en-us/iaas/Content/Identity/mobileauthapp/registering_mobile_devices_with_oma.htm,200,9591,Identity__mobileauthapp__registering_mobile_devices_with_oma.md
02:24:19,https://docs.oracle.com/en-us/iaas/Content/Identity/mobileauthapp/reorder-accounts-oma-app.htm,200,6497,Identity__mobileauthapp__reorder-accounts-oma-app.md
02:24:20,https://docs.oracle.com/en-us/iaas/Content/Identity/mobileauthapp/switch-grid-view-and-list-view-oma-app.htm,200,6262,Identity__mobileauthapp__switch-grid-view-and-list-view-oma-app.md
02:24:21,https://docs.oracle.com/en-us/iaas/Content/Identity/mobileauthapp/sync-account.htm,200,7251,Identity__mobileauthapp__sync-account.md
02:24:23,https://docs.oracle.com/en-us/iaas/Content/Identity/mobileauthapp/use-oracle-mobile-authenticator-app.htm,200,8017,Identity__mobileauthapp__use-oracle-mobile-authenticator-app.md
02:24:24,https://docs.oracle.com/en-us/iaas/Content/Identity/msadbridge/activate-all-microsoft-actrive-directory-ad-bridges.htm,200,6532,Identity__msadbridge__activate-all-microsoft-actrive-directory-ad-bridges.md
02:24:25,https://docs.oracle.com/en-us/iaas/Content/Identity/msadbridge/activate-microsoft-active-directory-ad-bridge.htm,200,6722,Identity__msadbridge__activate-microsoft-active-directory-ad-bridge.md
02:24:26,https://docs.oracle.com/en-us/iaas/Content/Identity/msadbridge/ad-bridge-connectivity-notifications.htm,200,7305,Identity__msadbridge__ad-bridge-connectivity-notifications.md
02:24:27,https://docs.oracle.com/en-us/iaas/Content/Identity/msadbridge/change-administrator-account-credentials-ad-bridge.htm,200,7309,Identity__msadbridge__change-administrator-account-credentials-ad-bridge.md
02:24:28,https://docs.oracle.com/en-us/iaas/Content/Identity/msadbridge/check-bridge-data-synchronization-status.htm,200,6343,Identity__msadbridge__check-bridge-data-synchronization-status.md
02:24:30,https://docs.oracle.com/en-us/iaas/Content/Identity/msadbridge/configure-microsoft-active-directory-ad-bridge.htm,200,18182,Identity__msadbridge__configure-microsoft-active-directory-ad-bridge.md
02:24:30,https://docs.oracle.com/en-us/iaas/Content/Identity/msadbridge/consent-fetch-logs.htm,200,6253,Identity__msadbridge__consent-fetch-logs.md
02:24:32,https://docs.oracle.com/en-us/iaas/Content/Identity/msadbridge/create-microsoft-active-directory-ad-bridge.htm,200,18988,Identity__msadbridge__create-microsoft-active-directory-ad-bridge.md
02:24:33,https://docs.oracle.com/en-us/iaas/Content/Identity/msadbridge/deactivate-all-microsoft-active-directory-ad-bridges.htm,200,6610,Identity__msadbridge__deactivate-all-microsoft-active-directory-ad-bridges.md
02:24:34,https://docs.oracle.com/en-us/iaas/Content/Identity/msadbridge/deactivate-microsoft-active-directory-ad-bridge.htm,200,6748,Identity__msadbridge__deactivate-microsoft-active-directory-ad-bridge.md
02:24:35,https://docs.oracle.com/en-us/iaas/Content/Identity/msadbridge/define-custom-attribute-mappings-microsoft-active-directory-ad-bridge.htm,200,31891,Identity__msadbridge__define-custom-attribute-mappings-microsoft-active-directory-ad-bridge.md
02:24:36,https://docs.oracle.com/en-us/iaas/Content/Identity/msadbridge/enable-ha-existing-deployment.htm,200,7384,Identity__msadbridge__enable-ha-existing-deployment.md
02:24:37,https://docs.oracle.com/en-us/iaas/Content/Identity/msadbridge/enable-ha-new-deployment.htm,200,6848,Identity__msadbridge__enable-ha-new-deployment.md
02:24:38,https://docs.oracle.com/en-us/iaas/Content/Identity/msadbridge/list-ad-bridges.htm,200,8525,Identity__msadbridge__list-ad-bridges.md
02:24:39,https://docs.oracle.com/en-us/iaas/Content/Identity/msadbridge/logs_permissions.htm,200,7965,Identity__msadbridge__logs_permissions.md
02:24:40,https://docs.oracle.com/en-us/iaas/Content/Identity/msadbridge/maintain-microsoft-active-directory-ad-bridge.htm,200,9705,Identity__msadbridge__maintain-microsoft-active-directory-ad-bridge.md
02:24:41,https://docs.oracle.com/en-us/iaas/Content/Identity/msadbridge/managing-msad-bridges.htm,200,9280,Identity__msadbridge__managing-msad-bridges.md
02:24:42,https://docs.oracle.com/en-us/iaas/Content/Identity/msadbridge/microsoft-active-directory-ad-bridge1.htm,200,22095,Identity__msadbridge__microsoft-active-directory-ad-bridge1.md
02:24:44,https://docs.oracle.com/en-us/iaas/Content/Identity/msadbridge/modify-microsoft-active-directory-ad-bridge.htm,200,15578,Identity__msadbridge__modify-microsoft-active-directory-ad-bridge.md
02:24:45,https://docs.oracle.com/en-us/iaas/Content/Identity/msadbridge/multiple-ad-bridges-high-availability-and-load-balancing.htm,200,7820,Identity__msadbridge__multiple-ad-bridges-high-availability-and-load-balancing.md
02:24:46,https://docs.oracle.com/en-us/iaas/Content/Identity/msadbridge/remove-consent-logs.htm,200,6238,Identity__msadbridge__remove-consent-logs.md
02:24:47,https://docs.oracle.com/en-us/iaas/Content/Identity/msadbridge/remove-microsoft-active-directory-ad-bridge.htm,200,9291,Identity__msadbridge__remove-microsoft-active-directory-ad-bridge.md
02:24:49,https://docs.oracle.com/en-us/iaas/Content/Identity/msadbridge/run-microsoft-active-directory-ad-bridge.htm,200,11978,Identity__msadbridge__run-microsoft-active-directory-ad-bridge.md
02:24:50,https://docs.oracle.com/en-us/iaas/Content/Identity/msadbridge/set-permissions-delegated-authentication.htm,200,9491,Identity__msadbridge__set-permissions-delegated-authentication.md
02:24:51,https://docs.oracle.com/en-us/iaas/Content/Identity/msadbridge/set-permissions-propagate-changes-microsoft-active-directory.htm,200,6747,Identity__msadbridge__set-permissions-propagate-changes-microsoft-active-directory.md
02:24:52,https://docs.oracle.com/en-us/iaas/Content/Identity/msadbridge/set-permissions-synchronize-users-groups-and-group-membership.htm,200,9096,Identity__msadbridge__set-permissions-synchronize-users-groups-and-group-membership.md
02:24:53,https://docs.oracle.com/en-us/iaas/Content/Identity/msadbridge/set-permissions-your-microsoft-active-directory-ad-account.htm,200,6309,Identity__msadbridge__set-permissions-your-microsoft-active-directory-ad-account.md
02:24:54,https://docs.oracle.com/en-us/iaas/Content/Identity/msadbridge/test-active-directory-connectivity.htm,200,6259,Identity__msadbridge__test-active-directory-connectivity.md
02:24:55,https://docs.oracle.com/en-us/iaas/Content/Identity/msadbridge/understand-best-practices-microsoft-active-directory-ad-bridge.htm,200,12391,Identity__msadbridge__understand-best-practices-microsoft-active-directory-ad-bridge.md
02:24:57,https://docs.oracle.com/en-us/iaas/Content/Identity/msadbridge/understand-full-and-incremental-sync.htm,200,12923,Identity__msadbridge__understand-full-and-incremental-sync.md
02:24:58,https://docs.oracle.com/en-us/iaas/Content/Identity/msadbridge/use-rest-api-configure-email-notifications.htm,200,6384,Identity__msadbridge__use-rest-api-configure-email-notifications.md
02:24:59,https://docs.oracle.com/en-us/iaas/Content/Identity/msadbridge/view-details-microsoft-active-directory-ad-bridge.htm,200,8024,Identity__msadbridge__view-details-microsoft-active-directory-ad-bridge.md
02:24:59,https://docs.oracle.com/en-us/iaas/Content/Identity/networkperimeters/add-network-perimeter-to-an-application.htm,200,7918,Identity__networkperimeters__add-network-perimeter-to-an-application.md
02:25:01,https://docs.oracle.com/en-us/iaas/Content/Identity/networkperimeters/add-network-perimeter.htm,200,11504,Identity__networkperimeters__add-network-perimeter.md
02:25:02,https://docs.oracle.com/en-us/iaas/Content/Identity/networkperimeters/listing_network_perimeters.htm,200,6531,Identity__networkperimeters__listing_network_perimeters.md
02:25:03,https://docs.oracle.com/en-us/iaas/Content/Identity/networkperimeters/modify-network-perimeter.htm,200,7040,Identity__networkperimeters__modify-network-perimeter.md
02:25:04,https://docs.oracle.com/en-us/iaas/Content/Identity/networkperimeters/overview.htm,200,11209,Identity__networkperimeters__overview.md
02:25:05,https://docs.oracle.com/en-us/iaas/Content/Identity/networkperimeters/remove-network-perimeters.htm,200,7639,Identity__networkperimeters__remove-network-perimeters.md
02:25:06,https://docs.oracle.com/en-us/iaas/Content/Identity/networkperimeters/view-details-network-perimeter.htm,200,7030,Identity__networkperimeters__view-details-network-perimeter.md
02:25:08,https://docs.oracle.com/en-us/iaas/Content/Identity/networksources/Introduction_to_Network_Sources.htm,200,7127,Identity__networksources__Introduction_to_Network_Sources.md
02:25:09,https://docs.oracle.com/en-us/iaas/Content/Identity/networksources/Restricting_Access_to_Specific_IP_Addresses.htm,200,8564,Identity__networksources__Restricting_Access_to_Specific_IP_Addresses.md
02:25:10,https://docs.oracle.com/en-us/iaas/Content/Identity/networksources/To_create_a_network_source.htm,200,8774,Identity__networksources__To_create_a_network_source.md
02:25:11,https://docs.oracle.com/en-us/iaas/Content/Identity/networksources/To_delete_a_network_source.htm,200,6197,Identity__networksources__To_delete_a_network_source.md
02:25:12,https://docs.oracle.com/en-us/iaas/Content/Identity/networksources/To_update_a_network_source.htm,200,7971,Identity__networksources__To_update_a_network_source.md
02:25:13,https://docs.oracle.com/en-us/iaas/Content/Identity/networksources/To_view_network_source_details.htm,200,6005,Identity__networksources__To_view_network_source_details.md
02:25:13,https://docs.oracle.com/en-us/iaas/Content/Identity/networksources/Using_the_API.htm,200,8239,Identity__networksources__Using_the_API.md
02:25:14,https://docs.oracle.com/en-us/iaas/Content/Identity/networksources/Using_the_Console_to_Manage_Network_Sources.htm,200,8499,Identity__networksources__Using_the_Console_to_Manage_Network_Sources.md
02:25:16,https://docs.oracle.com/en-us/iaas/Content/Identity/networksources/listing-networksources.htm,200,6035,Identity__networksources__listing-networksources.md
02:25:16,https://docs.oracle.com/en-us/iaas/Content/Identity/networksources/managingnetworksources.htm,200,6832,Identity__networksources__managingnetworksources.md
02:25:18,https://docs.oracle.com/en-us/iaas/Content/Identity/notifications/about-notifications-concepts.htm,200,38061,Identity__notifications__about-notifications-concepts.md
02:25:19,https://docs.oracle.com/en-us/iaas/Content/Identity/notifications/configure-email-auth-spf-dkim.htm,200,7806,Identity__notifications__configure-email-auth-spf-dkim.md
02:25:20,https://docs.oracle.com/en-us/iaas/Content/Identity/notifications/customizing-notifications.htm,200,9184,Identity__notifications__customizing-notifications.md
02:25:21,https://docs.oracle.com/en-us/iaas/Content/Identity/notifications/deactivate-notifications.htm,200,6778,Identity__notifications__deactivate-notifications.md
02:25:22,https://docs.oracle.com/en-us/iaas/Content/Identity/notifications/faqs_custom_sender_address_scenarios.htm,200,9422,Identity__notifications__faqs_custom_sender_address_scenarios.md
02:25:23,https://docs.oracle.com/en-us/iaas/Content/Identity/notifications/faqs_for_default_sender_email_addresses.htm,200,8072,Identity__notifications__faqs_for_default_sender_email_addresses.md
02:25:24,https://docs.oracle.com/en-us/iaas/Content/Identity/notifications/modify-notification-templates.htm,200,21975,Identity__notifications__modify-notification-templates.md
02:25:26,https://docs.oracle.com/en-us/iaas/Content/Identity/notifications/notifications_To-activate.htm,200,10789,Identity__notifications__notifications_To-activate.md
02:25:26,https://docs.oracle.com/en-us/iaas/Content/Identity/notifications/select-notifications.htm,200,7735,Identity__notifications__select-notifications.md
02:25:28,https://docs.oracle.com/en-us/iaas/Content/Identity/notifications/specify-recipients-notifications.htm,200,7941,Identity__notifications__specify-recipients-notifications.md
02:25:29,https://docs.oracle.com/en-us/iaas/Content/Identity/notifications/workflow-to-customize-notifications.htm,200,6360,Identity__notifications__workflow-to-customize-notifications.md
02:25:30,https://docs.oracle.com/en-us/iaas/Content/Identity/oauth/oauth-settings.htm,200,5754,Identity__oauth__oauth-settings.md
02:25:32,https://docs.oracle.com/en-us/iaas/Content/Identity/oauth/update-oauth-settings.htm,200,8836,Identity__oauth__update-oauth-settings.md
02:25:33,https://docs.oracle.com/en-us/iaas/Content/Identity/oraclecloudservices/activating-oracle-cloud-services.htm,200,6940,Identity__oraclecloudservices__activating-oracle-cloud-services.md
02:25:34,https://docs.oracle.com/en-us/iaas/Content/Identity/oraclecloudservices/deactivating-oracle-cloud-services.htm,200,6753,Identity__oraclecloudservices__deactivating-oracle-cloud-services.md
02:25:34,https://docs.oracle.com/en-us/iaas/Content/Identity/oraclecloudservices/list-cloud-service.htm,200,6489,Identity__oraclecloudservices__list-cloud-service.md
02:25:36,https://docs.oracle.com/en-us/iaas/Content/Identity/oraclecloudservices/overview.htm,200,8889,Identity__oraclecloudservices__overview.md
02:25:37,https://docs.oracle.com/en-us/iaas/Content/Identity/passwordless/configure-auth-factors.htm,200,7139,Identity__passwordless__configure-auth-factors.md
02:25:38,https://docs.oracle.com/en-us/iaas/Content/Identity/passwordless/configure-idp-policy.htm,200,8052,Identity__passwordless__configure-idp-policy.md
02:25:39,https://docs.oracle.com/en-us/iaas/Content/Identity/passwordless/configure-passwordless.htm,200,7705,Identity__passwordless__configure-passwordless.md
02:25:41,https://docs.oracle.com/en-us/iaas/Content/Identity/passwordless/configure-username-first.htm,200,6852,Identity__passwordless__configure-username-first.md
02:25:42,https://docs.oracle.com/en-us/iaas/Content/Identity/passwordless/manage-passwordless.htm,200,5954,Identity__passwordless__manage-passwordless.md
02:25:43,https://docs.oracle.com/en-us/iaas/Content/Identity/passwordless/understand-passwordless.htm,200,8686,Identity__passwordless__understand-passwordless.md
02:25:44,https://docs.oracle.com/en-us/iaas/Content/Identity/passwordpolicies/Managing-Password-Policies.htm,200,13292,Identity__passwordpolicies__Managing-Password-Policies.md
02:25:46,https://docs.oracle.com/en-us/iaas/Content/Identity/passwordpolicies/Managing-Password-Policies_set-password-policies-your-identity-domain.htm,200,13171,Identity__passwordpolicies__Managing-Password-Policies_set-password-policies-your-identity-domain.md
02:25:47,https://docs.oracle.com/en-us/iaas/Content/Identity/passwordpolicies/Managing-password-policies_To-test-a-password-policy.htm,200,7449,Identity__passwordpolicies__Managing-password-policies_To-test-a-password-policy.md
02:25:48,https://docs.oracle.com/en-us/iaas/Content/Identity/passwordpolicies/To-remove-a-password-policy.htm,200,6929,Identity__passwordpolicies__To-remove-a-password-policy.md
02:25:49,https://docs.oracle.com/en-us/iaas/Content/Identity/passwordpolicies/listing-password-policies.htm,200,6545,Identity__passwordpolicies__listing-password-policies.md
02:25:50,https://docs.oracle.com/en-us/iaas/Content/Identity/passwordpolicies/modify-custom-password-policy.htm,200,12594,Identity__passwordpolicies__modify-custom-password-policy.md
02:25:51,https://docs.oracle.com/en-us/iaas/Content/Identity/platformsvcregions/managingregionsplatform.htm,200,9038,Identity__platformsvcregions__managingregionsplatform.md
02:25:52,https://docs.oracle.com/en-us/iaas/Content/Identity/policies/permissions.htm,200,12872,Identity__policies__permissions.md
02:25:53,https://docs.oracle.com/en-us/iaas/Content/Identity/policies/scoping-access-with-permissions-or-api-operations.htm,200,8960,Identity__policies__scoping-access-with-permissions-or-api-operations.md
02:25:54,https://docs.oracle.com/en-us/iaas/Content/Identity/policies/scoping-policy-by-requestor-ip-address.htm,200,6845,Identity__policies__scoping-policy-by-requestor-ip-address.md
02:25:55,https://docs.oracle.com/en-us/iaas/Content/Identity/policies/scoping-policy-by-time.htm,200,17717,Identity__policies__scoping-policy-by-time.md
02:25:56,https://docs.oracle.com/en-us/iaas/Content/Identity/policiesadvfeatures/policyadvancedfeatures.htm,200,5883,Identity__policiesadvfeatures__policyadvancedfeatures.md
02:25:57,https://docs.oracle.com/en-us/iaas/Content/Identity/policiescommon/commonpolicies.htm,200,151459,Identity__policiescommon__commonpolicies.md
02:25:59,https://docs.oracle.com/en-us/iaas/Content/Identity/policiesgs/policies_topic-ResourceTypes.htm,200,11921,Identity__policiesgs__policies_topic-ResourceTypes.md
02:26:00,https://docs.oracle.com/en-us/iaas/Content/Identity/policieshow/Policies_and_Service_Updates.htm,200,6589,Identity__policieshow__Policies_and_Service_Updates.md
02:26:01,https://docs.oracle.com/en-us/iaas/Content/Identity/policieshow/Policy_Attachment.htm,200,6251,Identity__policieshow__Policy_Attachment.md
02:26:02,https://docs.oracle.com/en-us/iaas/Content/Identity/policieshow/Policy_Basics.htm,200,12420,Identity__policieshow__Policy_Basics.md
02:26:03,https://docs.oracle.com/en-us/iaas/Content/Identity/policieshow/Policy_Inheritance.htm,200,7177,Identity__policieshow__Policy_Inheritance.md
02:26:04,https://docs.oracle.com/en-us/iaas/Content/Identity/policieshow/Verbs.htm,200,13868,Identity__policieshow__Verbs.md
02:26:05,https://docs.oracle.com/en-us/iaas/Content/Identity/policieshow/iam-cross-domain.htm,200,10477,Identity__policieshow__iam-cross-domain.md
02:26:07,https://docs.oracle.com/en-us/iaas/Content/Identity/policymgmt/managingpolicies.htm,200,7664,Identity__policymgmt__managingpolicies.md
02:26:08,https://docs.oracle.com/en-us/iaas/Content/Identity/policymgmt/managingpolicies_topic-To_create_a_policy.htm,200,10819,Identity__policymgmt__managingpolicies_topic-To_create_a_policy.md
02:26:09,https://docs.oracle.com/en-us/iaas/Content/Identity/policymgmt/managingpolicies_topic-To_delete_a_policy.htm,200,7068,Identity__policymgmt__managingpolicies_topic-To_delete_a_policy.md
02:26:10,https://docs.oracle.com/en-us/iaas/Content/Identity/policymgmt/managingpolicies_topic-To_get_a_list_of_your_policies.htm,200,10478,Identity__policymgmt__managingpolicies_topic-To_get_a_list_of_your_policies.md
02:26:11,https://docs.oracle.com/en-us/iaas/Content/Identity/policymgmt/managingpolicies_topic-To_update_the_description_for_an_existing_policy.htm,200,7287,Identity__policymgmt__managingpolicies_topic-To_update_the_description_for_an_existing_policy.md
02:26:12,https://docs.oracle.com/en-us/iaas/Content/Identity/policymgmt/managingpolicies_topic-To_update_the_statements_in_an_existing_policy.htm,200,8850,Identity__policymgmt__managingpolicies_topic-To_update_the_statements_in_an_existing_policy.md
02:26:13,https://docs.oracle.com/en-us/iaas/Content/Identity/policymgmt/managingpolicies_topic-Using_the_Policy_Builder.htm,200,11667,Identity__policymgmt__managingpolicies_topic-Using_the_Policy_Builder.md
02:26:14,https://docs.oracle.com/en-us/iaas/Content/Identity/policymgmt/managingpolicies_topic-Working_with_Policies.htm,200,8456,Identity__policymgmt__managingpolicies_topic-Working_with_Policies.md
02:26:15,https://docs.oracle.com/en-us/iaas/Content/Identity/policymgmt/managingpolicies_topic-tasks.htm,200,6654,Identity__policymgmt__managingpolicies_topic-tasks.md
02:26:17,https://docs.oracle.com/en-us/iaas/Content/Identity/policymgmt/managingpolicies_topic-view_policy_details.htm,200,6267,Identity__policymgmt__managingpolicies_topic-view_policy_details.md
02:26:18,https://docs.oracle.com/en-us/iaas/Content/Identity/policymgmt/policy-limits-compartment-hierarchy.htm,200,7377,Identity__policymgmt__policy-limits-compartment-hierarchy.md
02:26:19,https://docs.oracle.com/en-us/iaas/Content/Identity/policyreference/announcementspolicyreference.htm,200,20129,Identity__policyreference__announcementspolicyreference.md
02:26:21,https://docs.oracle.com/en-us/iaas/Content/Identity/policyreference/apigatewaypolicyreference.htm,200,50015,Identity__policyreference__apigatewaypolicyreference.md
02:26:22,https://docs.oracle.com/en-us/iaas/Content/Identity/policyreference/apmpolicyreference.htm,200,26733,Identity__policyreference__apmpolicyreference.md
02:26:23,https://docs.oracle.com/en-us/iaas/Content/Identity/policyreference/auditpolicyreference.htm,200,12119,Identity__policyreference__auditpolicyreference.md
02:26:24,https://docs.oracle.com/en-us/iaas/Content/Identity/policyreference/certificatespolicyreference.htm,200,118647,Identity__policyreference__certificatespolicyreference.md
02:26:25,https://docs.oracle.com/en-us/iaas/Content/Identity/policyreference/cloudeventspolicyreference.htm,200,14608,Identity__policyreference__cloudeventspolicyreference.md
02:26:26,https://docs.oracle.com/en-us/iaas/Content/Identity/policyreference/cloudshellpolicyreference.htm,200,5865,Identity__policyreference__cloudshellpolicyreference.md
02:26:27,https://docs.oracle.com/en-us/iaas/Content/Identity/policyreference/contengpolicyreference.htm,200,51053,Identity__policyreference__contengpolicyreference.md
02:26:29,https://docs.oracle.com/en-us/iaas/Content/Identity/policyreference/corepolicyreference.htm,200,6835,Identity__policyreference__corepolicyreference.md
02:26:30,https://docs.oracle.com/en-us/iaas/Content/Identity/policyreference/corepolicyreference_topic-Details_for_Verb__ResourceType_Combinations.htm,200,237639,Identity__policyreference__corepolicyreference_topic-Details_for_Verb__ResourceType_Combinations.md
02:26:31,https://docs.oracle.com/en-us/iaas/Content/Identity/policyreference/corepolicyreference_topic-Permissions_Required_for_Each_API_Operation.htm,200,127389,Identity__policyreference__corepolicyreference_topic-Permissions_Required_for_Each_API_Operation.md
02:26:32,https://docs.oracle.com/en-us/iaas/Content/Identity/policyreference/corepolicyreference_topic-ResourceTypes.htm,200,16289,Identity__policyreference__corepolicyreference_topic-ResourceTypes.md
02:26:33,https://docs.oracle.com/en-us/iaas/Content/Identity/policyreference/corepolicyreference_topic-Supported_Variables.htm,200,7195,Identity__policyreference__corepolicyreference_topic-Supported_Variables.md
02:26:34,https://docs.oracle.com/en-us/iaas/Content/Identity/policyreference/databasepolicyreference.htm,200,7362,Identity__policyreference__databasepolicyreference.md
02:26:35,https://docs.oracle.com/en-us/iaas/Content/Identity/policyreference/dbmgmtpolicyreference.htm,200,6046,Identity__policyreference__dbmgmtpolicyreference.md
02:26:36,https://docs.oracle.com/en-us/iaas/Content/Identity/policyreference/dnspolicyreference.htm,200,63933,Identity__policyreference__dnspolicyreference.md
02:26:38,https://docs.oracle.com/en-us/iaas/Content/Identity/policyreference/emailpolicyreference.htm,200,38672,Identity__policyreference__emailpolicyreference.md
02:26:39,https://docs.oracle.com/en-us/iaas/Content/Identity/policyreference/filestoragepolicyreference.htm,200,56442,Identity__policyreference__filestoragepolicyreference.md
02:26:40,https://docs.oracle.com/en-us/iaas/Content/Identity/policyreference/functionspolicyreference.htm,200,21548,Identity__policyreference__functionspolicyreference.md
02:26:41,https://docs.oracle.com/en-us/iaas/Content/Identity/policyreference/gldistributedexadata.htm,200,6007,Identity__policyreference__gldistributedexadata.md
02:26:42,https://docs.oracle.com/en-us/iaas/Content/Identity/policyreference/healthcheckpolicyreference.htm,200,26148,Identity__policyreference__healthcheckpolicyreference.md
02:26:44,https://docs.oracle.com/en-us/iaas/Content/Identity/policyreference/iampolicyreference.htm,200,99804,Identity__policyreference__iampolicyreference.md
02:26:45,https://docs.oracle.com/en-us/iaas/Content/Identity/policyreference/iot-policy-reference.htm,200,75465,Identity__policyreference__iot-policy-reference.md
02:26:47,https://docs.oracle.com/en-us/iaas/Content/Identity/policyreference/javamanagementreference.htm,200,83887,Identity__policyreference__javamanagementreference.md
02:26:47,https://docs.oracle.com/en-us/iaas/Content/Identity/policyreference/keypolicyreference.htm,200,54195,Identity__policyreference__keypolicyreference.md
02:26:48,https://docs.oracle.com/en-us/iaas/Content/Identity/policyreference/lbpolicyreference.htm,200,22139,Identity__policyreference__lbpolicyreference.md
02:26:49,https://docs.oracle.com/en-us/iaas/Content/Identity/policyreference/licensemanagerpolicyreference.htm,200,24649,Identity__policyreference__licensemanagerpolicyreference.md
02:26:50,https://docs.oracle.com/en-us/iaas/Content/Identity/policyreference/loganalyticspolicyreference.htm,200,139950,Identity__policyreference__loganalyticspolicyreference.md
02:26:51,https://docs.oracle.com/en-us/iaas/Content/Identity/policyreference/loggingpolicyreference.htm,200,33795,Identity__policyreference__loggingpolicyreference.md
02:26:53,https://docs.oracle.com/en-us/iaas/Content/Identity/policyreference/managementagentpolicyreference.htm,200,24654,Identity__policyreference__managementagentpolicyreference.md
02:26:54,https://docs.oracle.com/en-us/iaas/Content/Identity/policyreference/managementdashboardpolicyreference.htm,200,26612,Identity__policyreference__managementdashboardpolicyreference.md
02:26:55,https://docs.oracle.com/en-us/iaas/Content/Identity/policyreference/marketplacepolicyreference.htm,200,26639,Identity__policyreference__marketplacepolicyreference.md
02:26:57,https://docs.oracle.com/en-us/iaas/Content/Identity/policyreference/monitoringpolicyreference.htm,200,19520,Identity__policyreference__monitoringpolicyreference.md
02:26:58,https://docs.oracle.com/en-us/iaas/Content/Identity/policyreference/nlbpolicyreference.htm,200,24155,Identity__policyreference__nlbpolicyreference.md
02:26:59,https://docs.oracle.com/en-us/iaas/Content/Identity/policyreference/notificationpolicyreference.htm,200,20978,Identity__policyreference__notificationpolicyreference.md
02:27:01,https://docs.oracle.com/en-us/iaas/Content/Identity/policyreference/objectstoragepolicyreference.htm,200,38170,Identity__policyreference__objectstoragepolicyreference.md
02:27:02,https://docs.oracle.com/en-us/iaas/Content/Identity/policyreference/ocvspolicyreference.htm,200,17720,Identity__policyreference__ocvspolicyreference.md
02:27:03,https://docs.oracle.com/en-us/iaas/Content/Identity/policyreference/operationsinsightspolicyreference.htm,200,6032,Identity__policyreference__operationsinsightspolicyreference.md
02:27:05,https://docs.oracle.com/en-us/iaas/Content/Identity/policyreference/organizationsreference.htm,200,103275,Identity__policyreference__organizationsreference.md
02:27:06,https://docs.oracle.com/en-us/iaas/Content/Identity/policyreference/policy-reference_ResourceScheduler.htm,200,5767,Identity__policyreference__policy-reference_ResourceScheduler.md
02:27:08,https://docs.oracle.com/en-us/iaas/Content/Identity/policyreference/policyreference.htm,200,19582,Identity__policyreference__policyreference.md
02:27:09,https://docs.oracle.com/en-us/iaas/Content/Identity/policyreference/policyreference_topic-General_Variables_for_All_Requests.htm,200,27406,Identity__policyreference__policyreference_topic-General_Variables_for_All_Requests.md
02:27:10,https://docs.oracle.com/en-us/iaas/Content/Identity/policyreference/processautomationpolicyreference.htm,200,20123,Identity__policyreference__processautomationpolicyreference.md
02:27:11,https://docs.oracle.com/en-us/iaas/Content/Identity/policyreference/psa-policyreference.htm,200,15145,Identity__policyreference__psa-policyreference.md
02:27:12,https://docs.oracle.com/en-us/iaas/Content/Identity/policyreference/quotaspolicyreference.htm,200,14933,Identity__policyreference__quotaspolicyreference.md
02:27:13,https://docs.oracle.com/en-us/iaas/Content/Identity/policyreference/registrypolicyreference.htm,200,33731,Identity__policyreference__registrypolicyreference.md
02:27:15,https://docs.oracle.com/en-us/iaas/Content/Identity/policyreference/resourcemanagerpolicyreference.htm,200,44826,Identity__policyreference__resourcemanagerpolicyreference.md
02:27:16,https://docs.oracle.com/en-us/iaas/Content/Identity/policyreference/searchpolicyreference.htm,200,102807,Identity__policyreference__searchpolicyreference.md
02:27:17,https://docs.oracle.com/en-us/iaas/Content/Identity/policyreference/serviceconnectorhubpolicyreference.htm,200,19743,Identity__policyreference__serviceconnectorhubpolicyreference.md
02:27:18,https://docs.oracle.com/en-us/iaas/Content/Identity/policyreference/stackmonitoringpolicyreference.htm,200,136588,Identity__policyreference__stackmonitoringpolicyreference.md
02:27:20,https://docs.oracle.com/en-us/iaas/Content/Identity/policyreference/streamingpolicyreference.htm,200,41137,Identity__policyreference__streamingpolicyreference.md
02:27:22,https://docs.oracle.com/en-us/iaas/Content/Identity/policyreference/subsinvoicepaymenthistoryreference.htm,200,52098,Identity__policyreference__subsinvoicepaymenthistoryreference.md
02:27:23,https://docs.oracle.com/en-us/iaas/Content/Identity/policyreference/waapolicyreference.htm,200,23224,Identity__policyreference__waapolicyreference.md
02:27:24,https://docs.oracle.com/en-us/iaas/Content/Identity/policyreference/wafpolicyreference.htm,200,56441,Identity__policyreference__wafpolicyreference.md
02:27:25,https://docs.oracle.com/en-us/iaas/Content/Identity/policysyntax/conditions.htm,200,13609,Identity__policysyntax__conditions.md
02:27:27,https://docs.oracle.com/en-us/iaas/Content/Identity/policysyntax/denypolicies.htm,200,19296,Identity__policysyntax__denypolicies.md
02:27:28,https://docs.oracle.com/en-us/iaas/Content/Identity/policysyntax/location.htm,200,8576,Identity__policysyntax__location.md
02:27:29,https://docs.oracle.com/en-us/iaas/Content/Identity/policysyntax/subject.htm,200,8879,Identity__policysyntax__subject.md
02:27:30,https://docs.oracle.com/en-us/iaas/Content/Identity/provisioning/provisioning_section.htm,200,6862,Identity__provisioning__provisioning_section.md
02:27:31,https://docs.oracle.com/en-us/iaas/Content/Identity/provisioningbridges/activate-provisioning-bridges.htm,200,6796,Identity__provisioningbridges__activate-provisioning-bridges.md
02:27:32,https://docs.oracle.com/en-us/iaas/Content/Identity/provisioningbridges/assign-provisioning-bridge-apps.htm,200,10580,Identity__provisioningbridges__assign-provisioning-bridge-apps.md
02:27:34,https://docs.oracle.com/en-us/iaas/Content/Identity/provisioningbridges/change-provisioning-bridge-assigned-apps.htm,200,10353,Identity__provisioningbridges__change-provisioning-bridge-assigned-apps.md
02:27:34,https://docs.oracle.com/en-us/iaas/Content/Identity/provisioningbridges/create-provisioning-bridge.htm,200,16182,Identity__provisioningbridges__create-provisioning-bridge.md
02:27:36,https://docs.oracle.com/en-us/iaas/Content/Identity/provisioningbridges/deactivate-provisioning-bridges.htm,200,6820,Identity__provisioningbridges__deactivate-provisioning-bridges.md
02:27:37,https://docs.oracle.com/en-us/iaas/Content/Identity/provisioningbridges/list-provisioning-bridges.htm,200,8642,Identity__provisioningbridges__list-provisioning-bridges.md
02:27:38,https://docs.oracle.com/en-us/iaas/Content/Identity/provisioningbridges/manage-log-files-provisioning-bridge.htm,200,10621,Identity__provisioningbridges__manage-log-files-provisioning-bridge.md
02:27:39,https://docs.oracle.com/en-us/iaas/Content/Identity/provisioningbridges/managing-provisioning-bridge.htm,200,15438,Identity__provisioningbridges__managing-provisioning-bridge.md
02:27:40,https://docs.oracle.com/en-us/iaas/Content/Identity/provisioningbridges/modify-provisioning-bridge.htm,200,9100,Identity__provisioningbridges__modify-provisioning-bridge.md
02:27:42,https://docs.oracle.com/en-us/iaas/Content/Identity/provisioningbridges/remove-provisioning-bridges.htm,200,7835,Identity__provisioningbridges__remove-provisioning-bridges.md
02:27:43,https://docs.oracle.com/en-us/iaas/Content/Identity/provisioningbridges/start-provisioning-bridge-generic-machine.htm,200,10498,Identity__provisioningbridges__start-provisioning-bridge-generic-machine.md
02:27:44,https://docs.oracle.com/en-us/iaas/Content/Identity/provisioningbridges/start-provisioning-bridge-windows-machine.htm,200,9139,Identity__provisioningbridges__start-provisioning-bridge-windows-machine.md
02:27:45,https://docs.oracle.com/en-us/iaas/Content/Identity/provisioningbridges/stop-provisioning-bridge.htm,200,9798,Identity__provisioningbridges__stop-provisioning-bridge.md
02:27:46,https://docs.oracle.com/en-us/iaas/Content/Identity/provisioningbridges/view-details-provisioning-bridge.htm,200,9670,Identity__provisioningbridges__view-details-provisioning-bridge.md
02:27:47,https://docs.oracle.com/en-us/iaas/Content/Identity/radiusproxy/overview.htm,200,35769,Identity__radiusproxy__overview.md
02:27:48,https://docs.oracle.com/en-us/iaas/Content/Identity/regions/To_subscribe_to_an_infrastructure_region.htm,200,9209,Identity__regions__To_subscribe_to_an_infrastructure_region.md
02:27:49,https://docs.oracle.com/en-us/iaas/Content/Identity/regions/To_view_the_list_of_infrastructure_regions.htm,200,8255,Identity__regions__To_view_the_list_of_infrastructure_regions.md
02:27:50,https://docs.oracle.com/en-us/iaas/Content/Identity/regions/list_subscribed_infrastructure_regions.htm,200,8035,Identity__regions__list_subscribed_infrastructure_regions.md
02:27:51,https://docs.oracle.com/en-us/iaas/Content/Identity/regions/managingregions.htm,200,17619,Identity__regions__managingregions.md
02:27:53,https://docs.oracle.com/en-us/iaas/Content/Identity/reports/administrators.htm,200,7038,Identity__reports__administrators.md
02:27:53,https://docs.oracle.com/en-us/iaas/Content/Identity/reports/application-access.htm,200,6606,Identity__reports__application-access.md
02:27:54,https://docs.oracle.com/en-us/iaas/Content/Identity/reports/application-role.htm,200,6779,Identity__reports__application-role.md
02:27:56,https://docs.oracle.com/en-us/iaas/Content/Identity/reports/audit-log.htm,200,9178,Identity__reports__audit-log.md
02:27:57,https://docs.oracle.com/en-us/iaas/Content/Identity/reports/diagnostic.htm,200,6816,Identity__reports__diagnostic.md
02:27:58,https://docs.oracle.com/en-us/iaas/Content/Identity/reports/dormant.htm,200,6591,Identity__reports__dormant.md
02:27:58,https://docs.oracle.com/en-us/iaas/Content/Identity/reports/notifications.htm,200,6542,Identity__reports__notifications.md
02:27:59,https://docs.oracle.com/en-us/iaas/Content/Identity/reports/run-diagnostic.htm,200,9614,Identity__reports__run-diagnostic.md
02:28:01,https://docs.oracle.com/en-us/iaas/Content/Identity/reports/run-reports.htm,200,8236,Identity__reports__run-reports.md
02:28:02,https://docs.oracle.com/en-us/iaas/Content/Identity/reports/running-reports.htm,200,6605,Identity__reports__running-reports.md
02:28:03,https://docs.oracle.com/en-us/iaas/Content/Identity/reports/successful.htm,200,6726,Identity__reports__successful.md
02:28:04,https://docs.oracle.com/en-us/iaas/Content/Identity/reports/understand-types-reports.htm,200,8384,Identity__reports__understand-types-reports.md
02:28:05,https://docs.oracle.com/en-us/iaas/Content/Identity/reports/unsuccessful.htm,200,6846,Identity__reports__unsuccessful.md
02:28:06,https://docs.oracle.com/en-us/iaas/Content/Identity/resources/manage-iam-resources.htm,200,11599,Identity__resources__manage-iam-resources.md
02:28:07,https://docs.oracle.com/en-us/iaas/Content/Identity/roles/understand-administrator-roles.htm,200,11236,Identity__roles__understand-administrator-roles.md
02:28:08,https://docs.oracle.com/en-us/iaas/Content/Identity/schemas/add-custom-schema-attributes.htm,200,10550,Identity__schemas__add-custom-schema-attributes.md
02:28:10,https://docs.oracle.com/en-us/iaas/Content/Identity/schemas/change-user-permissions-base-schema-attribute.htm,200,7604,Identity__schemas__change-user-permissions-base-schema-attribute.md
02:28:11,https://docs.oracle.com/en-us/iaas/Content/Identity/schemas/edit-custom-schema-attributes.htm,200,8023,Identity__schemas__edit-custom-schema-attributes.md
02:28:12,https://docs.oracle.com/en-us/iaas/Content/Identity/schemas/listing-schema.htm,200,10320,Identity__schemas__listing-schema.md
02:28:13,https://docs.oracle.com/en-us/iaas/Content/Identity/schemas/overview.htm,200,8779,Identity__schemas__overview.md
02:28:14,https://docs.oracle.com/en-us/iaas/Content/Identity/schemas/remove-custom-schema-attribute.htm,200,6805,Identity__schemas__remove-custom-schema-attribute.md
02:28:15,https://docs.oracle.com/en-us/iaas/Content/Identity/scim/add-application-using-generic-scim-app-template.htm,200,33477,Identity__scim__add-application-using-generic-scim-app-template.md
02:28:16,https://docs.oracle.com/en-us/iaas/Content/Identity/scim/configure-and-run-custom-scim-gateway-sample-application.htm,200,7330,Identity__scim__configure-and-run-custom-scim-gateway-sample-application.md
02:28:17,https://docs.oracle.com/en-us/iaas/Content/Identity/scim/configure-attribute-mappings-provisioning.htm,200,6507,Identity__scim__configure-attribute-mappings-provisioning.md
02:28:18,https://docs.oracle.com/en-us/iaas/Content/Identity/scim/configure-generic-scim-app-template.htm,200,8080,Identity__scim__configure-generic-scim-app-template.md
02:28:19,https://docs.oracle.com/en-us/iaas/Content/Identity/scim/enable-and-configure-connectivity-provisioning-your-application.htm,200,6990,Identity__scim__enable-and-configure-connectivity-provisioning-your-application.md
02:28:20,https://docs.oracle.com/en-us/iaas/Content/Identity/scim/enable-and-configure-synchronization-your-application.htm,200,11013,Identity__scim__enable-and-configure-synchronization-your-application.md
02:28:21,https://docs.oracle.com/en-us/iaas/Content/Identity/scim/how-do-you-develop-custom-scim-gateway.htm,200,8576,Identity__scim__how-do-you-develop-custom-scim-gateway.md
02:28:22,https://docs.oracle.com/en-us/iaas/Content/Identity/scim/how-do-you-secure-custom-scim-gateway.htm,200,6356,Identity__scim__how-do-you-secure-custom-scim-gateway.md
02:28:24,https://docs.oracle.com/en-us/iaas/Content/Identity/scim/overview.htm,200,18465,Identity__scim__overview.md
02:28:25,https://docs.oracle.com/en-us/iaas/Content/Identity/scim/register-custom-scim-gateway-application.htm,200,12232,Identity__scim__register-custom-scim-gateway-application.md
02:28:26,https://docs.oracle.com/en-us/iaas/Content/Identity/scim/sample-implementation-custom-scim-gateway.htm,200,12503,Identity__scim__sample-implementation-custom-scim-gateway.md
02:28:27,https://docs.oracle.com/en-us/iaas/Content/Identity/scim/select-provisioning-operations.htm,200,7086,Identity__scim__select-provisioning-operations.md
02:28:28,https://docs.oracle.com/en-us/iaas/Content/Identity/scim/supported-operations.htm,200,10436,Identity__scim__supported-operations.md
02:28:29,https://docs.oracle.com/en-us/iaas/Content/Identity/scim/test-provisioning-operations-you-selected.htm,200,8267,Identity__scim__test-provisioning-operations-you-selected.md
02:28:30,https://docs.oracle.com/en-us/iaas/Content/Identity/scim/test-your-custom-scim-gateway-sample-application.htm,200,9930,Identity__scim__test-your-custom-scim-gateway-sample-application.md
02:28:31,https://docs.oracle.com/en-us/iaas/Content/Identity/scim/update-custom-scim-gateway-application-using-rest-api.htm,200,8473,Identity__scim__update-custom-scim-gateway-application-using-rest-api.md
02:28:32,https://docs.oracle.com/en-us/iaas/Content/Identity/sdkapplications/download-sdks-and-applications.htm,200,7105,Identity__sdkapplications__download-sdks-and-applications.md
02:28:33,https://docs.oracle.com/en-us/iaas/Content/Identity/sdkapplications/listing-downloads.htm,200,6900,Identity__sdkapplications__listing-downloads.md
02:28:35,https://docs.oracle.com/en-us/iaas/Content/Identity/sdkapplications/overview.htm,200,13889,Identity__sdkapplications__overview.md
02:28:36,https://docs.oracle.com/en-us/iaas/Content/Identity/securing/configure_idv_providers_and_identity_assurance.htm,200,18716,Identity__securing__configure_idv_providers_and_identity_assurance.md
02:28:37,https://docs.oracle.com/en-us/iaas/Content/Identity/securing/gs.htm,200,8403,Identity__securing__gs.md
02:28:37,https://docs.oracle.com/en-us/iaas/Content/Identity/securing/iam-identity-adding-admin.htm,200,6949,Identity__securing__iam-identity-adding-admin.md
02:28:39,https://docs.oracle.com/en-us/iaas/Content/Identity/securing/iam-identity-removeadmin.htm,200,7663,Identity__securing__iam-identity-removeadmin.md
02:28:40,https://docs.oracle.com/en-us/iaas/Content/Identity/securing/iam-security-manageadministrators.htm,200,6240,Identity__securing__iam-security-manageadministrators.md
02:28:41,https://docs.oracle.com/en-us/iaas/Content/Identity/securing/identity_assurance.htm,200,14844,Identity__securing__identity_assurance.md
02:28:42,https://docs.oracle.com/en-us/iaas/Content/Identity/securing/identity_verification_providers.htm,200,16993,Identity__securing__identity_verification_providers.md
02:28:43,https://docs.oracle.com/en-us/iaas/Content/Identity/securing/listing-admin.htm,200,7232,Identity__securing__listing-admin.md
02:28:44,https://docs.oracle.com/en-us/iaas/Content/Identity/securing/securingiam.htm,200,9453,Identity__securing__securingiam.md
02:28:46,https://docs.oracle.com/en-us/iaas/Content/Identity/selfregistrationprofiles/activating-self-registration-profiles.htm,200,6535,Identity__selfregistrationprofiles__activating-self-registration-profiles.md
02:28:47,https://docs.oracle.com/en-us/iaas/Content/Identity/selfregistrationprofiles/construct-self-registration-url.htm,200,7584,Identity__selfregistrationprofiles__construct-self-registration-url.md
02:28:48,https://docs.oracle.com/en-us/iaas/Content/Identity/selfregistrationprofiles/create-self-registration-profiles.htm,200,9149,Identity__selfregistrationprofiles__create-self-registration-profiles.md
02:28:49,https://docs.oracle.com/en-us/iaas/Content/Identity/selfregistrationprofiles/deactivating-self-registration-profiles.htm,200,6554,Identity__selfregistrationprofiles__deactivating-self-registration-profiles.md
02:28:49,https://docs.oracle.com/en-us/iaas/Content/Identity/selfregistrationprofiles/deleting-self-registration-profiles.htm,200,6417,Identity__selfregistrationprofiles__deleting-self-registration-profiles.md
02:28:50,https://docs.oracle.com/en-us/iaas/Content/Identity/selfregistrationprofiles/editing-self-registration-profiles.htm,200,6754,Identity__selfregistrationprofiles__editing-self-registration-profiles.md
02:28:52,https://docs.oracle.com/en-us/iaas/Content/Identity/selfregistrationprofiles/list-self-registration-profiles.htm,200,10669,Identity__selfregistrationprofiles__list-self-registration-profiles.md
02:28:53,https://docs.oracle.com/en-us/iaas/Content/Identity/selfregistrationprofiles/overview.htm,200,11035,Identity__selfregistrationprofiles__overview.md
02:28:54,https://docs.oracle.com/en-us/iaas/Content/Identity/selfregistrationprofiles/view-self-registration-profiles.htm,200,6124,Identity__selfregistrationprofiles__view-self-registration-profiles.md
02:28:55,https://docs.oracle.com/en-us/iaas/Content/Identity/sessionsettings/change-session-settings.htm,200,6306,Identity__sessionsettings__change-session-settings.md
02:28:57,https://docs.oracle.com/en-us/iaas/Content/Identity/sessionsettings/customer-endpoint-settings.htm,200,8843,Identity__sessionsettings__customer-endpoint-settings.md
02:28:58,https://docs.oracle.com/en-us/iaas/Content/Identity/sessionsettings/data-sharing-settings.htm,200,8770,Identity__sessionsettings__data-sharing-settings.md
02:28:59,https://docs.oracle.com/en-us/iaas/Content/Identity/sessionsettings/list-session-settings.htm,200,6910,Identity__sessionsettings__list-session-settings.md
02:29:00,https://docs.oracle.com/en-us/iaas/Content/Identity/sessionsettings/overview.htm,200,8764,Identity__sessionsettings__overview.md
02:29:01,https://docs.oracle.com/en-us/iaas/Content/Identity/sessionsettings/session-limits.htm,200,6609,Identity__sessionsettings__session-limits.md
02:29:01,https://docs.oracle.com/en-us/iaas/Content/Identity/signonpolicies/activate-sign-policies.htm,200,6564,Identity__signonpolicies__activate-sign-policies.md
02:29:03,https://docs.oracle.com/en-us/iaas/Content/Identity/signonpolicies/add-apps-policy.htm,200,6850,Identity__signonpolicies__add-apps-policy.md
02:29:04,https://docs.oracle.com/en-us/iaas/Content/Identity/signonpolicies/add-more-rules-policy.htm,200,13671,Identity__signonpolicies__add-more-rules-policy.md
02:29:05,https://docs.oracle.com/en-us/iaas/Content/Identity/signonpolicies/add-sign-policy.htm,200,18224,Identity__signonpolicies__add-sign-policy.md
02:29:06,https://docs.oracle.com/en-us/iaas/Content/Identity/signonpolicies/change-priority-sign-rule-policy.htm,200,7413,Identity__signonpolicies__change-priority-sign-rule-policy.md
02:29:07,https://docs.oracle.com/en-us/iaas/Content/Identity/signonpolicies/deactivate-sign-policies.htm,200,6310,Identity__signonpolicies__deactivate-sign-policies.md
02:29:08,https://docs.oracle.com/en-us/iaas/Content/Identity/signonpolicies/delete-sign-policies.htm,200,6711,Identity__signonpolicies__delete-sign-policies.md
02:29:09,https://docs.oracle.com/en-us/iaas/Content/Identity/signonpolicies/edit-sign-rule-policy.htm,200,6682,Identity__signonpolicies__edit-sign-rule-policy.md
02:29:10,https://docs.oracle.com/en-us/iaas/Content/Identity/signonpolicies/list-signon-policy.htm,200,7036,Identity__signonpolicies__list-signon-policy.md
02:29:11,https://docs.oracle.com/en-us/iaas/Content/Identity/signonpolicies/managingsignonpolicies.htm,200,20898,Identity__signonpolicies__managingsignonpolicies.md
02:29:12,https://docs.oracle.com/en-us/iaas/Content/Identity/signonpolicies/modify-sign-policy.htm,200,6635,Identity__signonpolicies__modify-sign-policy.md
02:29:13,https://docs.oracle.com/en-us/iaas/Content/Identity/signonpolicies/remove-apps-policy.htm,200,6220,Identity__signonpolicies__remove-apps-policy.md
02:29:14,https://docs.oracle.com/en-us/iaas/Content/Identity/signonpolicies/remove-sign-rules-policy.htm,200,6358,Identity__signonpolicies__remove-sign-rules-policy.md
02:29:16,https://docs.oracle.com/en-us/iaas/Content/Identity/sku/overview.htm,200,107396,Identity__sku__overview.md
02:29:17,https://docs.oracle.com/en-us/iaas/Content/Identity/termsofuse/activate-terms-use.htm,200,6418,Identity__termsofuse__activate-terms-use.md
02:29:18,https://docs.oracle.com/en-us/iaas/Content/Identity/termsofuse/add-apps.htm,200,6699,Identity__termsofuse__add-apps.md
02:29:20,https://docs.oracle.com/en-us/iaas/Content/Identity/termsofuse/add-statement.htm,200,7600,Identity__termsofuse__add-statement.md
02:29:21,https://docs.oracle.com/en-us/iaas/Content/Identity/termsofuse/add-terms-use.htm,200,9231,Identity__termsofuse__add-terms-use.md
02:29:22,https://docs.oracle.com/en-us/iaas/Content/Identity/termsofuse/deactivate-terms-use.htm,200,6440,Identity__termsofuse__deactivate-terms-use.md
02:29:23,https://docs.oracle.com/en-us/iaas/Content/Identity/termsofuse/delete-terms-use.htm,200,6713,Identity__termsofuse__delete-terms-use.md
02:29:24,https://docs.oracle.com/en-us/iaas/Content/Identity/termsofuse/list-terms-of-use.htm,200,6378,Identity__termsofuse__list-terms-of-use.md
02:29:25,https://docs.oracle.com/en-us/iaas/Content/Identity/termsofuse/manage-terms-use.htm,200,9068,Identity__termsofuse__manage-terms-use.md
02:29:26,https://docs.oracle.com/en-us/iaas/Content/Identity/termsofuse/modify-terms-use.htm,200,6665,Identity__termsofuse__modify-terms-use.md
02:29:27,https://docs.oracle.com/en-us/iaas/Content/Identity/termsofuse/remove-apps.htm,200,6880,Identity__termsofuse__remove-apps.md
02:29:28,https://docs.oracle.com/en-us/iaas/Content/Identity/termsofuse/remove-statement.htm,200,7310,Identity__termsofuse__remove-statement.md
02:29:30,https://docs.oracle.com/en-us/iaas/Content/Identity/troubleshooting/app_gateway.htm,200,16929,Identity__troubleshooting__app_gateway.md
02:29:31,https://docs.oracle.com/en-us/iaas/Content/Identity/troubleshooting/compartments.htm,200,8947,Identity__troubleshooting__compartments.md
02:29:32,https://docs.oracle.com/en-us/iaas/Content/Identity/troubleshooting/ebs.htm,200,22332,Identity__troubleshooting__ebs.md
02:29:33,https://docs.oracle.com/en-us/iaas/Content/Identity/troubleshooting/ms_ad_bridge.htm,200,53993,Identity__troubleshooting__ms_ad_bridge.md
02:29:35,https://docs.oracle.com/en-us/iaas/Content/Identity/troubleshooting/radius-proxy.htm,200,7521,Identity__troubleshooting__radius-proxy.md
02:29:35,https://docs.oracle.com/en-us/iaas/Content/Identity/troubleshooting/saml_login_errors/saml-login-errors.htm,200,27710,Identity__troubleshooting__saml_login_errors__saml-login-errors.md
02:29:36,https://docs.oracle.com/en-us/iaas/Content/Identity/troubleshooting/troubleshooting_root.htm,200,6844,Identity__troubleshooting__troubleshooting_root.md
02:29:37,https://docs.oracle.com/en-us/iaas/Content/Identity/troubleshooting/upgrade-for_cloudgate.htm,200,24610,Identity__troubleshooting__upgrade-for_cloudgate.md
02:29:38,https://docs.oracle.com/en-us/iaas/Content/Identity/trustedpartnercert/delete-trusted-partner-certificate.htm,200,6384,Identity__trustedpartnercert__delete-trusted-partner-certificate.md
02:29:39,https://docs.oracle.com/en-us/iaas/Content/Identity/trustedpartnercert/import-trusted-partner-certificate.htm,200,7286,Identity__trustedpartnercert__import-trusted-partner-certificate.md
02:29:40,https://docs.oracle.com/en-us/iaas/Content/Identity/trustedpartnercert/list-trusted-partner-certificate.htm,200,6643,Identity__trustedpartnercert__list-trusted-partner-certificate.md
02:29:42,https://docs.oracle.com/en-us/iaas/Content/Identity/trustedpartnercert/understand-trusted-partner-certificates.htm,200,8383,Identity__trustedpartnercert__understand-trusted-partner-certificates.md
02:29:42,https://docs.oracle.com/en-us/iaas/Content/Identity/trustedpartnercert/view-details-trusted-partner-certificate.htm,200,7812,Identity__trustedpartnercert__view-details-trusted-partner-certificate.md
02:29:44,https://docs.oracle.com/en-us/iaas/Content/Identity/tutorials/adfs/adfs_tutorials.htm,200,6499,Identity__tutorials__adfs__adfs_tutorials.md
02:29:45,https://docs.oracle.com/en-us/iaas/Content/Identity/tutorials/adfs/jit_adfs/adfs_jit.htm,200,17626,Identity__tutorials__adfs__jit_adfs__adfs_jit.md
02:29:46,https://docs.oracle.com/en-us/iaas/Content/Identity/tutorials/adfs/sso_adfs/adfs_sso.htm,200,27193,Identity__tutorials__adfs__sso_adfs__adfs_sso.md
02:29:48,https://docs.oracle.com/en-us/iaas/Content/Identity/tutorials/azure_ad/azure_ad_tutorials.htm,200,7735,Identity__tutorials__azure_ad__azure_ad_tutorials.md
02:29:49,https://docs.oracle.com/en-us/iaas/Content/Identity/tutorials/azure_ad/jit_azure/azure_jit.htm,200,22195,Identity__tutorials__azure_ad__jit_azure__azure_jit.md
02:29:50,https://docs.oracle.com/en-us/iaas/Content/Identity/tutorials/azure_ad/lifecycle_azure/01-config-azure-template.htm,200,28289,Identity__tutorials__azure_ad__lifecycle_azure__01-config-azure-template.md
02:29:51,https://docs.oracle.com/en-us/iaas/Content/Identity/tutorials/azure_ad/lifecycle_azure/02-config-azure-iam-template.htm,200,10948,Identity__tutorials__azure_ad__lifecycle_azure__02-config-azure-iam-template.md
02:29:52,https://docs.oracle.com/en-us/iaas/Content/Identity/tutorials/azure_ad/lifecycle_azure/03-config-iam.htm,200,12406,Identity__tutorials__azure_ad__lifecycle_azure__03-config-iam.md
02:29:54,https://docs.oracle.com/en-us/iaas/Content/Identity/tutorials/azure_ad/lifecycle_azure/azure_lifecycle.htm,200,9742,Identity__tutorials__azure_ad__lifecycle_azure__azure_lifecycle.md
02:29:55,https://docs.oracle.com/en-us/iaas/Content/Identity/tutorials/azure_ad/lifecycle_azure/next.htm,200,5925,Identity__tutorials__azure_ad__lifecycle_azure__next.md
02:29:56,https://docs.oracle.com/en-us/iaas/Content/Identity/tutorials/azure_ad/sso_azure/azure_sso.htm,200,28447,Identity__tutorials__azure_ad__sso_azure__azure_sso.md
02:29:57,https://docs.oracle.com/en-us/iaas/Content/Identity/tutorials/cli/cli_identity-domains.htm,200,32795,Identity__tutorials__cli__cli_identity-domains.md
02:29:58,https://docs.oracle.com/en-us/iaas/Content/Identity/tutorials/iam-tutorials.htm,200,7342,Identity__tutorials__iam-tutorials.md
02:29:59,https://docs.oracle.com/en-us/iaas/Content/Identity/tutorials/okta/jit_okta/okta_jit.htm,200,22169,Identity__tutorials__okta__jit_okta__okta_jit.md
02:30:00,https://docs.oracle.com/en-us/iaas/Content/Identity/tutorials/okta/lifecycle_okta/okta-lifecycle.htm,200,29342,Identity__tutorials__okta__lifecycle_okta__okta-lifecycle.md
02:30:01,https://docs.oracle.com/en-us/iaas/Content/Identity/tutorials/okta/okta_tutorials.htm,200,7494,Identity__tutorials__okta__okta_tutorials.md
02:30:02,https://docs.oracle.com/en-us/iaas/Content/Identity/tutorials/okta/sso_okta/sso_okta.htm,200,20282,Identity__tutorials__okta__sso_okta__sso_okta.md
02:30:04,https://docs.oracle.com/en-us/iaas/Content/Identity/tutorials/rest/rest_postman.htm,200,32580,Identity__tutorials__rest__rest_postman.md
02:30:05,https://docs.oracle.com/en-us/iaas/Content/Identity/usercred/Auth_Tokens.htm,200,5916,Identity__usercred__Auth_Tokens.md
02:30:06,https://docs.oracle.com/en-us/iaas/Content/Identity/usercred/OAuth_20_Credentials.htm,200,6603,Identity__usercred__OAuth_20_Credentials.md
02:30:07,https://docs.oracle.com/en-us/iaas/Content/Identity/usercred/User_Password.htm,200,10128,Identity__usercred__User_Password.md
02:30:08,https://docs.oracle.com/en-us/iaas/Content/Identity/usercred/usercredentials.htm,200,9491,Identity__usercred__usercredentials.md
02:30:09,https://docs.oracle.com/en-us/iaas/Content/Identity/userfed/about-user-capabilities.htm,200,6921,Identity__userfed__about-user-capabilities.md
02:30:10,https://docs.oracle.com/en-us/iaas/Content/Identity/userfed/apply-tags-to-a-user.htm,200,5566,Identity__userfed__apply-tags-to-a-user.md
02:30:12,https://docs.oracle.com/en-us/iaas/Content/Identity/userfed/change-user-description.htm,200,6268,Identity__userfed__change-user-description.md
02:30:13,https://docs.oracle.com/en-us/iaas/Content/Identity/userfed/delete-a-user.htm,200,5627,Identity__userfed__delete-a-user.md
02:30:14,https://docs.oracle.com/en-us/iaas/Content/Identity/userfed/edit-user-capabilities.htm,200,6529,Identity__userfed__edit-user-capabilities.md
02:30:15,https://docs.oracle.com/en-us/iaas/Content/Identity/userfed/managing-users-federated.htm,200,7067,Identity__userfed__managing-users-federated.md
02:30:16,https://docs.oracle.com/en-us/iaas/Content/Identity/userfed/required-iam-policy.htm,200,5703,Identity__userfed__required-iam-policy.md
02:30:17,https://docs.oracle.com/en-us/iaas/Content/Identity/userfed/viewing-provisioned-federated-users.htm,200,10201,Identity__userfed__viewing-provisioned-federated-users.md
02:30:19,https://docs.oracle.com/en-us/iaas/Content/Identity/users/about-managing-users.htm,200,12382,Identity__users__about-managing-users.md
02:30:20,https://docs.oracle.com/en-us/iaas/Content/Identity/users/assign-applications-users.htm,200,10457,Identity__users__assign-applications-users.md
02:30:21,https://docs.oracle.com/en-us/iaas/Content/Identity/users/assign-groups-user-account.htm,200,7793,Identity__users__assign-groups-user-account.md
02:30:22,https://docs.oracle.com/en-us/iaas/Content/Identity/users/assign-users-roles.htm,200,9141,Identity__users__assign-users-roles.md
02:30:24,https://docs.oracle.com/en-us/iaas/Content/Identity/users/change-status-user-account.htm,200,7402,Identity__users__change-status-user-account.md
02:30:25,https://docs.oracle.com/en-us/iaas/Content/Identity/users/clear-signed-in-sessions-for-users.htm,200,7191,Identity__users__clear-signed-in-sessions-for-users.md
02:30:26,https://docs.oracle.com/en-us/iaas/Content/Identity/users/create-user-accounts.htm,200,9327,Identity__users__create-user-accounts.md
02:30:27,https://docs.oracle.com/en-us/iaas/Content/Identity/users/delete-user-accounts.htm,200,7691,Identity__users__delete-user-accounts.md
02:30:28,https://docs.oracle.com/en-us/iaas/Content/Identity/users/edit-user-account.htm,200,7780,Identity__users__edit-user-account.md
02:30:29,https://docs.oracle.com/en-us/iaas/Content/Identity/users/edit-users-capabilities.htm,200,8413,Identity__users__edit-users-capabilities.md
02:30:30,https://docs.oracle.com/en-us/iaas/Content/Identity/users/generate-bypass-codes-user-accounts.htm,200,9806,Identity__users__generate-bypass-codes-user-accounts.md
02:30:31,https://docs.oracle.com/en-us/iaas/Content/Identity/users/lifecycle-managing-users.htm,200,16061,Identity__users__lifecycle-managing-users.md
02:30:32,https://docs.oracle.com/en-us/iaas/Content/Identity/users/link-to-mos.htm,200,7745,Identity__users__link-to-mos.md
02:30:33,https://docs.oracle.com/en-us/iaas/Content/Identity/users/list-user-accounts.htm,200,8537,Identity__users__list-user-accounts.md
02:30:34,https://docs.oracle.com/en-us/iaas/Content/Identity/users/remove-applications-user-account.htm,200,7192,Identity__users__remove-applications-user-account.md
02:30:35,https://docs.oracle.com/en-us/iaas/Content/Identity/users/remove-groups-user-account.htm,200,7198,Identity__users__remove-groups-user-account.md
02:30:37,https://docs.oracle.com/en-us/iaas/Content/Identity/users/resend-invitations.htm,200,8945,Identity__users__resend-invitations.md
02:30:38,https://docs.oracle.com/en-us/iaas/Content/Identity/users/reset-authentication-factors-user-accounts.htm,200,7435,Identity__users__reset-authentication-factors-user-accounts.md
02:30:39,https://docs.oracle.com/en-us/iaas/Content/Identity/users/reset-passwords-user-accounts.htm,200,9149,Identity__users__reset-passwords-user-accounts.md
02:30:40,https://docs.oracle.com/en-us/iaas/Content/Identity/users/search-user-accounts.htm,200,6689,Identity__users__search-user-accounts.md
02:30:41,https://docs.oracle.com/en-us/iaas/Content/Identity/users/unlock-user-accounts.htm,200,8080,Identity__users__unlock-user-accounts.md
02:30:43,https://docs.oracle.com/en-us/iaas/Content/Identity/users/view-user-account.htm,200,6829,Identity__users__view-user-account.md
02:30:44,https://docs.oracle.com/en-us/iaas/Content/Identity/usersettings/access-my-apps.htm,200,7173,Identity__usersettings__access-my-apps.md
02:30:45,https://docs.oracle.com/en-us/iaas/Content/Identity/usersettings/access-your-signed-in-sessions.htm,200,7096,Identity__usersettings__access-your-signed-in-sessions.md
02:30:46,https://docs.oracle.com/en-us/iaas/Content/Identity/usersettings/change-your-password.htm,200,7958,Identity__usersettings__change-your-password.md
02:30:47,https://docs.oracle.com/en-us/iaas/Content/Identity/usersettings/delete-your-account.htm,200,6218,Identity__usersettings__delete-your-account.md
02:30:48,https://docs.oracle.com/en-us/iaas/Content/Identity/usersettings/enrolling-in-identity-assurance.htm,200,9907,Identity__usersettings__enrolling-in-identity-assurance.md
02:30:50,https://docs.oracle.com/en-us/iaas/Content/Identity/usersettings/generate-bypass-code.htm,200,8837,Identity__usersettings__generate-bypass-code.md
02:30:51,https://docs.oracle.com/en-us/iaas/Content/Identity/usersettings/generate-personal-access-tokens.htm,200,8507,Identity__usersettings__generate-personal-access-tokens.md
02:30:52,https://docs.oracle.com/en-us/iaas/Content/Identity/usersettings/get-details-my-profile.htm,200,6625,Identity__usersettings__get-details-my-profile.md
02:30:53,https://docs.oracle.com/en-us/iaas/Content/Identity/usersettings/link-social-accounts.htm,200,9467,Identity__usersettings__link-social-accounts.md
02:30:54,https://docs.oracle.com/en-us/iaas/Content/Identity/usersettings/link_support_account_my_profile.htm,200,6955,Identity__usersettings__link_support_account_my_profile.md
02:30:56,https://docs.oracle.com/en-us/iaas/Content/Identity/usersettings/manage_security_and_2_step_verification.htm,200,13093,Identity__usersettings__manage_security_and_2_step_verification.md
02:30:57,https://docs.oracle.com/en-us/iaas/Content/Identity/usersettings/my_authorizations_tokens_and_keys.htm,200,6131,Identity__usersettings__my_authorizations_tokens_and_keys.md
02:30:58,https://docs.oracle.com/en-us/iaas/Content/Identity/usersettings/overview.htm,200,13255,Identity__usersettings__overview.md
02:30:59,https://docs.oracle.com/en-us/iaas/Content/Identity/usersettings/recover-your-account.htm,200,10060,Identity__usersettings__recover-your-account.md
02:31:00,https://docs.oracle.com/en-us/iaas/Content/Identity/usersettings/reenrollment-identity-assurance.htm,200,5772,Identity__usersettings__reenrollment-identity-assurance.md
02:31:01,https://docs.oracle.com/en-us/iaas/Content/Identity/usersettings/remove-account-recovery-factor.htm,200,9217,Identity__usersettings__remove-account-recovery-factor.md
02:31:02,https://docs.oracle.com/en-us/iaas/Content/Identity/usersettings/request-application-access.htm,200,8139,Identity__usersettings__request-application-access.md
02:31:04,https://docs.oracle.com/en-us/iaas/Content/Identity/usersettings/request-group-access.htm,200,7541,Identity__usersettings__request-group-access.md
02:31:05,https://docs.oracle.com/en-us/iaas/Content/Identity/usersettings/revoking-your-consents.htm,200,8550,Identity__usersettings__revoking-your-consents.md
02:31:05,https://docs.oracle.com/en-us/iaas/Content/Identity/usersettings/set-or-modify-your-profile.htm,200,8120,Identity__usersettings__set-or-modify-your-profile.md
02:31:07,https://docs.oracle.com/en-us/iaas/Content/Identity/usersettings/set-recovery-email-address-account-recovery-factor.htm,200,9270,Identity__usersettings__set-recovery-email-address-account-recovery-factor.md
02:31:08,https://docs.oracle.com/en-us/iaas/Content/Identity/usersettings/set-security-questions-account-recovery-factor.htm,200,9880,Identity__usersettings__set-security-questions-account-recovery-factor.md
02:31:09,https://docs.oracle.com/en-us/iaas/Content/Identity/usersettings/set-your-account-recovery-options.htm,200,9996,Identity__usersettings__set-your-account-recovery-options.md
02:31:10,https://docs.oracle.com/en-us/iaas/Content/Identity/usersettings/set-your-email-options.htm,200,7452,Identity__usersettings__set-your-email-options.md
02:31:12,https://docs.oracle.com/en-us/iaas/Content/Identity/usersettings/set-your-mobile-number-account-recovery-factor.htm,200,9073,Identity__usersettings__set-your-mobile-number-account-recovery-factor.md
02:31:13,https://docs.oracle.com/en-us/iaas/Content/Identity/usersettings/sign-in-identity-domain-alternative-login-method.htm,200,8113,Identity__usersettings__sign-in-identity-domain-alternative-login-method.md
02:31:14,https://docs.oracle.com/en-us/iaas/Content/Identity/usersettings/unlink-social-accounts.htm,200,8404,Identity__usersettings__unlink-social-accounts.md
02:31:15,https://docs.oracle.com/en-us/iaas/Content/Identity/usersettings/unlink_support_account_my_profile.htm,200,6312,Identity__usersettings__unlink_support_account_my_profile.md
02:31:16,https://docs.oracle.com/en-us/iaas/Content/Identity/usersettings/use-form-fill-applications.htm,200,13909,Identity__usersettings__use-form-fill-applications.md
02:31:17,https://docs.oracle.com/en-us/iaas/Content/Identity/usersettings/view-application-access-requests.htm,200,6981,Identity__usersettings__view-application-access-requests.md
02:31:18,https://docs.oracle.com/en-us/iaas/Content/Identity/usersettings/view-application-access.htm,200,6341,Identity__usersettings__view-application-access.md
02:31:19,https://docs.oracle.com/en-us/iaas/Content/Identity/usersettings/view-group-access-requests.htm,200,6888,Identity__usersettings__view-group-access-requests.md
02:31:20,https://docs.oracle.com/en-us/iaas/Content/Identity/usersettings/view-group-access.htm,200,6167,Identity__usersettings__view-group-access.md
02:31:21,https://docs.oracle.com/en-us/iaas/Content/Identity/using/aboutidentitydomains.htm,200,8380,Identity__using__aboutidentitydomains.md
02:31:22,https://docs.oracle.com/en-us/iaas/Content/Identity/usingidentitydomains/iam-ui-details.htm,200,18158,Identity__usingidentitydomains__iam-ui-details.md
02:31:23,https://docs.oracle.com/en-us/iaas/Content/Identity/usingidentitydomains/oci-iam-concepts.htm,200,13321,Identity__usingidentitydomains__oci-iam-concepts.md
02:31:24,https://docs.oracle.com/en-us/iaas/Content/KeyManagement/Concepts/dkms_jce_provider-crypto_operations.htm,200,23777,KeyManagement__Concepts__dkms_jce_provider-crypto_operations.md
02:31:25,https://docs.oracle.com/en-us/iaas/Content/KeyManagement/Concepts/dkms_jce_provider-javadocs.htm,200,5705,KeyManagement__Concepts__dkms_jce_provider-javadocs.md
02:31:27,https://docs.oracle.com/en-us/iaas/Content/KeyManagement/Concepts/dkms_jce_provider-key_attributes.htm,200,18076,KeyManagement__Concepts__dkms_jce_provider-key_attributes.md
02:31:28,https://docs.oracle.com/en-us/iaas/Content/KeyManagement/Concepts/dkms_jce_provider-key_types_algorithms.htm,200,9345,KeyManagement__Concepts__dkms_jce_provider-key_types_algorithms.md
02:31:29,https://docs.oracle.com/en-us/iaas/Content/KeyManagement/Concepts/dkms_jce_provider-keystore.htm,200,13693,KeyManagement__Concepts__dkms_jce_provider-keystore.md
02:31:30,https://docs.oracle.com/en-us/iaas/Content/KeyManagement/Concepts/dkms_jce_provider.htm,200,8947,KeyManagement__Concepts__dkms_jce_provider.md
02:31:31,https://docs.oracle.com/en-us/iaas/Content/KeyManagement/Concepts/keyoverview.htm,200,34696,KeyManagement__Concepts__keyoverview.md
02:31:32,https://docs.oracle.com/en-us/iaas/Content/KeyManagement/Concepts/known_issues_for_vault.htm,200,8140,KeyManagement__Concepts__known_issues_for_vault.md
02:31:33,https://docs.oracle.com/en-us/iaas/Content/KeyManagement/Concepts/troubleshootingvault.htm,200,7281,KeyManagement__Concepts__troubleshootingvault.md
02:31:34,https://docs.oracle.com/en-us/iaas/Content/KeyManagement/Reference/dedicated_kms_setting_key_attributes.htm,200,7735,KeyManagement__Reference__dedicated_kms_setting_key_attributes.md
02:31:35,https://docs.oracle.com/en-us/iaas/Content/KeyManagement/Reference/developing-with-vault.htm,200,7032,KeyManagement__Reference__developing-with-vault.md
02:31:36,https://docs.oracle.com/en-us/iaas/Content/KeyManagement/Reference/ekms-vendor-api.htm,200,49909,KeyManagement__Reference__ekms-vendor-api.md
02:31:37,https://docs.oracle.com/en-us/iaas/Content/KeyManagement/Reference/reference_dedicated_kms_installation_start_daemon.htm,200,6654,KeyManagement__Reference__reference_dedicated_kms_installation_start_daemon.md
02:31:39,https://docs.oracle.com/en-us/iaas/Content/KeyManagement/Reference/reference_dedicated_kms_installation_starting_user_mgmt_utility_dita.htm,200,6480,KeyManagement__Reference__reference_dedicated_kms_installation_starting_user_mgmt_utility_dita.md
02:31:40,https://docs.oracle.com/en-us/iaas/Content/KeyManagement/Reference/reference_dedicated_kms_user_mgmt_user_operations.htm,200,7667,KeyManagement__Reference__reference_dedicated_kms_user_mgmt_user_operations.md
02:31:41,https://docs.oracle.com/en-us/iaas/Content/KeyManagement/Tasks/assigningkeys.htm,200,14172,KeyManagement__Tasks__assigningkeys.md
02:31:42,https://docs.oracle.com/en-us/iaas/Content/KeyManagement/Tasks/assigningkeys_topic-To_assign_a_key_to_a_new_Block_Volume.htm,200,7548,KeyManagement__Tasks__assigningkeys_topic-To_assign_a_key_to_a_new_Block_Volume.md
02:31:43,https://docs.oracle.com/en-us/iaas/Content/KeyManagement/Tasks/assigningkeys_topic-To_assign_a_key_to_a_new_Object_Storage_bucket.htm,200,8810,KeyManagement__Tasks__assigningkeys_topic-To_assign_a_key_to_a_new_Object_Storage_bucket.md
02:31:44,https://docs.oracle.com/en-us/iaas/Content/KeyManagement/Tasks/assigningkeys_topic-To_assign_a_key_to_a_new_file_system.htm,200,8873,KeyManagement__Tasks__assigningkeys_topic-To_assign_a_key_to_a_new_file_system.md
02:31:46,https://docs.oracle.com/en-us/iaas/Content/KeyManagement/Tasks/assigningkeys_topic-To_assign_a_key_to_a_new_stream_pool.htm,200,7976,KeyManagement__Tasks__assigningkeys_topic-To_assign_a_key_to_a_new_stream_pool.md
02:31:47,https://docs.oracle.com/en-us/iaas/Content/KeyManagement/Tasks/assigningkeys_topic-To_assign_a_key_to_an_existing_Block_Volume.htm,200,9378,KeyManagement__Tasks__assigningkeys_topic-To_assign_a_key_to_an_existing_Block_Volume.md
02:31:48,https://docs.oracle.com/en-us/iaas/Content/KeyManagement/Tasks/assigningkeys_topic-To_assign_a_key_to_an_existing_Object_Storage_bucket.htm,200,8659,KeyManagement__Tasks__assigningkeys_topic-To_assign_a_key_to_an_existing_Object_Storage_bucket.md
02:31:49,https://docs.oracle.com/en-us/iaas/Content/KeyManagement/Tasks/assigningkeys_topic-To_assign_a_key_to_an_existing_boot_volume.htm,200,9143,KeyManagement__Tasks__assigningkeys_topic-To_assign_a_key_to_an_existing_boot_volume.md
02:31:50,https://docs.oracle.com/en-us/iaas/Content/KeyManagement/Tasks/assigningkeys_topic-To_change_or_remove_the_master_encryption_key_assigned_to_an_existing_stream_pool.htm,200,7830,KeyManagement__Tasks__assigningkeys_topic-To_change_or_remove_the_master_encryption_key_assigned_to_an_existing_stream_pool.md
02:31:52,https://docs.oracle.com/en-us/iaas/Content/KeyManagement/Tasks/assigningkeys_topic-To_create_a_Compute_instance_with_an_encrypted_boot_volume.htm,200,8897,KeyManagement__Tasks__assigningkeys_topic-To_create_a_Compute_instance_with_an_encrypted_boot_volume.md
02:31:52,https://docs.oracle.com/en-us/iaas/Content/KeyManagement/Tasks/assigningkeys_topic-To_create_a_Kubernetes_cluster_with_encrypted_secrets_in_the_etcd_keyvalue_store.htm,200,10654,KeyManagement__Tasks__assigningkeys_topic-To_create_a_Kubernetes_cluster_with_encrypted_secrets_in_the_etcd_keyvalue_store.md
02:31:54,https://docs.oracle.com/en-us/iaas/Content/KeyManagement/Tasks/assigningkeys_topic-To_create_a_boot_volume_thats_encrypted_with_a_Vault_key.htm,200,8283,KeyManagement__Tasks__assigningkeys_topic-To_create_a_boot_volume_thats_encrypted_with_a_Vault_key.md
02:31:55,https://docs.oracle.com/en-us/iaas/Content/KeyManagement/Tasks/assigningkeys_topic-To_remove_a_key_assignment_from_a_Block_Volume.htm,200,8058,KeyManagement__Tasks__assigningkeys_topic-To_remove_a_key_assignment_from_a_Block_Volume.md
02:31:56,https://docs.oracle.com/en-us/iaas/Content/KeyManagement/Tasks/assigningkeys_topic-To_remove_a_key_assignment_from_a_bucket.htm,200,8021,KeyManagement__Tasks__assigningkeys_topic-To_remove_a_key_assignment_from_a_bucket.md
02:31:57,https://docs.oracle.com/en-us/iaas/Content/KeyManagement/Tasks/backingupvaultsandkeys.htm,200,16879,KeyManagement__Tasks__backingupvaultsandkeys.md
02:31:58,https://docs.oracle.com/en-us/iaas/Content/KeyManagement/Tasks/backingupvaultsandkeys_topic-To_back_up_a_key.htm,200,10681,KeyManagement__Tasks__backingupvaultsandkeys_topic-To_back_up_a_key.md
02:32:00,https://docs.oracle.com/en-us/iaas/Content/KeyManagement/Tasks/backingupvaultsandkeys_topic-To_back_up_a_vault.htm,200,10262,KeyManagement__Tasks__backingupvaultsandkeys_topic-To_back_up_a_vault.md
02:32:01,https://docs.oracle.com/en-us/iaas/Content/KeyManagement/Tasks/backingupvaultsandkeys_topic-To_restore_a_key.htm,200,11263,KeyManagement__Tasks__backingupvaultsandkeys_topic-To_restore_a_key.md
02:32:02,https://docs.oracle.com/en-us/iaas/Content/KeyManagement/Tasks/backingupvaultsandkeys_topic-To_restore_a_vault.htm,200,10913,KeyManagement__Tasks__backingupvaultsandkeys_topic-To_restore_a_vault.md
02:32:03,https://docs.oracle.com/en-us/iaas/Content/KeyManagement/Tasks/backingupvaultsandkeys_topic-To_update_a_key_from_a_backup.htm,200,7337,KeyManagement__Tasks__backingupvaultsandkeys_topic-To_update_a_key_from_a_backup.md
02:32:05,https://docs.oracle.com/en-us/iaas/Content/KeyManagement/Tasks/backingupvaultsandkeys_topic-To_update_a_vault_from_a_backup.htm,200,7291,KeyManagement__Tasks__backingupvaultsandkeys_topic-To_update_a_vault_from_a_backup.md
02:32:06,https://docs.oracle.com/en-us/iaas/Content/KeyManagement/Tasks/dedicate_kms_key_mgmt_gen_aes_key.htm,200,9566,KeyManagement__Tasks__dedicate_kms_key_mgmt_gen_aes_key.md
02:32:07,https://docs.oracle.com/en-us/iaas/Content/KeyManagement/Tasks/dedicate_kms_key_mgmt_gen_ecc_key_pair.htm,200,11644,KeyManagement__Tasks__dedicate_kms_key_mgmt_gen_ecc_key_pair.md
02:32:08,https://docs.oracle.com/en-us/iaas/Content/KeyManagement/Tasks/dedicate_kms_key_mgmt_gen_keys.htm,200,6874,KeyManagement__Tasks__dedicate_kms_key_mgmt_gen_keys.md
02:32:09,https://docs.oracle.com/en-us/iaas/Content/KeyManagement/Tasks/dedicated_kms.htm,200,12501,KeyManagement__Tasks__dedicated_kms.md
02:32:10,https://docs.oracle.com/en-us/iaas/Content/KeyManagement/Tasks/dedicated_kms_activating_hsm_cluster.htm,200,11275,KeyManagement__Tasks__dedicated_kms_activating_hsm_cluster.md
02:32:11,https://docs.oracle.com/en-us/iaas/Content/KeyManagement/Tasks/dedicated_kms_attribute_key_types.htm,200,27496,KeyManagement__Tasks__dedicated_kms_attribute_key_types.md
02:32:12,https://docs.oracle.com/en-us/iaas/Content/KeyManagement/Tasks/dedicated_kms_canceling_deleting_hsm_cluster_dita.htm,200,9066,KeyManagement__Tasks__dedicated_kms_canceling_deleting_hsm_cluster_dita.md
02:32:14,https://docs.oracle.com/en-us/iaas/Content/KeyManagement/Tasks/dedicated_kms_cavium_private_key.htm,200,7431,KeyManagement__Tasks__dedicated_kms_cavium_private_key.md
02:32:14,https://docs.oracle.com/en-us/iaas/Content/KeyManagement/Tasks/dedicated_kms_configuring_pkcs_11.htm,200,6162,KeyManagement__Tasks__dedicated_kms_configuring_pkcs_11.md
02:32:15,https://docs.oracle.com/en-us/iaas/Content/KeyManagement/Tasks/dedicated_kms_create_users.htm,200,8117,KeyManagement__Tasks__dedicated_kms_create_users.md
02:32:17,https://docs.oracle.com/en-us/iaas/Content/KeyManagement/Tasks/dedicated_kms_creating_hsm.htm,200,9958,KeyManagement__Tasks__dedicated_kms_creating_hsm.md
02:32:18,https://docs.oracle.com/en-us/iaas/Content/KeyManagement/Tasks/dedicated_kms_deleting_hsm_cluster.htm,200,9748,KeyManagement__Tasks__dedicated_kms_deleting_hsm_cluster.md
02:32:19,https://docs.oracle.com/en-us/iaas/Content/KeyManagement/Tasks/dedicated_kms_download_cert.htm,200,9929,KeyManagement__Tasks__dedicated_kms_download_cert.md
02:32:20,https://docs.oracle.com/en-us/iaas/Content/KeyManagement/Tasks/dedicated_kms_getting_started.htm,200,6205,KeyManagement__Tasks__dedicated_kms_getting_started.md
02:32:21,https://docs.oracle.com/en-us/iaas/Content/KeyManagement/Tasks/dedicated_kms_increase_cluster_limit.htm,200,6263,KeyManagement__Tasks__dedicated_kms_increase_cluster_limit.md
02:32:22,https://docs.oracle.com/en-us/iaas/Content/KeyManagement/Tasks/dedicated_kms_initializing_hsm.htm,200,6562,KeyManagement__Tasks__dedicated_kms_initializing_hsm.md
02:32:23,https://docs.oracle.com/en-us/iaas/Content/KeyManagement/Tasks/dedicated_kms_install_windows_client.htm,200,6740,KeyManagement__Tasks__dedicated_kms_install_windows_client.md
02:32:24,https://docs.oracle.com/en-us/iaas/Content/KeyManagement/Tasks/dedicated_kms_installation_configure_daemon.htm,200,7496,KeyManagement__Tasks__dedicated_kms_installation_configure_daemon.md
02:32:25,https://docs.oracle.com/en-us/iaas/Content/KeyManagement/Tasks/dedicated_kms_installation_configure_user_key_mgmt_util1_dita.htm,200,6236,KeyManagement__Tasks__dedicated_kms_installation_configure_user_key_mgmt_util1_dita.md
02:32:26,https://docs.oracle.com/en-us/iaas/Content/KeyManagement/Tasks/dedicated_kms_installation_install_rpm.htm,200,8813,KeyManagement__Tasks__dedicated_kms_installation_install_rpm.md
02:32:28,https://docs.oracle.com/en-us/iaas/Content/KeyManagement/Tasks/dedicated_kms_installation_pkcs_11.htm,200,6206,KeyManagement__Tasks__dedicated_kms_installation_pkcs_11.md
02:32:29,https://docs.oracle.com/en-us/iaas/Content/KeyManagement/Tasks/dedicated_kms_installation_user_sll_config.htm,200,7757,KeyManagement__Tasks__dedicated_kms_installation_user_sll_config.md
02:32:30,https://docs.oracle.com/en-us/iaas/Content/KeyManagement/Tasks/dedicated_kms_installing_client_components.htm,200,6349,KeyManagement__Tasks__dedicated_kms_installing_client_components.md
02:32:32,https://docs.oracle.com/en-us/iaas/Content/KeyManagement/Tasks/dedicated_kms_key_mgmt_delete_key.htm,200,7935,KeyManagement__Tasks__dedicated_kms_key_mgmt_delete_key.md
02:32:33,https://docs.oracle.com/en-us/iaas/Content/KeyManagement/Tasks/dedicated_kms_key_mgmt_find_a_single_key.htm,200,6369,KeyManagement__Tasks__dedicated_kms_key_mgmt_find_a_single_key.md
02:32:34,https://docs.oracle.com/en-us/iaas/Content/KeyManagement/Tasks/dedicated_kms_key_mgmt_find_keys.htm,200,7241,KeyManagement__Tasks__dedicated_kms_key_mgmt_find_keys.md
02:32:35,https://docs.oracle.com/en-us/iaas/Content/KeyManagement/Tasks/dedicated_kms_key_mgmt_find_single_key.htm,200,9217,KeyManagement__Tasks__dedicated_kms_key_mgmt_find_single_key.md
02:32:36,https://docs.oracle.com/en-us/iaas/Content/KeyManagement/Tasks/dedicated_kms_key_mgmt_gen_rsa_key_token_pair.htm,200,5852,KeyManagement__Tasks__dedicated_kms_key_mgmt_gen_rsa_key_token_pair.md
02:32:37,https://docs.oracle.com/en-us/iaas/Content/KeyManagement/Tasks/dedicated_kms_key_mgmt_gen_rsa_session_key_pair.htm,200,10094,KeyManagement__Tasks__dedicated_kms_key_mgmt_gen_rsa_session_key_pair.md
02:32:38,https://docs.oracle.com/en-us/iaas/Content/KeyManagement/Tasks/dedicated_kms_key_mgmt_hand_invalid_file.htm,200,6969,KeyManagement__Tasks__dedicated_kms_key_mgmt_hand_invalid_file.md
02:32:40,https://docs.oracle.com/en-us/iaas/Content/KeyManagement/Tasks/dedicated_kms_key_mgmt_handling_error.htm,200,6771,KeyManagement__Tasks__dedicated_kms_key_mgmt_handling_error.md
02:32:41,https://docs.oracle.com/en-us/iaas/Content/KeyManagement/Tasks/dedicated_kms_key_mgmt_imp_private_key.htm,200,8037,KeyManagement__Tasks__dedicated_kms_key_mgmt_imp_private_key.md
02:32:42,https://docs.oracle.com/en-us/iaas/Content/KeyManagement/Tasks/dedicated_kms_key_mgmt_imp_pub_key.htm,200,9407,KeyManagement__Tasks__dedicated_kms_key_mgmt_imp_pub_key.md
02:32:43,https://docs.oracle.com/en-us/iaas/Content/KeyManagement/Tasks/dedicated_kms_key_mgmt_imp_sym_key.htm,200,9724,KeyManagement__Tasks__dedicated_kms_key_mgmt_imp_sym_key.md
02:32:44,https://docs.oracle.com/en-us/iaas/Content/KeyManagement/Tasks/dedicated_kms_key_mgmt_interactive_mode.htm,200,6217,KeyManagement__Tasks__dedicated_kms_key_mgmt_interactive_mode.md
02:32:45,https://docs.oracle.com/en-us/iaas/Content/KeyManagement/Tasks/dedicated_kms_key_mgmt_key_import_export.htm,200,6607,KeyManagement__Tasks__dedicated_kms_key_mgmt_key_import_export.md
02:32:46,https://docs.oracle.com/en-us/iaas/Content/KeyManagement/Tasks/dedicated_kms_key_mgmt_list_attributes.htm,200,7826,KeyManagement__Tasks__dedicated_kms_key_mgmt_list_attributes.md
02:32:47,https://docs.oracle.com/en-us/iaas/Content/KeyManagement/Tasks/dedicated_kms_key_mgmt_list_ecc_curve.htm,200,7189,KeyManagement__Tasks__dedicated_kms_key_mgmt_list_ecc_curve.md
02:32:48,https://docs.oracle.com/en-us/iaas/Content/KeyManagement/Tasks/dedicated_kms_key_mgmt_listing_user.htm,200,6303,KeyManagement__Tasks__dedicated_kms_key_mgmt_listing_user.md
02:32:49,https://docs.oracle.com/en-us/iaas/Content/KeyManagement/Tasks/dedicated_kms_key_mgmt_logging_out.htm,200,6122,KeyManagement__Tasks__dedicated_kms_key_mgmt_logging_out.md
02:32:50,https://docs.oracle.com/en-us/iaas/Content/KeyManagement/Tasks/dedicated_kms_key_mgmt_login.htm,200,7438,KeyManagement__Tasks__dedicated_kms_key_mgmt_login.md
02:32:51,https://docs.oracle.com/en-us/iaas/Content/KeyManagement/Tasks/dedicated_kms_key_mgmt_operations.htm,200,6298,KeyManagement__Tasks__dedicated_kms_key_mgmt_operations.md
02:32:52,https://docs.oracle.com/en-us/iaas/Content/KeyManagement/Tasks/dedicated_kms_key_mgmt_share_keys.htm,200,6018,KeyManagement__Tasks__dedicated_kms_key_mgmt_share_keys.md
02:32:53,https://docs.oracle.com/en-us/iaas/Content/KeyManagement/Tasks/dedicated_kms_key_mgmt_single_cmd.htm,200,6659,KeyManagement__Tasks__dedicated_kms_key_mgmt_single_cmd.md
02:32:53,https://docs.oracle.com/en-us/iaas/Content/KeyManagement/Tasks/dedicated_kms_key_util_extract_masked.htm,200,6695,KeyManagement__Tasks__dedicated_kms_key_util_extract_masked.md
02:32:55,https://docs.oracle.com/en-us/iaas/Content/KeyManagement/Tasks/dedicated_kms_key_util_get_attribute.htm,200,7819,KeyManagement__Tasks__dedicated_kms_key_util_get_attribute.md
02:32:56,https://docs.oracle.com/en-us/iaas/Content/KeyManagement/Tasks/dedicated_kms_key_util_inject_masked.htm,200,8449,KeyManagement__Tasks__dedicated_kms_key_util_inject_masked.md
02:32:56,https://docs.oracle.com/en-us/iaas/Content/KeyManagement/Tasks/dedicated_kms_kgmt_mgmt_export_privkey.htm,200,8567,KeyManagement__Tasks__dedicated_kms_kgmt_mgmt_export_privkey.md
02:32:58,https://docs.oracle.com/en-us/iaas/Content/KeyManagement/Tasks/dedicated_kms_kgmt_mgmt_export_publickey.htm,200,6298,KeyManagement__Tasks__dedicated_kms_kgmt_mgmt_export_publickey.md
02:32:59,https://docs.oracle.com/en-us/iaas/Content/KeyManagement/Tasks/dedicated_kms_kgmt_mgmt_export_symkey.htm,200,8003,KeyManagement__Tasks__dedicated_kms_kgmt_mgmt_export_symkey.md
02:33:00,https://docs.oracle.com/en-us/iaas/Content/KeyManagement/Tasks/dedicated_kms_launch_vm.htm,200,7329,KeyManagement__Tasks__dedicated_kms_launch_vm.md
02:33:01,https://docs.oracle.com/en-us/iaas/Content/KeyManagement/Tasks/dedicated_kms_list_hsm_details_dita.htm,200,11525,KeyManagement__Tasks__dedicated_kms_list_hsm_details_dita.md
02:33:02,https://docs.oracle.com/en-us/iaas/Content/KeyManagement/Tasks/dedicated_kms_list_hsm_partition.htm,200,8860,KeyManagement__Tasks__dedicated_kms_list_hsm_partition.md
02:33:03,https://docs.oracle.com/en-us/iaas/Content/KeyManagement/Tasks/dedicated_kms_list_partition_details.htm,200,10624,KeyManagement__Tasks__dedicated_kms_list_partition_details.md
02:33:05,https://docs.oracle.com/en-us/iaas/Content/KeyManagement/Tasks/dedicated_kms_listing_hsm_details.htm,200,8888,KeyManagement__Tasks__dedicated_kms_listing_hsm_details.md
02:33:05,https://docs.oracle.com/en-us/iaas/Content/KeyManagement/Tasks/dedicated_kms_manage_hms_partition.htm,200,5535,KeyManagement__Tasks__dedicated_kms_manage_hms_partition.md
02:33:07,https://docs.oracle.com/en-us/iaas/Content/KeyManagement/Tasks/dedicated_kms_managing_cluster_operations.htm,200,5904,KeyManagement__Tasks__dedicated_kms_managing_cluster_operations.md
02:33:08,https://docs.oracle.com/en-us/iaas/Content/KeyManagement/Tasks/dedicated_kms_moving_hsmcluster_resource.htm,200,9242,KeyManagement__Tasks__dedicated_kms_moving_hsmcluster_resource.md
02:33:09,https://docs.oracle.com/en-us/iaas/Content/KeyManagement/Tasks/dedicated_kms_pkcs_api_operations.htm,200,6189,KeyManagement__Tasks__dedicated_kms_pkcs_api_operations.md
02:33:10,https://docs.oracle.com/en-us/iaas/Content/KeyManagement/Tasks/dedicated_kms_pkcs_authentication.htm,200,6024,KeyManagement__Tasks__dedicated_kms_pkcs_authentication.md
02:33:11,https://docs.oracle.com/en-us/iaas/Content/KeyManagement/Tasks/dedicated_kms_pkcs_crypto_operations.htm,200,5836,KeyManagement__Tasks__dedicated_kms_pkcs_crypto_operations.md
02:33:12,https://docs.oracle.com/en-us/iaas/Content/KeyManagement/Tasks/dedicated_kms_pkcs_encrypt_decrypt.htm,200,6150,KeyManagement__Tasks__dedicated_kms_pkcs_encrypt_decrypt.md
02:33:13,https://docs.oracle.com/en-us/iaas/Content/KeyManagement/Tasks/dedicated_kms_pkcs_key_types.htm,200,7120,KeyManagement__Tasks__dedicated_kms_pkcs_key_types.md
02:33:14,https://docs.oracle.com/en-us/iaas/Content/KeyManagement/Tasks/dedicated_kms_pkcs_library.htm,200,6045,KeyManagement__Tasks__dedicated_kms_pkcs_library.md
02:33:14,https://docs.oracle.com/en-us/iaas/Content/KeyManagement/Tasks/dedicated_kms_pkcs_sign_verify.htm,200,6316,KeyManagement__Tasks__dedicated_kms_pkcs_sign_verify.md
02:33:15,https://docs.oracle.com/en-us/iaas/Content/KeyManagement/Tasks/dedicated_kms_pkcs_sym_key_pair.htm,200,5907,KeyManagement__Tasks__dedicated_kms_pkcs_sym_key_pair.md
02:33:17,https://docs.oracle.com/en-us/iaas/Content/KeyManagement/Tasks/dedicated_kms_pkcs_unwrap.htm,200,11433,KeyManagement__Tasks__dedicated_kms_pkcs_unwrap.md
02:33:18,https://docs.oracle.com/en-us/iaas/Content/KeyManagement/Tasks/dedicated_kms_pkcs_wrap_digest_function.htm,200,5716,KeyManagement__Tasks__dedicated_kms_pkcs_wrap_digest_function.md
02:33:19,https://docs.oracle.com/en-us/iaas/Content/KeyManagement/Tasks/dedicated_kms_pkcs_wrap_unwrap.htm,200,9372,KeyManagement__Tasks__dedicated_kms_pkcs_wrap_unwrap.md
02:33:20,https://docs.oracle.com/en-us/iaas/Content/KeyManagement/Tasks/dedicated_kms_renaming_hsm_cluster.htm,200,8880,KeyManagement__Tasks__dedicated_kms_renaming_hsm_cluster.md
02:33:21,https://docs.oracle.com/en-us/iaas/Content/KeyManagement/Tasks/dedicated_kms_security.htm,200,6793,KeyManagement__Tasks__dedicated_kms_security.md
02:33:21,https://docs.oracle.com/en-us/iaas/Content/KeyManagement/Tasks/dedicated_kms_signing_cert.htm,200,8825,KeyManagement__Tasks__dedicated_kms_signing_cert.md
02:33:22,https://docs.oracle.com/en-us/iaas/Content/KeyManagement/Tasks/dedicated_kms_uninstalling_client_components.htm,200,7246,KeyManagement__Tasks__dedicated_kms_uninstalling_client_components.md
02:33:23,https://docs.oracle.com/en-us/iaas/Content/KeyManagement/Tasks/dedicated_kms_uninstalling_client_components_windows.htm,200,6006,KeyManagement__Tasks__dedicated_kms_uninstalling_client_components_windows.md
02:33:25,https://docs.oracle.com/en-us/iaas/Content/KeyManagement/Tasks/dedicated_kms_user_mgmt_auth_pub_key.htm,200,9491,KeyManagement__Tasks__dedicated_kms_user_mgmt_auth_pub_key.md
02:33:26,https://docs.oracle.com/en-us/iaas/Content/KeyManagement/Tasks/dedicated_kms_user_mgmt_changing_pwd.htm,200,7805,KeyManagement__Tasks__dedicated_kms_user_mgmt_changing_pwd.md
02:33:26,https://docs.oracle.com/en-us/iaas/Content/KeyManagement/Tasks/dedicated_kms_user_mgmt_del_user.htm,200,8339,KeyManagement__Tasks__dedicated_kms_user_mgmt_del_user.md
02:33:28,https://docs.oracle.com/en-us/iaas/Content/KeyManagement/Tasks/dedicated_kms_user_mgmt_deregi_auth_pub_key.htm,200,10039,KeyManagement__Tasks__dedicated_kms_user_mgmt_deregi_auth_pub_key.md
02:33:29,https://docs.oracle.com/en-us/iaas/Content/KeyManagement/Tasks/dedicated_kms_user_mgmt_display_key_attribute.htm,200,7966,KeyManagement__Tasks__dedicated_kms_user_mgmt_display_key_attribute.md
02:33:30,https://docs.oracle.com/en-us/iaas/Content/KeyManagement/Tasks/dedicated_kms_user_mgmt_exit.htm,200,5930,KeyManagement__Tasks__dedicated_kms_user_mgmt_exit.md
02:33:31,https://docs.oracle.com/en-us/iaas/Content/KeyManagement/Tasks/dedicated_kms_user_mgmt_find_all_key_dita.htm,200,7943,KeyManagement__Tasks__dedicated_kms_user_mgmt_find_all_key_dita.md
02:33:33,https://docs.oracle.com/en-us/iaas/Content/KeyManagement/Tasks/dedicated_kms_user_mgmt_get_cert.htm,200,7450,KeyManagement__Tasks__dedicated_kms_user_mgmt_get_cert.md
02:33:34,https://docs.oracle.com/en-us/iaas/Content/KeyManagement/Tasks/dedicated_kms_user_mgmt_get_challenge.htm,200,8667,KeyManagement__Tasks__dedicated_kms_user_mgmt_get_challenge.md
02:33:35,https://docs.oracle.com/en-us/iaas/Content/KeyManagement/Tasks/dedicated_kms_user_mgmt_get_partition_info.htm,200,7813,KeyManagement__Tasks__dedicated_kms_user_mgmt_get_partition_info.md
02:33:36,https://docs.oracle.com/en-us/iaas/Content/KeyManagement/Tasks/dedicated_kms_user_mgmt_get_user_info_dita.htm,200,7879,KeyManagement__Tasks__dedicated_kms_user_mgmt_get_user_info_dita.md
02:33:37,https://docs.oracle.com/en-us/iaas/Content/KeyManagement/Tasks/dedicated_kms_user_mgmt_help.htm,200,7552,KeyManagement__Tasks__dedicated_kms_user_mgmt_help.md
02:33:38,https://docs.oracle.com/en-us/iaas/Content/KeyManagement/Tasks/dedicated_kms_user_mgmt_info.htm,200,7063,KeyManagement__Tasks__dedicated_kms_user_mgmt_info.md
02:33:39,https://docs.oracle.com/en-us/iaas/Content/KeyManagement/Tasks/dedicated_kms_user_mgmt_list_user_auth_pub_key.htm,200,9037,KeyManagement__Tasks__dedicated_kms_user_mgmt_list_user_auth_pub_key.md
02:33:40,https://docs.oracle.com/en-us/iaas/Content/KeyManagement/Tasks/dedicated_kms_user_mgmt_listing_user.htm,200,6682,KeyManagement__Tasks__dedicated_kms_user_mgmt_listing_user.md
02:33:41,https://docs.oracle.com/en-us/iaas/Content/KeyManagement/Tasks/dedicated_kms_user_mgmt_login.htm,200,7126,KeyManagement__Tasks__dedicated_kms_user_mgmt_login.md
02:33:42,https://docs.oracle.com/en-us/iaas/Content/KeyManagement/Tasks/dedicated_kms_user_mgmt_logout_hsm.htm,200,5927,KeyManagement__Tasks__dedicated_kms_user_mgmt_logout_hsm.md
02:33:43,https://docs.oracle.com/en-us/iaas/Content/KeyManagement/Tasks/dedicated_kms_user_mgmt_modify_key_owner.htm,200,8006,KeyManagement__Tasks__dedicated_kms_user_mgmt_modify_key_owner.md
02:33:44,https://docs.oracle.com/en-us/iaas/Content/KeyManagement/Tasks/dedicated_kms_user_mgmt_operations.htm,200,7532,KeyManagement__Tasks__dedicated_kms_user_mgmt_operations.md
02:33:45,https://docs.oracle.com/en-us/iaas/Content/KeyManagement/Tasks/dedicated_kms_user_mgmt_quit.htm,200,5952,KeyManagement__Tasks__dedicated_kms_user_mgmt_quit.md
02:33:46,https://docs.oracle.com/en-us/iaas/Content/KeyManagement/Tasks/dedicated_kms_user_mgmt_rest_user_auth_pub_key.htm,200,9642,KeyManagement__Tasks__dedicated_kms_user_mgmt_rest_user_auth_pub_key.md
02:33:47,https://docs.oracle.com/en-us/iaas/Content/KeyManagement/Tasks/dedicated_kms_user_mgmt_retriving_key.htm,200,7541,KeyManagement__Tasks__dedicated_kms_user_mgmt_retriving_key.md
02:33:48,https://docs.oracle.com/en-us/iaas/Content/KeyManagement/Tasks/dedicated_kms_user_mgmt_retriving_key_attribute.htm,200,7804,KeyManagement__Tasks__dedicated_kms_user_mgmt_retriving_key_attribute.md
02:33:49,https://docs.oracle.com/en-us/iaas/Content/KeyManagement/Tasks/dedicated_kms_user_mgmt_retriving_key_diff_map.htm,200,8261,KeyManagement__Tasks__dedicated_kms_user_mgmt_retriving_key_diff_map.md
02:33:50,https://docs.oracle.com/en-us/iaas/Content/KeyManagement/Tasks/dedicated_kms_user_mgmt_retriving_user_diff.htm,200,7379,KeyManagement__Tasks__dedicated_kms_user_mgmt_retriving_user_diff.md
02:33:51,https://docs.oracle.com/en-us/iaas/Content/KeyManagement/Tasks/dedicated_kms_user_mgmt_server.htm,200,6747,KeyManagement__Tasks__dedicated_kms_user_mgmt_server.md
02:33:52,https://docs.oracle.com/en-us/iaas/Content/KeyManagement/Tasks/dedicated_kms_user_mgmt_set_key_attribute.htm,200,8065,KeyManagement__Tasks__dedicated_kms_user_mgmt_set_key_attribute.md
02:33:53,https://docs.oracle.com/en-us/iaas/Content/KeyManagement/Tasks/dedicated_kms_user_mgmt_set_user_auth_pub_key.htm,200,10605,KeyManagement__Tasks__dedicated_kms_user_mgmt_set_user_auth_pub_key.md
02:33:54,https://docs.oracle.com/en-us/iaas/Content/KeyManagement/Tasks/dedicated_kms_user_mgmt_setting_user_attributes.htm,200,8564,KeyManagement__Tasks__dedicated_kms_user_mgmt_setting_user_attributes.md
02:33:55,https://docs.oracle.com/en-us/iaas/Content/KeyManagement/Tasks/dedicated_kms_user_mgmt_sync_key.htm,200,7078,KeyManagement__Tasks__dedicated_kms_user_mgmt_sync_key.md
02:33:57,https://docs.oracle.com/en-us/iaas/Content/KeyManagement/Tasks/dedicated_kms_user_mgmt_sync_user.htm,200,6173,KeyManagement__Tasks__dedicated_kms_user_mgmt_sync_user.md
02:33:57,https://docs.oracle.com/en-us/iaas/Content/KeyManagement/Tasks/dedicated_kms_user_mgmt_unlock_co_user.htm,200,7534,KeyManagement__Tasks__dedicated_kms_user_mgmt_unlock_co_user.md
02:33:59,https://docs.oracle.com/en-us/iaas/Content/KeyManagement/Tasks/dedicated_kms_user_mgmt_unlock_user.htm,200,8653,KeyManagement__Tasks__dedicated_kms_user_mgmt_unlock_user.md
02:34:00,https://docs.oracle.com/en-us/iaas/Content/KeyManagement/Tasks/dedicated_kms_user_mgmt_update_user_auth_pub_key.htm,200,9540,KeyManagement__Tasks__dedicated_kms_user_mgmt_update_user_auth_pub_key.md
02:34:01,https://docs.oracle.com/en-us/iaas/Content/KeyManagement/Tasks/dedicated_kms_user_mgmt_user_roles_types.htm,200,22141,KeyManagement__Tasks__dedicated_kms_user_mgmt_user_roles_types.md
02:34:02,https://docs.oracle.com/en-us/iaas/Content/KeyManagement/Tasks/dedicated_kms_view_preco_credentails.htm,200,8802,KeyManagement__Tasks__dedicated_kms_view_preco_credentails.md
02:34:03,https://docs.oracle.com/en-us/iaas/Content/KeyManagement/Tasks/dedicated_kms_windows_cng_ksp_code_sample.htm,200,10941,KeyManagement__Tasks__dedicated_kms_windows_cng_ksp_code_sample.md
02:34:04,https://docs.oracle.com/en-us/iaas/Content/KeyManagement/Tasks/dedicatedkms_provisioning_hsm_cluster.htm,200,7643,KeyManagement__Tasks__dedicatedkms_provisioning_hsm_cluster.md
02:34:05,https://docs.oracle.com/en-us/iaas/Content/KeyManagement/Tasks/dedocated_kms_fetching_hsm_partition_port_details.htm,200,8627,KeyManagement__Tasks__dedocated_kms_fetching_hsm_partition_port_details.md
02:34:07,https://docs.oracle.com/en-us/iaas/Content/KeyManagement/Tasks/dedocated_kms_getting_dns_name.htm,200,8437,KeyManagement__Tasks__dedocated_kms_getting_dns_name.md
02:34:08,https://docs.oracle.com/en-us/iaas/Content/KeyManagement/Tasks/dkms_adcs_integration.htm,200,16373,KeyManagement__Tasks__dkms_adcs_integration.md
02:34:09,https://docs.oracle.com/en-us/iaas/Content/KeyManagement/Tasks/dkms_cng_associated_key_with_certificate.htm,200,10024,KeyManagement__Tasks__dkms_cng_associated_key_with_certificate.md
02:34:11,https://docs.oracle.com/en-us/iaas/Content/KeyManagement/Tasks/dkms_configure_client_component_parameters.htm,200,14932,KeyManagement__Tasks__dkms_configure_client_component_parameters.md
02:34:12,https://docs.oracle.com/en-us/iaas/Content/KeyManagement/Tasks/dkms_downloads.htm,200,15173,KeyManagement__Tasks__dkms_downloads.md
02:34:13,https://docs.oracle.com/en-us/iaas/Content/KeyManagement/Tasks/dkms_installation_supported_system.htm,200,5912,KeyManagement__Tasks__dkms_installation_supported_system.md
02:34:14,https://docs.oracle.com/en-us/iaas/Content/KeyManagement/Tasks/dkms_installation_user_sll_config_win.htm,200,8256,KeyManagement__Tasks__dkms_installation_user_sll_config_win.md
02:34:15,https://docs.oracle.com/en-us/iaas/Content/KeyManagement/Tasks/dkms_jce-commands-jarsigner.htm,200,15695,KeyManagement__Tasks__dkms_jce-commands-jarsigner.md
02:34:16,https://docs.oracle.com/en-us/iaas/Content/KeyManagement/Tasks/dkms_jce-commands-keytool.htm,200,23663,KeyManagement__Tasks__dkms_jce-commands-keytool.md
02:34:18,https://docs.oracle.com/en-us/iaas/Content/KeyManagement/Tasks/dkms_jce-configure-env-variables.htm,200,9351,KeyManagement__Tasks__dkms_jce-configure-env-variables.md
02:34:19,https://docs.oracle.com/en-us/iaas/Content/KeyManagement/Tasks/dkms_jce-configure.htm,200,12723,KeyManagement__Tasks__dkms_jce-configure.md
02:34:20,https://docs.oracle.com/en-us/iaas/Content/KeyManagement/Tasks/dkms_jce-installing.htm,200,9138,KeyManagement__Tasks__dkms_jce-installing.md
02:34:20,https://docs.oracle.com/en-us/iaas/Content/KeyManagement/Tasks/dkms_jce-using_keytool_and_jarsigner.htm,200,6197,KeyManagement__Tasks__dkms_jce-using_keytool_and_jarsigner.md
02:34:21,https://docs.oracle.com/en-us/iaas/Content/KeyManagement/Tasks/dkms_key_mgmt_windows.htm,200,6451,KeyManagement__Tasks__dkms_key_mgmt_windows.md
02:34:22,https://docs.oracle.com/en-us/iaas/Content/KeyManagement/Tasks/dkms_launch_vm_windows.htm,200,7903,KeyManagement__Tasks__dkms_launch_vm_windows.md
02:34:23,https://docs.oracle.com/en-us/iaas/Content/KeyManagement/Tasks/dkms_linux_support.htm,200,8055,KeyManagement__Tasks__dkms_linux_support.md
02:34:24,https://docs.oracle.com/en-us/iaas/Content/KeyManagement/Tasks/dkms_register_cng.htm,200,6549,KeyManagement__Tasks__dkms_register_cng.md
02:34:25,https://docs.oracle.com/en-us/iaas/Content/KeyManagement/Tasks/dkms_register_ksp.htm,200,6606,KeyManagement__Tasks__dkms_register_ksp.md
02:34:26,https://docs.oracle.com/en-us/iaas/Content/KeyManagement/Tasks/dkms_start_windows_client_installer.htm,200,6444,KeyManagement__Tasks__dkms_start_windows_client_installer.md
02:34:27,https://docs.oracle.com/en-us/iaas/Content/KeyManagement/Tasks/dkms_uninstall_jce_provider_linux.htm,200,5891,KeyManagement__Tasks__dkms_uninstall_jce_provider_linux.md
02:34:29,https://docs.oracle.com/en-us/iaas/Content/KeyManagement/Tasks/dkms_windows_CLI_download_install.htm,200,13767,KeyManagement__Tasks__dkms_windows_CLI_download_install.md
02:34:30,https://docs.oracle.com/en-us/iaas/Content/KeyManagement/Tasks/dkms_windows_cng_ksp.htm,200,10054,KeyManagement__Tasks__dkms_windows_cng_ksp.md
02:34:31,https://docs.oracle.com/en-us/iaas/Content/KeyManagement/Tasks/ekms-listing-vaults.htm,200,12614,KeyManagement__Tasks__ekms-listing-vaults.md
02:34:32,https://docs.oracle.com/en-us/iaas/Content/KeyManagement/Tasks/ekms-private-endpoints.htm,200,6845,KeyManagement__Tasks__ekms-private-endpoints.md
02:34:33,https://docs.oracle.com/en-us/iaas/Content/KeyManagement/Tasks/ekms_cancelling_key_reference_deletion.htm,200,10635,KeyManagement__Tasks__ekms_cancelling_key_reference_deletion.md
02:34:34,https://docs.oracle.com/en-us/iaas/Content/KeyManagement/Tasks/ekms_configuring_fastconnect.htm,200,6788,KeyManagement__Tasks__ekms_configuring_fastconnect.md
02:34:35,https://docs.oracle.com/en-us/iaas/Content/KeyManagement/Tasks/ekms_configuring_iam_policies.htm,200,9181,KeyManagement__Tasks__ekms_configuring_iam_policies.md
02:34:36,https://docs.oracle.com/en-us/iaas/Content/KeyManagement/Tasks/ekms_create_api_gateway.htm,200,7813,KeyManagement__Tasks__ekms_create_api_gateway.md
02:34:37,https://docs.oracle.com/en-us/iaas/Content/KeyManagement/Tasks/ekms_create_key_references.htm,200,10764,KeyManagement__Tasks__ekms_create_key_references.md
02:34:38,https://docs.oracle.com/en-us/iaas/Content/KeyManagement/Tasks/ekms_create_vault.htm,200,12490,KeyManagement__Tasks__ekms_create_vault.md
02:34:39,https://docs.oracle.com/en-us/iaas/Content/KeyManagement/Tasks/ekms_creating_associate_client_app.htm,200,9039,KeyManagement__Tasks__ekms_creating_associate_client_app.md
02:34:40,https://docs.oracle.com/en-us/iaas/Content/KeyManagement/Tasks/ekms_creating_confidential_resource_app.htm,200,7713,KeyManagement__Tasks__ekms_creating_confidential_resource_app.md
02:34:41,https://docs.oracle.com/en-us/iaas/Content/KeyManagement/Tasks/ekms_creating_ekms_private_endpoint.htm,200,12356,KeyManagement__Tasks__ekms_creating_ekms_private_endpoint.md
02:34:43,https://docs.oracle.com/en-us/iaas/Content/KeyManagement/Tasks/ekms_creating_key_reference_version.htm,200,10128,KeyManagement__Tasks__ekms_creating_key_reference_version.md
02:34:43,https://docs.oracle.com/en-us/iaas/Content/KeyManagement/Tasks/ekms_decryption_data.htm,200,7065,KeyManagement__Tasks__ekms_decryption_data.md
02:34:44,https://docs.oracle.com/en-us/iaas/Content/KeyManagement/Tasks/ekms_deleting_ekms_private_endpoint.htm,200,9186,KeyManagement__Tasks__ekms_deleting_ekms_private_endpoint.md
02:34:45,https://docs.oracle.com/en-us/iaas/Content/KeyManagement/Tasks/ekms_deleting_key_references.htm,200,10921,KeyManagement__Tasks__ekms_deleting_key_references.md
02:34:46,https://docs.oracle.com/en-us/iaas/Content/KeyManagement/Tasks/ekms_deploy_api_gateway.htm,200,7895,KeyManagement__Tasks__ekms_deploy_api_gateway.md
02:34:47,https://docs.oracle.com/en-us/iaas/Content/KeyManagement/Tasks/ekms_deploying_ctm.htm,200,6148,KeyManagement__Tasks__ekms_deploying_ctm.md
02:34:49,https://docs.oracle.com/en-us/iaas/Content/KeyManagement/Tasks/ekms_disabling_key_references.htm,200,10521,KeyManagement__Tasks__ekms_disabling_key_references.md
02:34:50,https://docs.oracle.com/en-us/iaas/Content/KeyManagement/Tasks/ekms_encryption_data.htm,200,7067,KeyManagement__Tasks__ekms_encryption_data.md
02:34:51,https://docs.oracle.com/en-us/iaas/Content/KeyManagement/Tasks/ekms_generating_dek.htm,200,7196,KeyManagement__Tasks__ekms_generating_dek.md
02:34:52,https://docs.oracle.com/en-us/iaas/Content/KeyManagement/Tasks/ekms_getting_private_endpoint_details.htm,200,10167,KeyManagement__Tasks__ekms_getting_private_endpoint_details.md
02:34:53,https://docs.oracle.com/en-us/iaas/Content/KeyManagement/Tasks/ekms_managing_cryptographic_operations.htm,200,6499,KeyManagement__Tasks__ekms_managing_cryptographic_operations.md
02:34:54,https://docs.oracle.com/en-us/iaas/Content/KeyManagement/Tasks/ekms_managing_key_ref_prerequisites.htm,200,5530,KeyManagement__Tasks__ekms_managing_key_ref_prerequisites.md
02:34:56,https://docs.oracle.com/en-us/iaas/Content/KeyManagement/Tasks/ekms_managing_key_references.htm,200,8945,KeyManagement__Tasks__ekms_managing_key_references.md
02:34:57,https://docs.oracle.com/en-us/iaas/Content/KeyManagement/Tasks/ekms_managing_vault.htm,200,6528,KeyManagement__Tasks__ekms_managing_vault.md
02:34:57,https://docs.oracle.com/en-us/iaas/Content/KeyManagement/Tasks/ekms_modifying_ekms_private_endpoint.htm,200,9945,KeyManagement__Tasks__ekms_modifying_ekms_private_endpoint.md
02:34:58,https://docs.oracle.com/en-us/iaas/Content/KeyManagement/Tasks/ekms_moving_key_references.htm,200,10096,KeyManagement__Tasks__ekms_moving_key_references.md
02:35:00,https://docs.oracle.com/en-us/iaas/Content/KeyManagement/Tasks/ekms_onboarding.htm,200,9756,KeyManagement__Tasks__ekms_onboarding.md
02:35:01,https://docs.oracle.com/en-us/iaas/Content/KeyManagement/Tasks/ekms_registering_identity_provider.htm,200,7954,KeyManagement__Tasks__ekms_registering_identity_provider.md
02:35:02,https://docs.oracle.com/en-us/iaas/Content/KeyManagement/Tasks/ekms_rename_key_references.htm,200,10042,KeyManagement__Tasks__ekms_rename_key_references.md
02:35:02,https://docs.oracle.com/en-us/iaas/Content/KeyManagement/Tasks/ekms_renaming_vault.htm,200,8548,KeyManagement__Tasks__ekms_renaming_vault.md
02:35:03,https://docs.oracle.com/en-us/iaas/Content/KeyManagement/Tasks/ekms_replicate_vault-thales-vendor-api.htm,200,7671,KeyManagement__Tasks__ekms_replicate_vault-thales-vendor-api.md
02:35:05,https://docs.oracle.com/en-us/iaas/Content/KeyManagement/Tasks/ekms_replicate_vault.htm,200,9434,KeyManagement__Tasks__ekms_replicate_vault.md
02:35:06,https://docs.oracle.com/en-us/iaas/Content/KeyManagement/Tasks/ekms_replicate_vault_create_replica.htm,200,9123,KeyManagement__Tasks__ekms_replicate_vault_create_replica.md
02:35:07,https://docs.oracle.com/en-us/iaas/Content/KeyManagement/Tasks/ekms_replicate_vault_delete_replica.htm,200,9730,KeyManagement__Tasks__ekms_replicate_vault_delete_replica.md
02:35:08,https://docs.oracle.com/en-us/iaas/Content/KeyManagement/Tasks/ekms_replicate_vault_required_policies.htm,200,8123,KeyManagement__Tasks__ekms_replicate_vault_required_policies.md
02:35:09,https://docs.oracle.com/en-us/iaas/Content/KeyManagement/Tasks/ekms_replicate_vault_set_up.htm,200,8776,KeyManagement__Tasks__ekms_replicate_vault_set_up.md
02:35:10,https://docs.oracle.com/en-us/iaas/Content/KeyManagement/Tasks/ekms_replicate_vault_view_replica.htm,200,10588,KeyManagement__Tasks__ekms_replicate_vault_view_replica.md
02:35:12,https://docs.oracle.com/en-us/iaas/Content/KeyManagement/Tasks/ekms_replicate_vault_view_replica_keys.htm,200,6911,KeyManagement__Tasks__ekms_replicate_vault_view_replica_keys.md
02:35:13,https://docs.oracle.com/en-us/iaas/Content/KeyManagement/Tasks/ekms_rotating_key_references.htm,200,7933,KeyManagement__Tasks__ekms_rotating_key_references.md
02:35:14,https://docs.oracle.com/en-us/iaas/Content/KeyManagement/Tasks/ekms_setting_up_auth_authorization.htm,200,7192,KeyManagement__Tasks__ekms_setting_up_auth_authorization.md
02:35:15,https://docs.oracle.com/en-us/iaas/Content/KeyManagement/Tasks/ekms_setting_up_network_components.htm,200,15874,KeyManagement__Tasks__ekms_setting_up_network_components.md
02:35:16,https://docs.oracle.com/en-us/iaas/Content/KeyManagement/Tasks/ekms_setting_up_tls_connectivity.htm,200,5816,KeyManagement__Tasks__ekms_setting_up_tls_connectivity.md
02:35:17,https://docs.oracle.com/en-us/iaas/Content/KeyManagement/Tasks/ekms_tls_connectivity_using_fqdn.htm,200,11796,KeyManagement__Tasks__ekms_tls_connectivity_using_fqdn.md
02:35:18,https://docs.oracle.com/en-us/iaas/Content/KeyManagement/Tasks/ekms_tls_connectivity_using_static_ip.htm,200,6088,KeyManagement__Tasks__ekms_tls_connectivity_using_static_ip.md
02:35:19,https://docs.oracle.com/en-us/iaas/Content/KeyManagement/Tasks/event_notification.htm,200,26645,KeyManagement__Tasks__event_notification.md
02:35:21,https://docs.oracle.com/en-us/iaas/Content/KeyManagement/Tasks/exportingkeys.htm,200,11792,KeyManagement__Tasks__exportingkeys.md
02:35:22,https://docs.oracle.com/en-us/iaas/Content/KeyManagement/Tasks/exportingkeys_topic-To_export_a_key_by_applying_rsa_oaep_with_a_temporary_aes_key.htm,200,13112,KeyManagement__Tasks__exportingkeys_topic-To_export_a_key_by_applying_rsa_oaep_with_a_temporary_aes_key.md
02:35:23,https://docs.oracle.com/en-us/iaas/Content/KeyManagement/Tasks/exportingkeys_topic-To_export_a_key_by_applying_rsa_oaep_without_a_temporary_aes_key.htm,200,13151,KeyManagement__Tasks__exportingkeys_topic-To_export_a_key_by_applying_rsa_oaep_without_a_temporary_aes_key.md
02:35:24,https://docs.oracle.com/en-us/iaas/Content/KeyManagement/Tasks/external_key_management.htm,200,14814,KeyManagement__Tasks__external_key_management.md
02:35:25,https://docs.oracle.com/en-us/iaas/Content/KeyManagement/Tasks/external_kms_fqdn_setting_up_dns_resolver.htm,200,6439,KeyManagement__Tasks__external_kms_fqdn_setting_up_dns_resolver.md
02:35:26,https://docs.oracle.com/en-us/iaas/Content/KeyManagement/Tasks/importing_assymetric_keys.htm,200,8031,KeyManagement__Tasks__importing_assymetric_keys.md
02:35:28,https://docs.oracle.com/en-us/iaas/Content/KeyManagement/Tasks/importing_asymmetric_keys_topic_script_to_import_rsa_key_material_as_a_new_external_key.htm,200,9742,KeyManagement__Tasks__importing_asymmetric_keys_topic_script_to_import_rsa_key_material_as_a_new_external_key.md
02:35:29,https://docs.oracle.com/en-us/iaas/Content/KeyManagement/Tasks/importing_asymmetric_keys_topic_script_to_import_rsa_key_material_as_a_new_external_key_version.htm,200,9663,KeyManagement__Tasks__importing_asymmetric_keys_topic_script_to_import_rsa_key_material_as_a_new_external_key_version.md
02:35:30,https://docs.oracle.com/en-us/iaas/Content/KeyManagement/Tasks/importing_asymmetric_keys_topic_to_apply_rsa_oaep_with_aes_to_wrap_the_key_material.htm,200,10307,KeyManagement__Tasks__importing_asymmetric_keys_topic_to_apply_rsa_oaep_with_aes_to_wrap_the_key_material.md
02:35:31,https://docs.oracle.com/en-us/iaas/Content/KeyManagement/Tasks/importing_asymmetric_keys_topic_to_import_the_key_material_as_a_new_external_key.htm,200,11809,KeyManagement__Tasks__importing_asymmetric_keys_topic_to_import_the_key_material_as_a_new_external_key.md
02:35:33,https://docs.oracle.com/en-us/iaas/Content/KeyManagement/Tasks/importing_asymmetric_keys_topic_to_import_the_key_material_as_a_new_external_key_version.htm,200,10075,KeyManagement__Tasks__importing_asymmetric_keys_topic_to_import_the_key_material_as_a_new_external_key_version.md
02:35:33,https://docs.oracle.com/en-us/iaas/Content/KeyManagement/Tasks/importing_symmetric_keys.htm,200,7499,KeyManagement__Tasks__importing_symmetric_keys.md
02:35:34,https://docs.oracle.com/en-us/iaas/Content/KeyManagement/Tasks/importingkeys.htm,200,16064,KeyManagement__Tasks__importingkeys.md
02:35:35,https://docs.oracle.com/en-us/iaas/Content/KeyManagement/Tasks/importingkeys_topic-To_apply_RSAOAEP_to_wrap_the_key_material.htm,200,7608,KeyManagement__Tasks__importingkeys_topic-To_apply_RSAOAEP_to_wrap_the_key_material.md
02:35:36,https://docs.oracle.com/en-us/iaas/Content/KeyManagement/Tasks/importingkeys_topic-To_get_the_public_RSA_wrapping_key.htm,200,9988,KeyManagement__Tasks__importingkeys_topic-To_get_the_public_RSA_wrapping_key.md
02:35:37,https://docs.oracle.com/en-us/iaas/Content/KeyManagement/Tasks/importingkeys_topic-To_import_aes_key_material_as_a_new_external_key.htm,200,8246,KeyManagement__Tasks__importingkeys_topic-To_import_aes_key_material_as_a_new_external_key.md
02:35:38,https://docs.oracle.com/en-us/iaas/Content/KeyManagement/Tasks/importingkeys_topic-To_import_aes_key_material_as_a_new_external_key_version.htm,200,8279,KeyManagement__Tasks__importingkeys_topic-To_import_aes_key_material_as_a_new_external_key_version.md
02:35:39,https://docs.oracle.com/en-us/iaas/Content/KeyManagement/Tasks/importingkeys_topic-To_import_the_key_material_as_a_new_external_key.htm,200,11843,KeyManagement__Tasks__importingkeys_topic-To_import_the_key_material_as_a_new_external_key.md
02:35:40,https://docs.oracle.com/en-us/iaas/Content/KeyManagement/Tasks/importingkeys_topic-To_import_the_key_material_as_a_new_external_key_version.htm,200,10004,KeyManagement__Tasks__importingkeys_topic-To_import_the_key_material_as_a_new_external_key_version.md
02:35:42,https://docs.oracle.com/en-us/iaas/Content/KeyManagement/Tasks/kms_policy_compliance.htm,200,17582,KeyManagement__Tasks__kms_policy_compliance.md
02:35:43,https://docs.oracle.com/en-us/iaas/Content/KeyManagement/Tasks/managing-keys-get-key-version.htm,200,10038,KeyManagement__Tasks__managing-keys-get-key-version.md
02:35:45,https://docs.oracle.com/en-us/iaas/Content/KeyManagement/Tasks/managingkeys-usage.htm,200,18030,KeyManagement__Tasks__managingkeys-usage.md
02:35:46,https://docs.oracle.com/en-us/iaas/Content/KeyManagement/Tasks/managingkeys.htm,200,12829,KeyManagement__Tasks__managingkeys.md
02:35:47,https://docs.oracle.com/en-us/iaas/Content/KeyManagement/Tasks/managingkeys_topic-To_cancel_the_deletion_of_a_key.htm,200,10065,KeyManagement__Tasks__managingkeys_topic-To_cancel_the_deletion_of_a_key.md
02:35:48,https://docs.oracle.com/en-us/iaas/Content/KeyManagement/Tasks/managingkeys_topic-To_change_the_name_of_a_key.htm,200,9441,KeyManagement__Tasks__managingkeys_topic-To_change_the_name_of_a_key.md
02:35:49,https://docs.oracle.com/en-us/iaas/Content/KeyManagement/Tasks/managingkeys_topic-To_create_a_new_key.htm,200,16795,KeyManagement__Tasks__managingkeys_topic-To_create_a_new_key.md
02:35:50,https://docs.oracle.com/en-us/iaas/Content/KeyManagement/Tasks/managingkeys_topic-To_delete_a_key.htm,200,13453,KeyManagement__Tasks__managingkeys_topic-To_delete_a_key.md
02:35:52,https://docs.oracle.com/en-us/iaas/Content/KeyManagement/Tasks/managingkeys_topic-To_disable_a_key.htm,200,9439,KeyManagement__Tasks__managingkeys_topic-To_disable_a_key.md
02:35:53,https://docs.oracle.com/en-us/iaas/Content/KeyManagement/Tasks/managingkeys_topic-To_enable_a_key.htm,200,8666,KeyManagement__Tasks__managingkeys_topic-To_enable_a_key.md
02:35:54,https://docs.oracle.com/en-us/iaas/Content/KeyManagement/Tasks/managingkeys_topic-To_move_a_key_to_a_different_compartment.htm,200,9711,KeyManagement__Tasks__managingkeys_topic-To_move_a_key_to_a_different_compartment.md
02:35:55,https://docs.oracle.com/en-us/iaas/Content/KeyManagement/Tasks/managingkeys_topic-To_rotate_a_master_encryption_key.htm,200,12404,KeyManagement__Tasks__managingkeys_topic-To_rotate_a_master_encryption_key.md
02:35:56,https://docs.oracle.com/en-us/iaas/Content/KeyManagement/Tasks/managingkeys_topic-To_view_a_list_of_key_versions.htm,200,9152,KeyManagement__Tasks__managingkeys_topic-To_view_a_list_of_key_versions.md
02:35:57,https://docs.oracle.com/en-us/iaas/Content/KeyManagement/Tasks/managingkeys_topic-To_view_a_list_of_keys.htm,200,14629,KeyManagement__Tasks__managingkeys_topic-To_view_a_list_of_keys.md
02:35:58,https://docs.oracle.com/en-us/iaas/Content/KeyManagement/Tasks/managingkeys_topic-To_view_key_details.htm,200,10851,KeyManagement__Tasks__managingkeys_topic-To_view_key_details.md
02:35:59,https://docs.oracle.com/en-us/iaas/Content/KeyManagement/Tasks/managingsecrets.htm,200,5687,KeyManagement__Tasks__managingsecrets.md
02:36:00,https://docs.oracle.com/en-us/iaas/Content/KeyManagement/Tasks/managingvaults-deleting-vault-replicas.htm,200,8220,KeyManagement__Tasks__managingvaults-deleting-vault-replicas.md
02:36:01,https://docs.oracle.com/en-us/iaas/Content/KeyManagement/Tasks/managingvaults-listing-vaults.htm,200,12013,KeyManagement__Tasks__managingvaults-listing-vaults.md
02:36:03,https://docs.oracle.com/en-us/iaas/Content/KeyManagement/Tasks/managingvaults.htm,200,11824,KeyManagement__Tasks__managingvaults.md
02:36:04,https://docs.oracle.com/en-us/iaas/Content/KeyManagement/Tasks/managingvaults_topic-To_cancel_the_deletion_of_a_vault.htm,200,8039,KeyManagement__Tasks__managingvaults_topic-To_cancel_the_deletion_of_a_vault.md
02:36:05,https://docs.oracle.com/en-us/iaas/Content/KeyManagement/Tasks/managingvaults_topic-To_create_a_new_vault.htm,200,9737,KeyManagement__Tasks__managingvaults_topic-To_create_a_new_vault.md
02:36:06,https://docs.oracle.com/en-us/iaas/Content/KeyManagement/Tasks/managingvaults_topic-To_delete_a_vault.htm,200,9224,KeyManagement__Tasks__managingvaults_topic-To_delete_a_vault.md
02:36:07,https://docs.oracle.com/en-us/iaas/Content/KeyManagement/Tasks/managingvaults_topic-To_move_a_vault_to_a_different_compartment.htm,200,8322,KeyManagement__Tasks__managingvaults_topic-To_move_a_vault_to_a_different_compartment.md
02:36:08,https://docs.oracle.com/en-us/iaas/Content/KeyManagement/Tasks/managingvaults_topic-To_view_vault_configuration_details.htm,200,9699,KeyManagement__Tasks__managingvaults_topic-To_view_vault_configuration_details.md
02:36:09,https://docs.oracle.com/en-us/iaas/Content/KeyManagement/Tasks/private-endpoints-list.htm,200,7594,KeyManagement__Tasks__private-endpoints-list.md
02:36:11,https://docs.oracle.com/en-us/iaas/Content/KeyManagement/Tasks/replicatingvaults.htm,200,14180,KeyManagement__Tasks__replicatingvaults.md
02:36:12,https://docs.oracle.com/en-us/iaas/Content/KeyManagement/Tasks/replicatingvaults_topic-To_create_a_vault_replica.htm,200,10505,KeyManagement__Tasks__replicatingvaults_topic-To_create_a_vault_replica.md
02:36:13,https://docs.oracle.com/en-us/iaas/Content/KeyManagement/Tasks/replicatingvaults_topic-To_view_a_vault_replicas_details.htm,200,9308,KeyManagement__Tasks__replicatingvaults_topic-To_view_a_vault_replicas_details.md
02:36:14,https://docs.oracle.com/en-us/iaas/Content/KeyManagement/Tasks/replicatingvaults_topic-To_view_the_keys_in_a_vault_replica.htm,200,6167,KeyManagement__Tasks__replicatingvaults_topic-To_view_the_keys_in_a_vault_replica.md
02:36:15,https://docs.oracle.com/en-us/iaas/Content/KeyManagement/Tasks/sharedkey_dita.htm,200,8179,KeyManagement__Tasks__sharedkey_dita.md
02:36:16,https://docs.oracle.com/en-us/iaas/Content/KeyManagement/Tasks/tasks_dedicated_kms_uploading_cert.htm,200,10496,KeyManagement__Tasks__tasks_dedicated_kms_uploading_cert.md
02:36:17,https://docs.oracle.com/en-us/iaas/Content/KeyManagement/Tasks/tasks_ekms_how_it_works.htm,200,8073,KeyManagement__Tasks__tasks_ekms_how_it_works.md
02:36:19,https://docs.oracle.com/en-us/iaas/Content/KeyManagement/Tasks/tasks_managingvaults_rename_a_vault_dita.htm,200,8500,KeyManagement__Tasks__tasks_managingvaults_rename_a_vault_dita.md
02:36:20,https://docs.oracle.com/en-us/iaas/Content/KeyManagement/Tasks/tasks_managingvaults_topic_get_vault_details.htm,200,8847,KeyManagement__Tasks__tasks_managingvaults_topic_get_vault_details.md
02:36:21,https://docs.oracle.com/en-us/iaas/Content/KeyManagement/Tasks/tasks_tasks_managingkeys_topic_edit_auto_key_rotation.htm,200,11758,KeyManagement__Tasks__tasks_tasks_managingkeys_topic_edit_auto_key_rotation.md
02:36:22,https://docs.oracle.com/en-us/iaas/Content/KeyManagement/Tasks/to_configure_and_patch_openssl.htm,200,12255,KeyManagement__Tasks__to_configure_and_patch_openssl.md
02:36:23,https://docs.oracle.com/en-us/iaas/Content/KeyManagement/Tasks/usingkeys.htm,200,12543,KeyManagement__Tasks__usingkeys.md
02:36:24,https://docs.oracle.com/en-us/iaas/Content/KeyManagement/Tasks/usingkeys_topic-To_decrypt_data_by_using_your_Vault_master_encryption_key.htm,200,10598,KeyManagement__Tasks__usingkeys_topic-To_decrypt_data_by_using_your_Vault_master_encryption_key.md
02:36:25,https://docs.oracle.com/en-us/iaas/Content/KeyManagement/Tasks/usingkeys_topic-To_encrypt_data_by_using_your_Vault_master_encryption_key.htm,200,11857,KeyManagement__Tasks__usingkeys_topic-To_encrypt_data_by_using_your_Vault_master_encryption_key.md
02:36:26,https://docs.oracle.com/en-us/iaas/Content/KeyManagement/Tasks/usingkeys_topic-To_generate_a_data_encryption_key_from_your_Vault_master_encryption_key.htm,200,9780,KeyManagement__Tasks__usingkeys_topic-To_generate_a_data_encryption_key_from_your_Vault_master_encryption_key.md
02:36:27,https://docs.oracle.com/en-us/iaas/Content/KeyManagement/Tasks/usingkeys_topic-To_sign_data_by_using_your_Vault_master_encryption_key.htm,200,9112,KeyManagement__Tasks__usingkeys_topic-To_sign_data_by_using_your_Vault_master_encryption_key.md
02:36:29,https://docs.oracle.com/en-us/iaas/Content/KeyManagement/Tasks/usingkeys_topic-To_verify_signed_data_by_using_your_Vault_master_encryption_key.htm,200,9346,KeyManagement__Tasks__usingkeys_topic-To_verify_signed_data_by_using_your_Vault_master_encryption_key.md
02:36:30,https://docs.oracle.com/en-us/iaas/Content/KeyManagement/Tasks/usingkeys_topic-To_view_the_public_key_of_an_asymmetric_key.htm,200,10176,KeyManagement__Tasks__usingkeys_topic-To_view_the_public_key_of_an_asymmetric_key.md
02:36:31,https://docs.oracle.com/en-us/iaas/Content/KeyManagement/home.htm,200,12366,KeyManagement__home.md
02:36:33,https://docs.oracle.com/en-us/iaas/Content/Logging/Concepts/agent_management.htm,200,16628,Logging__Concepts__agent_management.md
02:36:33,https://docs.oracle.com/en-us/iaas/Content/Logging/Concepts/audit_logs.htm,200,13857,Logging__Concepts__audit_logs.md
02:36:34,https://docs.oracle.com/en-us/iaas/Content/Logging/Concepts/connectors.htm,200,42973,Logging__Concepts__connectors.md
02:36:35,https://docs.oracle.com/en-us/iaas/Content/Logging/Concepts/custom_logs.htm,200,14073,Logging__Concepts__custom_logs.md
02:36:36,https://docs.oracle.com/en-us/iaas/Content/Logging/Concepts/custom_logs_multihost.htm,200,8993,Logging__Concepts__custom_logs_multihost.md
02:36:37,https://docs.oracle.com/en-us/iaas/Content/Logging/Concepts/legacy_archival.htm,200,5798,Logging__Concepts__legacy_archival.md
02:36:38,https://docs.oracle.com/en-us/iaas/Content/Logging/Concepts/log_destination.htm,200,6092,Logging__Concepts__log_destination.md
02:36:39,https://docs.oracle.com/en-us/iaas/Content/Logging/Concepts/log_inputs_and_parsers.htm,200,9479,Logging__Concepts__log_inputs_and_parsers.md
02:36:40,https://docs.oracle.com/en-us/iaas/Content/Logging/Concepts/loggingoverview.htm,200,24900,Logging__Concepts__loggingoverview.md
02:36:41,https://docs.oracle.com/en-us/iaas/Content/Logging/Concepts/multiregion_search.htm,200,8087,Logging__Concepts__multiregion_search.md
02:36:42,https://docs.oracle.com/en-us/iaas/Content/Logging/Concepts/searchinglogs.htm,200,20584,Logging__Concepts__searchinglogs.md
02:36:44,https://docs.oracle.com/en-us/iaas/Content/Logging/Concepts/service_logs.htm,200,6577,Logging__Concepts__service_logs.md
02:36:45,https://docs.oracle.com/en-us/iaas/Content/Logging/Concepts/using_the_api_customlogs.htm,200,6579,Logging__Concepts__using_the_api_customlogs.md
02:36:46,https://docs.oracle.com/en-us/iaas/Content/Logging/Concepts/using_the_api_searchlogs.htm,200,20303,Logging__Concepts__using_the_api_searchlogs.md
02:36:47,https://docs.oracle.com/en-us/iaas/Content/Logging/Concepts/viewing_custom_logs_acceptance_rate.htm,200,7924,Logging__Concepts__viewing_custom_logs_acceptance_rate.md
02:36:48,https://docs.oracle.com/en-us/iaas/Content/Logging/Concepts/viewing_custom_logs_in_a_compute_instance.htm,200,8756,Logging__Concepts__viewing_custom_logs_in_a_compute_instance.md
02:36:49,https://docs.oracle.com/en-us/iaas/Content/Logging/Concepts/visualize_search_results.htm,200,12234,Logging__Concepts__visualize_search_results.md
02:36:50,https://docs.oracle.com/en-us/iaas/Content/Logging/Concepts/work_with_search_results.htm,200,17344,Logging__Concepts__work_with_search_results.md
02:36:52,https://docs.oracle.com/en-us/iaas/Content/Logging/Reference/autonomousdb-dedicatedexadata.htm,200,28673,Logging__Reference__autonomousdb-dedicatedexadata.md
02:36:53,https://docs.oracle.com/en-us/iaas/Content/Logging/Reference/details-for-apm.htm,200,16137,Logging__Reference__details-for-apm.md
02:36:55,https://docs.oracle.com/en-us/iaas/Content/Logging/Reference/details-for-dataflow.htm,200,15828,Logging__Reference__details-for-dataflow.md
02:36:55,https://docs.oracle.com/en-us/iaas/Content/Logging/Reference/details-for-dataintegration.htm,200,5602,Logging__Reference__details-for-dataintegration.md
02:36:56,https://docs.oracle.com/en-us/iaas/Content/Logging/Reference/details-for-ocicache.htm,200,12304,Logging__Reference__details-for-ocicache.md
02:36:58,https://docs.oracle.com/en-us/iaas/Content/Logging/Reference/details-for-service-connector-hub.htm,200,14448,Logging__Reference__details-for-service-connector-hub.md
02:36:59,https://docs.oracle.com/en-us/iaas/Content/Logging/Reference/details_for_analyticscloud.htm,200,5615,Logging__Reference__details_for_analyticscloud.md
02:37:00,https://docs.oracle.com/en-us/iaas/Content/Logging/Reference/details_for_api_gateway.htm,200,50918,Logging__Reference__details_for_api_gateway.md
02:37:01,https://docs.oracle.com/en-us/iaas/Content/Logging/Reference/details_for_cloud-guard.htm,200,13472,Logging__Reference__details_for_cloud-guard.md
02:37:02,https://docs.oracle.com/en-us/iaas/Content/Logging/Reference/details_for_compute_cloud_at_customer.htm,200,20714,Logging__Reference__details_for_compute_cloud_at_customer.md
02:37:04,https://docs.oracle.com/en-us/iaas/Content/Logging/Reference/details_for_container-engine.htm,200,6621,Logging__Reference__details_for_container-engine.md
02:37:05,https://docs.oracle.com/en-us/iaas/Content/Logging/Reference/details_for_database_tools.htm,200,20137,Logging__Reference__details_for_database_tools.md
02:37:06,https://docs.oracle.com/en-us/iaas/Content/Logging/Reference/details_for_devops.htm,200,24172,Logging__Reference__details_for_devops.md
02:37:08,https://docs.oracle.com/en-us/iaas/Content/Logging/Reference/details_for_emaildelivery.htm,200,51546,Logging__Reference__details_for_emaildelivery.md
02:37:09,https://docs.oracle.com/en-us/iaas/Content/Logging/Reference/details_for_events.htm,200,12723,Logging__Reference__details_for_events.md
02:37:10,https://docs.oracle.com/en-us/iaas/Content/Logging/Reference/details_for_file_storage.htm,200,9880,Logging__Reference__details_for_file_storage.md
02:37:11,https://docs.oracle.com/en-us/iaas/Content/Logging/Reference/details_for_functions.htm,200,16982,Logging__Reference__details_for_functions.md
02:37:12,https://docs.oracle.com/en-us/iaas/Content/Logging/Reference/details_for_goldengate.htm,200,13737,Logging__Reference__details_for_goldengate.md
02:37:14,https://docs.oracle.com/en-us/iaas/Content/Logging/Reference/details_for_integration.htm,200,17125,Logging__Reference__details_for_integration.md
02:37:15,https://docs.oracle.com/en-us/iaas/Content/Logging/Reference/details_for_integrationgen3.htm,200,16367,Logging__Reference__details_for_integrationgen3.md
02:37:16,https://docs.oracle.com/en-us/iaas/Content/Logging/Reference/details_for_kms.htm,200,10827,Logging__Reference__details_for_kms.md
02:37:17,https://docs.oracle.com/en-us/iaas/Content/Logging/Reference/details_for_lbwaf.htm,200,23377,Logging__Reference__details_for_lbwaf.md
02:37:18,https://docs.oracle.com/en-us/iaas/Content/Logging/Reference/details_for_load_balancer_logs.htm,200,38359,Logging__Reference__details_for_load_balancer_logs.md
02:37:19,https://docs.oracle.com/en-us/iaas/Content/Logging/Reference/details_for_media_flow.htm,200,16579,Logging__Reference__details_for_media_flow.md
02:37:20,https://docs.oracle.com/en-us/iaas/Content/Logging/Reference/details_for_networkfirewall.htm,200,43763,Logging__Reference__details_for_networkfirewall.md
02:37:22,https://docs.oracle.com/en-us/iaas/Content/Logging/Reference/details_for_object_storage.htm,200,19247,Logging__Reference__details_for_object_storage.md
02:37:23,https://docs.oracle.com/en-us/iaas/Content/Logging/Reference/details_for_oci-database-w-postgresql.htm,200,5662,Logging__Reference__details_for_oci-database-w-postgresql.md
02:37:24,https://docs.oracle.com/en-us/iaas/Content/Logging/Reference/details_for_privatedns.htm,200,29625,Logging__Reference__details_for_privatedns.md
02:37:25,https://docs.oracle.com/en-us/iaas/Content/Logging/Reference/details_for_vcn_flow_logs.htm,200,26476,Logging__Reference__details_for_vcn_flow_logs.md
02:37:26,https://docs.oracle.com/en-us/iaas/Content/Logging/Reference/details_for_vpn_connect.htm,200,16676,Logging__Reference__details_for_vpn_connect.md
02:37:27,https://docs.oracle.com/en-us/iaas/Content/Logging/Reference/query_language_specification.htm,200,38971,Logging__Reference__query_language_specification.md
02:37:28,https://docs.oracle.com/en-us/iaas/Content/Logging/Reference/service_log_reference.htm,200,10622,Logging__Reference__service_log_reference.md
02:37:29,https://docs.oracle.com/en-us/iaas/Content/Logging/Reference/top_level_logging_format.htm,200,20295,Logging__Reference__top_level_logging_format.md
02:37:30,https://docs.oracle.com/en-us/iaas/Content/Logging/Task/agent-configuration-management.htm,200,10885,Logging__Task__agent-configuration-management.md
02:37:30,https://docs.oracle.com/en-us/iaas/Content/Logging/Task/agent_config_commands.htm,200,9154,Logging__Task__agent_config_commands.md
02:37:31,https://docs.oracle.com/en-us/iaas/Content/Logging/Task/change-compartment-log-saved-search.htm,200,8798,Logging__Task__change-compartment-log-saved-search.md
02:37:32,https://docs.oracle.com/en-us/iaas/Content/Logging/Task/change-compartment-logging-agent-configuration.htm,200,8344,Logging__Task__change-compartment-logging-agent-configuration.md
02:37:33,https://docs.oracle.com/en-us/iaas/Content/Logging/Task/change-compartment-logging-log-group.htm,200,9402,Logging__Task__change-compartment-logging-log-group.md
02:37:34,https://docs.oracle.com/en-us/iaas/Content/Logging/Task/change-log-group-logging-log.htm,200,8626,Logging__Task__change-log-group-logging-log.md
02:37:35,https://docs.oracle.com/en-us/iaas/Content/Logging/Task/create-log-logging-agent-configuration.htm,200,7456,Logging__Task__create-log-logging-agent-configuration.md
02:37:37,https://docs.oracle.com/en-us/iaas/Content/Logging/Task/create-log-saved-search.htm,200,11192,Logging__Task__create-log-saved-search.md
02:37:38,https://docs.oracle.com/en-us/iaas/Content/Logging/Task/create-logging-agent-configuration.htm,200,20543,Logging__Task__create-logging-agent-configuration.md
02:37:39,https://docs.oracle.com/en-us/iaas/Content/Logging/Task/create-logging-log-group.htm,200,9041,Logging__Task__create-logging-log-group.md
02:37:40,https://docs.oracle.com/en-us/iaas/Content/Logging/Task/create-logging-log.htm,200,15483,Logging__Task__create-logging-log.md
02:37:41,https://docs.oracle.com/en-us/iaas/Content/Logging/Task/delete-log-saved-search.htm,200,7901,Logging__Task__delete-log-saved-search.md
02:37:42,https://docs.oracle.com/en-us/iaas/Content/Logging/Task/delete-logging-agent-configuration.htm,200,8085,Logging__Task__delete-logging-agent-configuration.md
02:37:43,https://docs.oracle.com/en-us/iaas/Content/Logging/Task/delete-logging-log-group.htm,200,7971,Logging__Task__delete-logging-log-group.md
02:37:44,https://docs.oracle.com/en-us/iaas/Content/Logging/Task/delete-logging-log.htm,200,7855,Logging__Task__delete-logging-log.md
02:37:46,https://docs.oracle.com/en-us/iaas/Content/Logging/Task/delete-logging-work-request.htm,200,7057,Logging__Task__delete-logging-work-request.md
02:37:46,https://docs.oracle.com/en-us/iaas/Content/Logging/Task/enabling_logging.htm,200,19022,Logging__Task__enabling_logging.md
02:37:47,https://docs.oracle.com/en-us/iaas/Content/Logging/Task/functions_eg.htm,200,6268,Logging__Task__functions_eg.md
02:37:48,https://docs.oracle.com/en-us/iaas/Content/Logging/Task/get-log-saved-search.htm,200,8895,Logging__Task__get-log-saved-search.md
02:37:50,https://docs.oracle.com/en-us/iaas/Content/Logging/Task/get-logging-agent-configuration.htm,200,11722,Logging__Task__get-logging-agent-configuration.md
02:37:51,https://docs.oracle.com/en-us/iaas/Content/Logging/Task/get-logging-log-group.htm,200,7541,Logging__Task__get-logging-log-group.md
02:37:52,https://docs.oracle.com/en-us/iaas/Content/Logging/Task/get-logging-log.htm,200,10685,Logging__Task__get-logging-log.md
02:37:53,https://docs.oracle.com/en-us/iaas/Content/Logging/Task/get-logging-work-request.htm,200,7026,Logging__Task__get-logging-work-request.md
02:37:55,https://docs.oracle.com/en-us/iaas/Content/Logging/Task/installing_the_agent.htm,200,38863,Logging__Task__installing_the_agent.md
02:37:56,https://docs.oracle.com/en-us/iaas/Content/Logging/Task/list-log-saved-search.htm,200,7667,Logging__Task__list-log-saved-search.md
02:37:57,https://docs.oracle.com/en-us/iaas/Content/Logging/Task/list-logging-agent-configuration.htm,200,7887,Logging__Task__list-logging-agent-configuration.md
02:37:58,https://docs.oracle.com/en-us/iaas/Content/Logging/Task/list-logging-log-group.htm,200,10840,Logging__Task__list-logging-log-group.md
02:37:59,https://docs.oracle.com/en-us/iaas/Content/Logging/Task/list-logging-log.htm,200,10663,Logging__Task__list-logging-log.md
02:38:00,https://docs.oracle.com/en-us/iaas/Content/Logging/Task/list-logging-service.htm,200,7667,Logging__Task__list-logging-service.md
02:38:01,https://docs.oracle.com/en-us/iaas/Content/Logging/Task/list-logging-work-request-error.htm,200,7078,Logging__Task__list-logging-work-request-error.md
02:38:02,https://docs.oracle.com/en-us/iaas/Content/Logging/Task/list-logging-work-request-log.htm,200,7052,Logging__Task__list-logging-work-request-log.md
02:38:03,https://docs.oracle.com/en-us/iaas/Content/Logging/Task/list-logging-work-request.htm,200,7039,Logging__Task__list-logging-work-request.md
02:38:04,https://docs.oracle.com/en-us/iaas/Content/Logging/Task/log-group-management.htm,200,6653,Logging__Task__log-group-management.md
02:38:06,https://docs.oracle.com/en-us/iaas/Content/Logging/Task/log-included-search-management.htm,200,9008,Logging__Task__log-included-search-management.md
02:38:07,https://docs.oracle.com/en-us/iaas/Content/Logging/Task/log-management.htm,200,9649,Logging__Task__log-management.md
02:38:08,https://docs.oracle.com/en-us/iaas/Content/Logging/Task/log-saved-search-management.htm,200,6880,Logging__Task__log-saved-search-management.md
02:38:09,https://docs.oracle.com/en-us/iaas/Content/Logging/Task/log-work-request-management.htm,200,6566,Logging__Task__log-work-request-management.md
02:38:10,https://docs.oracle.com/en-us/iaas/Content/Logging/Task/log_commands.htm,200,8414,Logging__Task__log_commands.md
02:38:11,https://docs.oracle.com/en-us/iaas/Content/Logging/Task/log_group_commands.htm,200,7851,Logging__Task__log_group_commands.md
02:38:12,https://docs.oracle.com/en-us/iaas/Content/Logging/Task/managinglogs.htm,200,24086,Logging__Task__managinglogs.md
02:38:13,https://docs.oracle.com/en-us/iaas/Content/Logging/Task/object_storage_eg.htm,200,6511,Logging__Task__object_storage_eg.md
02:38:15,https://docs.oracle.com/en-us/iaas/Content/Logging/Task/tag-create-log-saved-search.htm,200,7313,Logging__Task__tag-create-log-saved-search.md
02:38:16,https://docs.oracle.com/en-us/iaas/Content/Logging/Task/tag-create-logging-agent-configuration.htm,200,7887,Logging__Task__tag-create-logging-agent-configuration.md
02:38:17,https://docs.oracle.com/en-us/iaas/Content/Logging/Task/tag-log-saved-search.htm,200,6894,Logging__Task__tag-log-saved-search.md
02:38:18,https://docs.oracle.com/en-us/iaas/Content/Logging/Task/tag-logging-agent-configuration.htm,200,7057,Logging__Task__tag-logging-agent-configuration.md
02:38:19,https://docs.oracle.com/en-us/iaas/Content/Logging/Task/tag-update-log-saved-search.htm,200,8389,Logging__Task__tag-update-log-saved-search.md
02:38:20,https://docs.oracle.com/en-us/iaas/Content/Logging/Task/tag-update-logging-agent-configuration.htm,200,8689,Logging__Task__tag-update-logging-agent-configuration.md
02:38:21,https://docs.oracle.com/en-us/iaas/Content/Logging/Task/update-log-logging-agent-configuration.htm,200,7431,Logging__Task__update-log-logging-agent-configuration.md
02:38:22,https://docs.oracle.com/en-us/iaas/Content/Logging/Task/update-log-saved-search.htm,200,8761,Logging__Task__update-log-saved-search.md
02:38:24,https://docs.oracle.com/en-us/iaas/Content/Logging/Task/update-logging-agent-configuration.htm,200,8622,Logging__Task__update-logging-agent-configuration.md
02:38:25,https://docs.oracle.com/en-us/iaas/Content/Logging/Task/update-logging-log-group.htm,200,8154,Logging__Task__update-logging-log-group.md
02:38:26,https://docs.oracle.com/en-us/iaas/Content/Logging/Task/update-logging-log.htm,200,9186,Logging__Task__update-logging-log.md
02:38:27,https://docs.oracle.com/en-us/iaas/Content/Logging/Task/using_the_cli_loggroups.htm,200,6073,Logging__Task__using_the_cli_loggroups.md
02:38:28,https://docs.oracle.com/en-us/iaas/Content/Logging/Task/using_the_cli_logsearch.htm,200,6591,Logging__Task__using_the_cli_logsearch.md
02:38:29,https://docs.oracle.com/en-us/iaas/Content/Logging/Task/vcn_flowlogs_eg.htm,200,17075,Logging__Task__vcn_flowlogs_eg.md
02:38:29,https://docs.oracle.com/en-us/iaas/Content/Logging/Task/verify_agent_installation.htm,200,8940,Logging__Task__verify_agent_installation.md
02:38:31,https://docs.oracle.com/en-us/iaas/Content/Logging/home.htm,200,14749,Logging__home.md
02:38:32,https://docs.oracle.com/en-us/iaas/Content/Logging/known-issues.htm,200,9864,Logging__known-issues.md
02:38:33,https://docs.oracle.com/en-us/iaas/Content/Logging/metrics.htm,200,18945,Logging__metrics.md
02:38:34,https://docs.oracle.com/en-us/iaas/Content/Logging/troubleshooting.htm,200,37530,Logging__troubleshooting.md
02:38:35,https://docs.oracle.com/en-us/iaas/Content/Monitoring/Concepts/alarmsbestpractices.htm,200,18152,Monitoring__Concepts__alarmsbestpractices.md
02:38:36,https://docs.oracle.com/en-us/iaas/Content/Monitoring/Concepts/monitoringoverview.htm,200,114678,Monitoring__Concepts__monitoringoverview.md
02:38:38,https://docs.oracle.com/en-us/iaas/Content/Monitoring/Reference/mql.htm,200,47548,Monitoring__Reference__mql.md
02:38:39,https://docs.oracle.com/en-us/iaas/Content/Monitoring/Tasks/agent-configurations.htm,200,18146,Monitoring__Tasks__agent-configurations.md
02:38:40,https://docs.oracle.com/en-us/iaas/Content/Monitoring/Tasks/buildingqueries.htm,200,17177,Monitoring__Tasks__buildingqueries.md
02:38:41,https://docs.oracle.com/en-us/iaas/Content/Monitoring/Tasks/change-compartment-agent-configuration.htm,200,8640,Monitoring__Tasks__change-compartment-agent-configuration.md
02:38:43,https://docs.oracle.com/en-us/iaas/Content/Monitoring/Tasks/change-compartment-alarm.htm,200,9020,Monitoring__Tasks__change-compartment-alarm.md
02:38:44,https://docs.oracle.com/en-us/iaas/Content/Monitoring/Tasks/create-agent-configuration.htm,200,13705,Monitoring__Tasks__create-agent-configuration.md
02:38:45,https://docs.oracle.com/en-us/iaas/Content/Monitoring/Tasks/create-alarm-absence.htm,200,16357,Monitoring__Tasks__create-alarm-absence.md
02:38:46,https://docs.oracle.com/en-us/iaas/Content/Monitoring/Tasks/create-alarm-basic.htm,200,29493,Monitoring__Tasks__create-alarm-basic.md
02:38:47,https://docs.oracle.com/en-us/iaas/Content/Monitoring/Tasks/create-alarm-chart-basic-query.htm,200,7534,Monitoring__Tasks__create-alarm-chart-basic-query.md
02:38:48,https://docs.oracle.com/en-us/iaas/Content/Monitoring/Tasks/create-alarm-mql.htm,200,10284,Monitoring__Tasks__create-alarm-mql.md
02:38:49,https://docs.oracle.com/en-us/iaas/Content/Monitoring/Tasks/create-alarm-split.htm,200,9240,Monitoring__Tasks__create-alarm-split.md
02:38:50,https://docs.oracle.com/en-us/iaas/Content/Monitoring/Tasks/create-alarm-suppression-multiple.htm,200,8957,Monitoring__Tasks__create-alarm-suppression-multiple.md
02:38:51,https://docs.oracle.com/en-us/iaas/Content/Monitoring/Tasks/create-alarm-suppression.htm,200,12515,Monitoring__Tasks__create-alarm-suppression.md
02:38:52,https://docs.oracle.com/en-us/iaas/Content/Monitoring/Tasks/create-alarm-threshold.htm,200,10016,Monitoring__Tasks__create-alarm-threshold.md
02:38:53,https://docs.oracle.com/en-us/iaas/Content/Monitoring/Tasks/create-alarm.htm,200,7650,Monitoring__Tasks__create-alarm.md
02:38:54,https://docs.oracle.com/en-us/iaas/Content/Monitoring/Tasks/create-edit-alarm-chart-toggle-view.htm,200,9639,Monitoring__Tasks__create-edit-alarm-chart-toggle-view.md
02:38:55,https://docs.oracle.com/en-us/iaas/Content/Monitoring/Tasks/create-edit-alarm-chart.htm,200,6607,Monitoring__Tasks__create-edit-alarm-chart.md
02:38:56,https://docs.oracle.com/en-us/iaas/Content/Monitoring/Tasks/create-edit-alarm-notification-stream.htm,200,10334,Monitoring__Tasks__create-edit-alarm-notification-stream.md
02:38:57,https://docs.oracle.com/en-us/iaas/Content/Monitoring/Tasks/create-edit-alarm-notification-topic.htm,200,13949,Monitoring__Tasks__create-edit-alarm-notification-topic.md
02:38:58,https://docs.oracle.com/en-us/iaas/Content/Monitoring/Tasks/create-edit-alarm-notification.htm,200,8013,Monitoring__Tasks__create-edit-alarm-notification.md
02:38:59,https://docs.oracle.com/en-us/iaas/Content/Monitoring/Tasks/create-edit-alarm-query-absence-detection-period.htm,200,12557,Monitoring__Tasks__create-edit-alarm-query-absence-detection-period.md
02:39:00,https://docs.oracle.com/en-us/iaas/Content/Monitoring/Tasks/create-edit-alarm-query-dimensions.htm,200,13468,Monitoring__Tasks__create-edit-alarm-query-dimensions.md
02:39:02,https://docs.oracle.com/en-us/iaas/Content/Monitoring/Tasks/create-edit-alarm-query-interval.htm,200,12554,Monitoring__Tasks__create-edit-alarm-query-interval.md
02:39:03,https://docs.oracle.com/en-us/iaas/Content/Monitoring/Tasks/create-edit-alarm-query-repeat-notifications.htm,200,8955,Monitoring__Tasks__create-edit-alarm-query-repeat-notifications.md
02:39:03,https://docs.oracle.com/en-us/iaas/Content/Monitoring/Tasks/create-edit-alarm-query-resource-group.htm,200,10371,Monitoring__Tasks__create-edit-alarm-query-resource-group.md
02:39:04,https://docs.oracle.com/en-us/iaas/Content/Monitoring/Tasks/create-edit-alarm-query-resource.htm,200,14018,Monitoring__Tasks__create-edit-alarm-query-resource.md
02:39:05,https://docs.oracle.com/en-us/iaas/Content/Monitoring/Tasks/create-edit-alarm-query-slack-period.htm,200,7819,Monitoring__Tasks__create-edit-alarm-query-slack-period.md
02:39:07,https://docs.oracle.com/en-us/iaas/Content/Monitoring/Tasks/create-edit-alarm-query-statistic.htm,200,12589,Monitoring__Tasks__create-edit-alarm-query-statistic.md
02:39:08,https://docs.oracle.com/en-us/iaas/Content/Monitoring/Tasks/create-edit-alarm-query-trigger-delay.htm,200,8821,Monitoring__Tasks__create-edit-alarm-query-trigger-delay.md
02:39:09,https://docs.oracle.com/en-us/iaas/Content/Monitoring/Tasks/create-edit-alarm-query-trigger-rule.htm,200,16462,Monitoring__Tasks__create-edit-alarm-query-trigger-rule.md
02:39:10,https://docs.oracle.com/en-us/iaas/Content/Monitoring/Tasks/custom-metrics-walkthrough.htm,200,11877,Monitoring__Tasks__custom-metrics-walkthrough.md
02:39:11,https://docs.oracle.com/en-us/iaas/Content/Monitoring/Tasks/delete-agent-configuration.htm,200,8118,Monitoring__Tasks__delete-agent-configuration.md
02:39:13,https://docs.oracle.com/en-us/iaas/Content/Monitoring/Tasks/delete-alarm-suppression-multiple.htm,200,8382,Monitoring__Tasks__delete-alarm-suppression-multiple.md
02:39:14,https://docs.oracle.com/en-us/iaas/Content/Monitoring/Tasks/delete-alarm-suppression.htm,200,9506,Monitoring__Tasks__delete-alarm-suppression.md
02:39:14,https://docs.oracle.com/en-us/iaas/Content/Monitoring/Tasks/delete-alarm.htm,200,7857,Monitoring__Tasks__delete-alarm.md
02:39:16,https://docs.oracle.com/en-us/iaas/Content/Monitoring/Tasks/disable-agent-configuration.htm,200,7939,Monitoring__Tasks__disable-agent-configuration.md
02:39:17,https://docs.oracle.com/en-us/iaas/Content/Monitoring/Tasks/disable-alarm.htm,200,7734,Monitoring__Tasks__disable-alarm.md
02:39:18,https://docs.oracle.com/en-us/iaas/Content/Monitoring/Tasks/enable-agent-configuration.htm,200,7926,Monitoring__Tasks__enable-agent-configuration.md
02:39:19,https://docs.oracle.com/en-us/iaas/Content/Monitoring/Tasks/enable-alarm.htm,200,7712,Monitoring__Tasks__enable-alarm.md
02:39:20,https://docs.oracle.com/en-us/iaas/Content/Monitoring/Tasks/get-agent-configuration.htm,200,8180,Monitoring__Tasks__get-agent-configuration.md
02:39:21,https://docs.oracle.com/en-us/iaas/Content/Monitoring/Tasks/get-alarm-history.htm,200,11900,Monitoring__Tasks__get-alarm-history.md
02:39:22,https://docs.oracle.com/en-us/iaas/Content/Monitoring/Tasks/get-alarm-suppression.htm,200,8989,Monitoring__Tasks__get-alarm-suppression.md
02:39:23,https://docs.oracle.com/en-us/iaas/Content/Monitoring/Tasks/get-alarm.htm,200,9462,Monitoring__Tasks__get-alarm.md
02:39:25,https://docs.oracle.com/en-us/iaas/Content/Monitoring/Tasks/install-agent.htm,200,36412,Monitoring__Tasks__install-agent.md
02:39:26,https://docs.oracle.com/en-us/iaas/Content/Monitoring/Tasks/list-agent-configuration.htm,200,11455,Monitoring__Tasks__list-agent-configuration.md
02:39:27,https://docs.oracle.com/en-us/iaas/Content/Monitoring/Tasks/list-alarm-status-metric-stream.htm,200,11017,Monitoring__Tasks__list-alarm-status-metric-stream.md
02:39:28,https://docs.oracle.com/en-us/iaas/Content/Monitoring/Tasks/list-alarm-status.htm,200,14760,Monitoring__Tasks__list-alarm-status.md
02:39:30,https://docs.oracle.com/en-us/iaas/Content/Monitoring/Tasks/list-alarm-suppression.htm,200,8905,Monitoring__Tasks__list-alarm-suppression.md
02:39:31,https://docs.oracle.com/en-us/iaas/Content/Monitoring/Tasks/list-alarm.htm,200,11354,Monitoring__Tasks__list-alarm.md
02:39:31,https://docs.oracle.com/en-us/iaas/Content/Monitoring/Tasks/list-metric.htm,200,10052,Monitoring__Tasks__list-metric.md
02:39:32,https://docs.oracle.com/en-us/iaas/Content/Monitoring/Tasks/managingalarms.htm,200,21069,Monitoring__Tasks__managingalarms.md
02:39:33,https://docs.oracle.com/en-us/iaas/Content/Monitoring/Tasks/metrics-explorer-add-delete-query.htm,200,6748,Monitoring__Tasks__metrics-explorer-add-delete-query.md
02:39:34,https://docs.oracle.com/en-us/iaas/Content/Monitoring/Tasks/metrics-explorer-basic-query.htm,200,8959,Monitoring__Tasks__metrics-explorer-basic-query.md
02:39:35,https://docs.oracle.com/en-us/iaas/Content/Monitoring/Tasks/metrics-explorer-create-alarm.htm,200,8656,Monitoring__Tasks__metrics-explorer-create-alarm.md
02:39:37,https://docs.oracle.com/en-us/iaas/Content/Monitoring/Tasks/metrics-explorer-customize-y-axis.htm,200,6720,Monitoring__Tasks__metrics-explorer-customize-y-axis.md
02:39:38,https://docs.oracle.com/en-us/iaas/Content/Monitoring/Tasks/metrics-explorer-edit-query.htm,200,7296,Monitoring__Tasks__metrics-explorer-edit-query.md
02:39:39,https://docs.oracle.com/en-us/iaas/Content/Monitoring/Tasks/metrics-explorer-hide-show-query.htm,200,6854,Monitoring__Tasks__metrics-explorer-hide-show-query.md
02:39:40,https://docs.oracle.com/en-us/iaas/Content/Monitoring/Tasks/metrics-explorer-time-range.htm,200,8664,Monitoring__Tasks__metrics-explorer-time-range.md
02:39:41,https://docs.oracle.com/en-us/iaas/Content/Monitoring/Tasks/metrics-explorer-toggle-view.htm,200,8233,Monitoring__Tasks__metrics-explorer-toggle-view.md
02:39:42,https://docs.oracle.com/en-us/iaas/Content/Monitoring/Tasks/metrics-explorer-view-chart.htm,200,10462,Monitoring__Tasks__metrics-explorer-view-chart.md
02:39:43,https://docs.oracle.com/en-us/iaas/Content/Monitoring/Tasks/metrics-explorer-view-queries.htm,200,7751,Monitoring__Tasks__metrics-explorer-view-queries.md
02:39:45,https://docs.oracle.com/en-us/iaas/Content/Monitoring/Tasks/publishingcustommetrics.htm,200,20746,Monitoring__Tasks__publishingcustommetrics.md
02:39:46,https://docs.oracle.com/en-us/iaas/Content/Monitoring/Tasks/query-metric-custom.htm,200,13572,Monitoring__Tasks__query-metric-custom.md
02:39:47,https://docs.oracle.com/en-us/iaas/Content/Monitoring/Tasks/query-metric-dimension.htm,200,23429,Monitoring__Tasks__query-metric-dimension.md
02:39:49,https://docs.oracle.com/en-us/iaas/Content/Monitoring/Tasks/query-metric-filter.htm,200,9842,Monitoring__Tasks__query-metric-filter.md
02:39:50,https://docs.oracle.com/en-us/iaas/Content/Monitoring/Tasks/query-metric-groupby.htm,200,10946,Monitoring__Tasks__query-metric-groupby.md
02:39:51,https://docs.oracle.com/en-us/iaas/Content/Monitoring/Tasks/query-metric-grouping.htm,200,11723,Monitoring__Tasks__query-metric-grouping.md
02:39:52,https://docs.oracle.com/en-us/iaas/Content/Monitoring/Tasks/query-metric-interval.htm,200,11920,Monitoring__Tasks__query-metric-interval.md
02:39:53,https://docs.oracle.com/en-us/iaas/Content/Monitoring/Tasks/query-metric-landing.htm,200,18147,Monitoring__Tasks__query-metric-landing.md
02:39:55,https://docs.oracle.com/en-us/iaas/Content/Monitoring/Tasks/query-metric-metric.htm,200,9698,Monitoring__Tasks__query-metric-metric.md
02:39:55,https://docs.oracle.com/en-us/iaas/Content/Monitoring/Tasks/query-metric-mql.htm,200,9549,Monitoring__Tasks__query-metric-mql.md
02:39:57,https://docs.oracle.com/en-us/iaas/Content/Monitoring/Tasks/query-metric-namespace.htm,200,11354,Monitoring__Tasks__query-metric-namespace.md
02:39:58,https://docs.oracle.com/en-us/iaas/Content/Monitoring/Tasks/query-metric-nested.htm,200,10295,Monitoring__Tasks__query-metric-nested.md
02:39:59,https://docs.oracle.com/en-us/iaas/Content/Monitoring/Tasks/query-metric-predicate.htm,200,14648,Monitoring__Tasks__query-metric-predicate.md
02:40:00,https://docs.oracle.com/en-us/iaas/Content/Monitoring/Tasks/query-metric-resolution.htm,200,15438,Monitoring__Tasks__query-metric-resolution.md
02:40:01,https://docs.oracle.com/en-us/iaas/Content/Monitoring/Tasks/query-metric-resource-group.htm,200,9404,Monitoring__Tasks__query-metric-resource-group.md
02:40:02,https://docs.oracle.com/en-us/iaas/Content/Monitoring/Tasks/query-metric-resource.htm,200,12927,Monitoring__Tasks__query-metric-resource.md
02:40:04,https://docs.oracle.com/en-us/iaas/Content/Monitoring/Tasks/query-metric-statistic.htm,200,12055,Monitoring__Tasks__query-metric-statistic.md
02:40:05,https://docs.oracle.com/en-us/iaas/Content/Monitoring/Tasks/query-metric-time-range.htm,200,16080,Monitoring__Tasks__query-metric-time-range.md
02:40:06,https://docs.oracle.com/en-us/iaas/Content/Monitoring/Tasks/query-metric.htm,200,12322,Monitoring__Tasks__query-metric.md
02:40:07,https://docs.oracle.com/en-us/iaas/Content/Monitoring/Tasks/scenarios.htm,200,5859,Monitoring__Tasks__scenarios.md
02:40:09,https://docs.oracle.com/en-us/iaas/Content/Monitoring/Tasks/split-messages.htm,200,19246,Monitoring__Tasks__split-messages.md
02:40:09,https://docs.oracle.com/en-us/iaas/Content/Monitoring/Tasks/summarize-alarm-suppression-history.htm,200,8637,Monitoring__Tasks__summarize-alarm-suppression-history.md
02:40:11,https://docs.oracle.com/en-us/iaas/Content/Monitoring/Tasks/suppressions.htm,200,8804,Monitoring__Tasks__suppressions.md
02:40:12,https://docs.oracle.com/en-us/iaas/Content/Monitoring/Tasks/update-agent-configuration.htm,200,11753,Monitoring__Tasks__update-agent-configuration.md
02:40:13,https://docs.oracle.com/en-us/iaas/Content/Monitoring/Tasks/update-alarm-after-resource-move.htm,200,12781,Monitoring__Tasks__update-alarm-after-resource-move.md
02:40:14,https://docs.oracle.com/en-us/iaas/Content/Monitoring/Tasks/update-alarm-basic.htm,200,8726,Monitoring__Tasks__update-alarm-basic.md
02:40:15,https://docs.oracle.com/en-us/iaas/Content/Monitoring/Tasks/update-alarm-dynamic-variables.htm,200,16101,Monitoring__Tasks__update-alarm-dynamic-variables.md
02:40:16,https://docs.oracle.com/en-us/iaas/Content/Monitoring/Tasks/update-alarm-event.htm,200,9818,Monitoring__Tasks__update-alarm-event.md
02:40:18,https://docs.oracle.com/en-us/iaas/Content/Monitoring/Tasks/update-alarm-friendly-formats.htm,200,9250,Monitoring__Tasks__update-alarm-friendly-formats.md
02:40:19,https://docs.oracle.com/en-us/iaas/Content/Monitoring/Tasks/update-alarm-group-messages.htm,200,12188,Monitoring__Tasks__update-alarm-group-messages.md
02:40:19,https://docs.oracle.com/en-us/iaas/Content/Monitoring/Tasks/update-alarm-mql.htm,200,10668,Monitoring__Tasks__update-alarm-mql.md
02:40:20,https://docs.oracle.com/en-us/iaas/Content/Monitoring/Tasks/update-alarm-split-messages.htm,200,12880,Monitoring__Tasks__update-alarm-split-messages.md
02:40:22,https://docs.oracle.com/en-us/iaas/Content/Monitoring/Tasks/update-alarm.htm,200,9638,Monitoring__Tasks__update-alarm.md
02:40:23,https://docs.oracle.com/en-us/iaas/Content/Monitoring/Tasks/verify-agent-installation.htm,200,9186,Monitoring__Tasks__verify-agent-installation.md
02:40:23,https://docs.oracle.com/en-us/iaas/Content/Monitoring/Tasks/view-chart-aggregate-metric-streams.htm,200,7262,Monitoring__Tasks__view-chart-aggregate-metric-streams.md
02:40:25,https://docs.oracle.com/en-us/iaas/Content/Monitoring/Tasks/view-chart-create-alarm.htm,200,8334,Monitoring__Tasks__view-chart-create-alarm.md
02:40:26,https://docs.oracle.com/en-us/iaas/Content/Monitoring/Tasks/view-chart-dimensions.htm,200,10172,Monitoring__Tasks__view-chart-dimensions.md
02:40:27,https://docs.oracle.com/en-us/iaas/Content/Monitoring/Tasks/view-chart-explore.htm,200,8006,Monitoring__Tasks__view-chart-explore.md
02:40:28,https://docs.oracle.com/en-us/iaas/Content/Monitoring/Tasks/view-chart-interval.htm,200,7607,Monitoring__Tasks__view-chart-interval.md
02:40:29,https://docs.oracle.com/en-us/iaas/Content/Monitoring/Tasks/view-chart-list-resources.htm,200,7451,Monitoring__Tasks__view-chart-list-resources.md
02:40:30,https://docs.oracle.com/en-us/iaas/Content/Monitoring/Tasks/view-chart-namespace.htm,200,9908,Monitoring__Tasks__view-chart-namespace.md
02:40:31,https://docs.oracle.com/en-us/iaas/Content/Monitoring/Tasks/view-chart-query-copy.htm,200,7462,Monitoring__Tasks__view-chart-query-copy.md
02:40:32,https://docs.oracle.com/en-us/iaas/Content/Monitoring/Tasks/view-chart-query.htm,200,8013,Monitoring__Tasks__view-chart-query.md
02:40:33,https://docs.oracle.com/en-us/iaas/Content/Monitoring/Tasks/view-chart-reset.htm,200,6084,Monitoring__Tasks__view-chart-reset.md
02:40:34,https://docs.oracle.com/en-us/iaas/Content/Monitoring/Tasks/view-chart-resource.htm,200,8385,Monitoring__Tasks__view-chart-resource.md
02:40:36,https://docs.oracle.com/en-us/iaas/Content/Monitoring/Tasks/view-chart-share.htm,200,7198,Monitoring__Tasks__view-chart-share.md
02:40:37,https://docs.oracle.com/en-us/iaas/Content/Monitoring/Tasks/view-chart-statistic.htm,200,9025,Monitoring__Tasks__view-chart-statistic.md
02:40:38,https://docs.oracle.com/en-us/iaas/Content/Monitoring/Tasks/view-chart-time-range.htm,200,8941,Monitoring__Tasks__view-chart-time-range.md
02:40:39,https://docs.oracle.com/en-us/iaas/Content/Monitoring/Tasks/view-chart-toggle-view.htm,200,8842,Monitoring__Tasks__view-chart-toggle-view.md
02:40:40,https://docs.oracle.com/en-us/iaas/Content/Monitoring/Tasks/viewingcharts.htm,200,16120,Monitoring__Tasks__viewingcharts.md
02:40:42,https://docs.oracle.com/en-us/iaas/Content/Monitoring/alarm-message-examples.htm,200,36251,Monitoring__alarm-message-examples.md
02:40:43,https://docs.oracle.com/en-us/iaas/Content/Monitoring/alarm-message-format.htm,200,45739,Monitoring__alarm-message-format.md
02:40:44,https://docs.oracle.com/en-us/iaas/Content/Monitoring/home.htm,200,13565,Monitoring__home.md
02:40:46,https://docs.oracle.com/en-us/iaas/Content/Monitoring/known-issues.htm,200,7829,Monitoring__known-issues.md
02:40:47,https://docs.oracle.com/en-us/iaas/Content/Monitoring/troubleshooting-alarms.htm,200,50496,Monitoring__troubleshooting-alarms.md
02:40:48,https://docs.oracle.com/en-us/iaas/Content/Monitoring/troubleshooting-queries.htm,200,13566,Monitoring__troubleshooting-queries.md
02:40:49,https://docs.oracle.com/en-us/iaas/Content/Monitoring/troubleshooting.htm,200,6197,Monitoring__troubleshooting.md
02:40:51,https://docs.oracle.com/en-us/iaas/Content/MySQL-HeatWave-DB-System-policies.html,404,15118,
02:40:51,https://docs.oracle.com/en-us/iaas/Content/Network/Concepts/BYOASN-delete.htm,200,7955,Network__Concepts__BYOASN-delete.md
02:40:52,https://docs.oracle.com/en-us/iaas/Content/Network/Concepts/BYOASN-import.htm,200,12185,Network__Concepts__BYOASN-import.md
02:40:53,https://docs.oracle.com/en-us/iaas/Content/Network/Concepts/BYOASN-rename.htm,200,7657,Network__Concepts__BYOASN-rename.md
02:40:54,https://docs.oracle.com/en-us/iaas/Content/Network/Concepts/BYOASN-update.htm,200,11264,Network__Concepts__BYOASN-update.md
02:40:55,https://docs.oracle.com/en-us/iaas/Content/Network/Concepts/BYOASN.htm,200,8586,Network__Concepts__BYOASN.md
02:40:57,https://docs.oracle.com/en-us/iaas/Content/Network/Concepts/BYOIP-advertise.htm,200,7817,Network__Concepts__BYOIP-advertise.md
02:40:58,https://docs.oracle.com/en-us/iaas/Content/Network/Concepts/BYOIP.htm,200,43494,Network__Concepts__BYOIP.md
02:40:59,https://docs.oracle.com/en-us/iaas/Content/Network/Concepts/accesscontrol.htm,200,17280,Network__Concepts__accesscontrol.md
02:41:00,https://docs.oracle.com/en-us/iaas/Content/Network/Concepts/capture-filters.htm,200,12229,Network__Concepts__capture-filters.md
02:41:01,https://docs.oracle.com/en-us/iaas/Content/Network/Concepts/change-nsg-compartment.htm,200,9171,Network__Concepts__change-nsg-compartment.md
02:41:03,https://docs.oracle.com/en-us/iaas/Content/Network/Concepts/change-use-securitylist.htm,200,9296,Network__Concepts__change-use-securitylist.md
02:41:04,https://docs.oracle.com/en-us/iaas/Content/Network/Concepts/connectivityonprem.htm,200,9893,Network__Concepts__connectivityonprem.md
02:41:04,https://docs.oracle.com/en-us/iaas/Content/Network/Concepts/create-nsg.htm,200,16778,Network__Concepts__create-nsg.md
02:41:05,https://docs.oracle.com/en-us/iaas/Content/Network/Concepts/creating-securitylist.htm,200,14515,Network__Concepts__creating-securitylist.md
02:41:07,https://docs.oracle.com/en-us/iaas/Content/Network/Concepts/delete_nsg.htm,200,9644,Network__Concepts__delete_nsg.md
02:41:08,https://docs.oracle.com/en-us/iaas/Content/Network/Concepts/deleting-securitylist.htm,200,8168,Network__Concepts__deleting-securitylist.md
02:41:09,https://docs.oracle.com/en-us/iaas/Content/Network/Concepts/dns-topic-Private-resolver.htm,200,8904,Network__Concepts__dns-topic-Private-resolver.md
02:41:10,https://docs.oracle.com/en-us/iaas/Content/Network/Concepts/dns-topic-resolver_endpoints.htm,200,9627,Network__Concepts__dns-topic-resolver_endpoints.md
02:41:11,https://docs.oracle.com/en-us/iaas/Content/Network/Concepts/dns-topic-resolver_rules.htm,200,9003,Network__Concepts__dns-topic-resolver_rules.md
02:41:13,https://docs.oracle.com/en-us/iaas/Content/Network/Concepts/dns.htm,200,30368,Network__Concepts__dns.md
02:41:14,https://docs.oracle.com/en-us/iaas/Content/Network/Concepts/fastconnect.htm,200,11451,Network__Concepts__fastconnect.md
02:41:16,https://docs.oracle.com/en-us/iaas/Content/Network/Concepts/fastconnectcolocate.htm,200,65270,Network__Concepts__fastconnectcolocate.md
02:41:17,https://docs.oracle.com/en-us/iaas/Content/Network/Concepts/fastconnectmultipledrgs.htm,200,19804,Network__Concepts__fastconnectmultipledrgs.md
02:41:19,https://docs.oracle.com/en-us/iaas/Content/Network/Concepts/fastconnectoverview.htm,200,45016,Network__Concepts__fastconnectoverview.md
02:41:20,https://docs.oracle.com/en-us/iaas/Content/Network/Concepts/fastconnectprovider.htm,200,57663,Network__Concepts__fastconnectprovider.md
02:41:21,https://docs.oracle.com/en-us/iaas/Content/Network/Concepts/fastconnectpublicpeeringaddressranges.htm,200,14680,Network__Concepts__fastconnectpublicpeeringaddressranges.md
02:41:22,https://docs.oracle.com/en-us/iaas/Content/Network/Concepts/fastconnectrequirements.htm,200,28767,Network__Concepts__fastconnectrequirements.md
02:41:24,https://docs.oracle.com/en-us/iaas/Content/Network/Concepts/fastconnectresiliency.htm,200,25980,Network__Concepts__fastconnectresiliency.md
02:41:25,https://docs.oracle.com/en-us/iaas/Content/Network/Concepts/fastconnectsecurity.htm,200,30324,Network__Concepts__fastconnectsecurity.md
02:41:26,https://docs.oracle.com/en-us/iaas/Content/Network/Concepts/fastconnectthirdpartyprovider.htm,200,68541,Network__Concepts__fastconnectthirdpartyprovider.md
02:41:27,https://docs.oracle.com/en-us/iaas/Content/Network/Concepts/get-nsg.htm,200,9970,Network__Concepts__get-nsg.md
02:41:28,https://docs.oracle.com/en-us/iaas/Content/Network/Concepts/getting_details-securitylist.htm,200,8712,Network__Concepts__getting_details-securitylist.md
02:41:28,https://docs.oracle.com/en-us/iaas/Content/Network/Concepts/inter_region_latency.htm,200,10428,Network__Concepts__inter_region_latency.md
02:41:30,https://docs.oracle.com/en-us/iaas/Content/Network/Concepts/internetaccess.htm,200,6021,Network__Concepts__internetaccess.md
02:41:31,https://docs.oracle.com/en-us/iaas/Content/Network/Concepts/ip_inventory.htm,200,9162,Network__Concepts__ip_inventory.md
02:41:32,https://docs.oracle.com/en-us/iaas/Content/Network/Concepts/ip_inventory_create_alarms.htm,200,14905,Network__Concepts__ip_inventory_create_alarms.md
02:41:33,https://docs.oracle.com/en-us/iaas/Content/Network/Concepts/ip_inventory_delete_alarms.htm,200,7935,Network__Concepts__ip_inventory_delete_alarms.md
02:41:34,https://docs.oracle.com/en-us/iaas/Content/Network/Concepts/ip_inventory_viewing.htm,200,12296,Network__Concepts__ip_inventory_viewing.md
02:41:36,https://docs.oracle.com/en-us/iaas/Content/Network/Concepts/ip_inventory_viewing_cidr_utilization.htm,200,9338,Network__Concepts__ip_inventory_viewing_cidr_utilization.md
02:41:37,https://docs.oracle.com/en-us/iaas/Content/Network/Concepts/ip_inventory_viewing_subnet_details.htm,200,10248,Network__Concepts__ip_inventory_viewing_subnet_details.md
02:41:38,https://docs.oracle.com/en-us/iaas/Content/Network/Concepts/ip_pools.htm,200,22093,Network__Concepts__ip_pools.md
02:41:39,https://docs.oracle.com/en-us/iaas/Content/Network/Concepts/ipaddressesanddns.htm,200,11506,Network__Concepts__ipaddressesanddns.md
02:41:41,https://docs.oracle.com/en-us/iaas/Content/Network/Concepts/ipv6.htm,200,91766,Network__Concepts__ipv6.md
02:41:42,https://docs.oracle.com/en-us/iaas/Content/Network/Concepts/landing.htm,200,11918,Network__Concepts__landing.md
02:41:43,https://docs.oracle.com/en-us/iaas/Content/Network/Concepts/libreswan.htm,200,31832,Network__Concepts__libreswan.md
02:41:44,https://docs.oracle.com/en-us/iaas/Content/Network/Concepts/list-nsg.htm,200,8025,Network__Concepts__list-nsg.md
02:41:45,https://docs.oracle.com/en-us/iaas/Content/Network/Concepts/listing-securitylist.htm,200,7825,Network__Concepts__listing-securitylist.md
02:41:46,https://docs.oracle.com/en-us/iaas/Content/Network/Concepts/manage-nsg-security-rules.htm,200,11528,Network__Concepts__manage-nsg-security-rules.md
02:41:47,https://docs.oracle.com/en-us/iaas/Content/Network/Concepts/moving_compartment-securitylist.htm,200,8985,Network__Concepts__moving_compartment-securitylist.md
02:41:49,https://docs.oracle.com/en-us/iaas/Content/Network/Concepts/net_command_center.htm,200,6822,Network__Concepts__net_command_center.md
02:41:50,https://docs.oracle.com/en-us/iaas/Content/Network/Concepts/network_visualizer.htm,200,30601,Network__Concepts__network_visualizer.md
02:41:51,https://docs.oracle.com/en-us/iaas/Content/Network/Concepts/networkperformance.htm,200,14243,Network__Concepts__networkperformance.md
02:41:53,https://docs.oracle.com/en-us/iaas/Content/Network/Concepts/networksecuritygroups.htm,200,27824,Network__Concepts__networksecuritygroups.md
02:41:54,https://docs.oracle.com/en-us/iaas/Content/Network/Concepts/nsg-add_remove_resource.htm,200,9261,Network__Concepts__nsg-add_remove_resource.md
02:41:55,https://docs.oracle.com/en-us/iaas/Content/Network/Concepts/nsg-manage.htm,200,7397,Network__Concepts__nsg-manage.md
02:41:56,https://docs.oracle.com/en-us/iaas/Content/Network/Concepts/overview.htm,200,57817,Network__Concepts__overview.md
02:41:57,https://docs.oracle.com/en-us/iaas/Content/Network/Concepts/path_analyzer.htm,200,23701,Network__Concepts__path_analyzer.md
02:41:58,https://docs.oracle.com/en-us/iaas/Content/Network/Concepts/permissions.htm,200,6639,Network__Concepts__permissions.md
02:41:59,https://docs.oracle.com/en-us/iaas/Content/Network/Concepts/private-dns-logging.htm,200,9205,Network__Concepts__private-dns-logging.md
02:42:00,https://docs.oracle.com/en-us/iaas/Content/Network/Concepts/private-service-access.htm,200,13369,Network__Concepts__private-service-access.md
02:42:01,https://docs.oracle.com/en-us/iaas/Content/Network/Concepts/privateaccess.htm,200,18448,Network__Concepts__privateaccess.md
02:42:02,https://docs.oracle.com/en-us/iaas/Content/Network/Concepts/reverse_dns.htm,200,8229,Network__Concepts__reverse_dns.md
02:42:04,https://docs.oracle.com/en-us/iaas/Content/Network/Concepts/routingonprem.htm,200,23251,Network__Concepts__routingonprem.md
02:42:05,https://docs.oracle.com/en-us/iaas/Content/Network/Concepts/routingonprem2.htm,200,23048,Network__Concepts__routingonprem2.md
02:42:06,https://docs.oracle.com/en-us/iaas/Content/Network/Concepts/securitylists.htm,200,18090,Network__Concepts__securitylists.md
02:42:07,https://docs.oracle.com/en-us/iaas/Content/Network/Concepts/securitylists_working.htm,200,8777,Network__Concepts__securitylists_working.md
02:42:09,https://docs.oracle.com/en-us/iaas/Content/Network/Concepts/securityrules.htm,200,53360,Network__Concepts__securityrules.md
02:42:10,https://docs.oracle.com/en-us/iaas/Content/Network/Concepts/troubleshooting.htm,200,7332,Network__Concepts__troubleshooting.md
02:42:11,https://docs.oracle.com/en-us/iaas/Content/Network/Concepts/ui_mapping.htm,200,12511,Network__Concepts__ui_mapping.md
02:42:12,https://docs.oracle.com/en-us/iaas/Content/Network/Concepts/update-securitylist.htm,200,9892,Network__Concepts__update-securitylist.md
02:42:13,https://docs.oracle.com/en-us/iaas/Content/Network/Concepts/vc-maintenance.htm,200,24394,Network__Concepts__vc-maintenance.md
02:42:14,https://docs.oracle.com/en-us/iaas/Content/Network/Concepts/vcn-flow-logs.htm,200,12539,Network__Concepts__vcn-flow-logs.md
02:42:15,https://docs.oracle.com/en-us/iaas/Content/Network/Concepts/waystosecure.htm,200,11703,Network__Concepts__waystosecure.md
02:42:16,https://docs.oracle.com/en-us/iaas/Content/Network/Reference/CPElist.htm,200,19498,Network__Reference__CPElist.md
02:42:17,https://docs.oracle.com/en-us/iaas/Content/Network/Reference/IGWmetrics.htm,200,18150,Network__Reference__IGWmetrics.md
02:42:19,https://docs.oracle.com/en-us/iaas/Content/Network/Reference/SGWmetrics.htm,200,19176,Network__Reference__SGWmetrics.md
02:42:20,https://docs.oracle.com/en-us/iaas/Content/Network/Reference/checkpointCPE.htm,200,6170,Network__Reference__checkpointCPE.md
02:42:21,https://docs.oracle.com/en-us/iaas/Content/Network/Reference/checkpointCPEpolicybased.htm,200,45573,Network__Reference__checkpointCPEpolicybased.md
02:42:22,https://docs.oracle.com/en-us/iaas/Content/Network/Reference/checkpointCPEroutebased.htm,200,51590,Network__Reference__checkpointCPEroutebased.md
02:42:24,https://docs.oracle.com/en-us/iaas/Content/Network/Reference/ciscoasaCPE.htm,200,7168,Network__Reference__ciscoasaCPE.md
02:42:26,https://docs.oracle.com/en-us/iaas/Content/Network/Reference/ciscoasaCPEpolicybased.htm,200,60052,Network__Reference__ciscoasaCPEpolicybased.md
02:42:27,https://docs.oracle.com/en-us/iaas/Content/Network/Reference/ciscoasaCPEroutebased.htm,200,52432,Network__Reference__ciscoasaCPEroutebased.md
02:42:27,https://docs.oracle.com/en-us/iaas/Content/Network/Reference/ciscoiosCPE.htm,200,46763,Network__Reference__ciscoiosCPE.md
02:42:29,https://docs.oracle.com/en-us/iaas/Content/Network/Reference/drgmetrics.htm,200,21716,Network__Reference__drgmetrics.md
02:42:30,https://docs.oracle.com/en-us/iaas/Content/Network/Reference/fastconnectmetrics.htm,200,29402,Network__Reference__fastconnectmetrics.md
02:42:31,https://docs.oracle.com/en-us/iaas/Content/Network/Reference/fastconnectmetrics2.htm,200,29435,Network__Reference__fastconnectmetrics2.md
02:42:32,https://docs.oracle.com/en-us/iaas/Content/Network/Reference/fortigateCPE.htm,200,42667,Network__Reference__fortigateCPE.md
02:42:34,https://docs.oracle.com/en-us/iaas/Content/Network/Reference/furukawaCPE.htm,200,28799,Network__Reference__furukawaCPE.md
02:42:35,https://docs.oracle.com/en-us/iaas/Content/Network/Reference/ipsecmetrics.htm,200,20307,Network__Reference__ipsecmetrics.md
02:42:36,https://docs.oracle.com/en-us/iaas/Content/Network/Reference/ipsecmetrics2.htm,200,20308,Network__Reference__ipsecmetrics2.md
02:42:37,https://docs.oracle.com/en-us/iaas/Content/Network/Reference/junipermxCPE.htm,200,53741,Network__Reference__junipermxCPE.md
02:42:38,https://docs.oracle.com/en-us/iaas/Content/Network/Reference/junipersrxCPE.htm,200,51429,Network__Reference__junipersrxCPE.md
02:42:39,https://docs.oracle.com/en-us/iaas/Content/Network/Reference/known_issues_for_networking.htm,200,20161,Network__Reference__known_issues_for_networking.md
02:42:40,https://docs.oracle.com/en-us/iaas/Content/Network/Reference/libreswanCPE.htm,200,39406,Network__Reference__libreswanCPE.md
02:42:42,https://docs.oracle.com/en-us/iaas/Content/Network/Reference/nat-gateway-metrics.htm,200,19968,Network__Reference__nat-gateway-metrics.md
02:42:43,https://docs.oracle.com/en-us/iaas/Content/Network/Reference/necixCPE.htm,200,41421,Network__Reference__necixCPE.md
02:42:44,https://docs.oracle.com/en-us/iaas/Content/Network/Reference/networkmetrics.htm,200,13213,Network__Reference__networkmetrics.md
02:42:45,https://docs.oracle.com/en-us/iaas/Content/Network/Reference/openswanCPE.htm,200,8463,Network__Reference__openswanCPE.md
02:42:47,https://docs.oracle.com/en-us/iaas/Content/Network/Reference/paloaltoCPE.htm,200,61571,Network__Reference__paloaltoCPE.md
02:42:48,https://docs.oracle.com/en-us/iaas/Content/Network/Reference/supportedIPsecparams.htm,200,22413,Network__Reference__supportedIPsecparams.md
02:42:49,https://docs.oracle.com/en-us/iaas/Content/Network/Reference/vnicmetrics.htm,200,34271,Network__Reference__vnicmetrics.md
02:42:50,https://docs.oracle.com/en-us/iaas/Content/Network/Reference/vtapmetrics.htm,200,28972,Network__Reference__vtapmetrics.md
02:42:51,https://docs.oracle.com/en-us/iaas/Content/Network/Reference/watchguardCPE.htm,200,6320,Network__Reference__watchguardCPE.md
02:42:52,https://docs.oracle.com/en-us/iaas/Content/Network/Reference/yamahartx.htm,200,21255,Network__Reference__yamahartx.md
02:42:53,https://docs.oracle.com/en-us/iaas/Content/Network/Tasks/CPE-manage.htm,200,7569,Network__Tasks__CPE-manage.md
02:42:55,https://docs.oracle.com/en-us/iaas/Content/Network/Tasks/CPEconfigurationhelper.htm,200,14370,Network__Tasks__CPEconfigurationhelper.md
02:42:56,https://docs.oracle.com/en-us/iaas/Content/Network/Tasks/LPG_management.htm,200,8521,Network__Tasks__LPG_management.md
02:42:58,https://docs.oracle.com/en-us/iaas/Content/Network/Tasks/NATgateway.htm,200,22126,Network__Tasks__NATgateway.md
02:42:58,https://docs.oracle.com/en-us/iaas/Content/Network/Tasks/Overview_of_VCNs_and_Subnets.htm,200,23954,Network__Tasks__Overview_of_VCNs_and_Subnets.md
02:43:00,https://docs.oracle.com/en-us/iaas/Content/Network/Tasks/StrongswanCPE.htm,200,42800,Network__Tasks__StrongswanCPE.md
02:43:02,https://docs.oracle.com/en-us/iaas/Content/Network/Tasks/VCNpeering.htm,200,19397,Network__Tasks__VCNpeering.md
02:43:03,https://docs.oracle.com/en-us/iaas/Content/Network/Tasks/VCNs.htm,200,10805,Network__Tasks__VCNs.md
02:43:04,https://docs.oracle.com/en-us/iaas/Content/Network/Tasks/add-ipv4-cidr.htm,200,9022,Network__Tasks__add-ipv4-cidr.md
02:43:05,https://docs.oracle.com/en-us/iaas/Content/Network/Tasks/add-subnet-prefix.htm,200,9116,Network__Tasks__add-subnet-prefix.md
02:43:06,https://docs.oracle.com/en-us/iaas/Content/Network/Tasks/add_cidr_to_vcn.htm,200,10022,Network__Tasks__add_cidr_to_vcn.md
02:43:07,https://docs.oracle.com/en-us/iaas/Content/Network/Tasks/assign-ephermal-ip-secondary-vnic.htm,200,8050,Network__Tasks__assign-ephermal-ip-secondary-vnic.md
02:43:08,https://docs.oracle.com/en-us/iaas/Content/Network/Tasks/assign-public-ip-instance-launch.htm,200,7933,Network__Tasks__assign-public-ip-instance-launch.md
02:43:10,https://docs.oracle.com/en-us/iaas/Content/Network/Tasks/assigning-ephemeral-public-existing-private-ip.htm,200,9561,Network__Tasks__assigning-ephemeral-public-existing-private-ip.md
02:43:10,https://docs.oracle.com/en-us/iaas/Content/Network/Tasks/attach-sgw.htm,200,11295,Network__Tasks__attach-sgw.md
02:43:11,https://docs.oracle.com/en-us/iaas/Content/Network/Tasks/attach-vcn-drg.htm,200,12793,Network__Tasks__attach-vcn-drg.md
02:43:13,https://docs.oracle.com/en-us/iaas/Content/Network/Tasks/capture-filter-create.htm,200,11640,Network__Tasks__capture-filter-create.md
02:43:14,https://docs.oracle.com/en-us/iaas/Content/Network/Tasks/capture-filter-delete.htm,200,8276,Network__Tasks__capture-filter-delete.md
02:43:16,https://docs.oracle.com/en-us/iaas/Content/Network/Tasks/capture-filter-list.htm,200,11393,Network__Tasks__capture-filter-list.md
02:43:17,https://docs.oracle.com/en-us/iaas/Content/Network/Tasks/capture-filter-move.htm,200,8639,Network__Tasks__capture-filter-move.md
02:43:18,https://docs.oracle.com/en-us/iaas/Content/Network/Tasks/capture-filter-update.htm,200,8598,Network__Tasks__capture-filter-update.md
02:43:19,https://docs.oracle.com/en-us/iaas/Content/Network/Tasks/change-display-ephermal-ip.htm,200,8923,Network__Tasks__change-display-ephermal-ip.md
02:43:20,https://docs.oracle.com/en-us/iaas/Content/Network/Tasks/configuringCPE.htm,200,15743,Network__Tasks__configuringCPE.md
02:43:21,https://docs.oracle.com/en-us/iaas/Content/Network/Tasks/connect-lpg.htm,200,10889,Network__Tasks__connect-lpg.md
02:43:22,https://docs.oracle.com/en-us/iaas/Content/Network/Tasks/cpe-change_compartment.htm,200,8798,Network__Tasks__cpe-change_compartment.md
02:43:23,https://docs.oracle.com/en-us/iaas/Content/Network/Tasks/cpe-create.htm,200,10769,Network__Tasks__cpe-create.md
02:43:24,https://docs.oracle.com/en-us/iaas/Content/Network/Tasks/cpe-delete.htm,200,7912,Network__Tasks__cpe-delete.md
02:43:25,https://docs.oracle.com/en-us/iaas/Content/Network/Tasks/cpe-get.htm,200,7444,Network__Tasks__cpe-get.md
02:43:26,https://docs.oracle.com/en-us/iaas/Content/Network/Tasks/cpe-get_device_config_content.htm,200,10578,Network__Tasks__cpe-get_device_config_content.md
02:43:28,https://docs.oracle.com/en-us/iaas/Content/Network/Tasks/cpe-list.htm,200,11752,Network__Tasks__cpe-list.md
02:43:29,https://docs.oracle.com/en-us/iaas/Content/Network/Tasks/cpe-update.htm,200,7819,Network__Tasks__cpe-update.md
02:43:30,https://docs.oracle.com/en-us/iaas/Content/Network/Tasks/create-ig.htm,200,12802,Network__Tasks__create-ig.md
02:43:31,https://docs.oracle.com/en-us/iaas/Content/Network/Tasks/create-lpg.htm,200,11785,Network__Tasks__create-lpg.md
02:43:32,https://docs.oracle.com/en-us/iaas/Content/Network/Tasks/create-routetable.htm,200,11416,Network__Tasks__create-routetable.md
02:43:33,https://docs.oracle.com/en-us/iaas/Content/Network/Tasks/create-sgw.htm,200,11775,Network__Tasks__create-sgw.md
02:43:35,https://docs.oracle.com/en-us/iaas/Content/Network/Tasks/create_subnet.htm,200,13742,Network__Tasks__create_subnet.md
02:43:36,https://docs.oracle.com/en-us/iaas/Content/Network/Tasks/create_vcn.htm,200,13958,Network__Tasks__create_vcn.md
02:43:38,https://docs.oracle.com/en-us/iaas/Content/Network/Tasks/delete-ig.htm,200,9059,Network__Tasks__delete-ig.md
02:43:39,https://docs.oracle.com/en-us/iaas/Content/Network/Tasks/delete-lpg.htm,200,9521,Network__Tasks__delete-lpg.md
02:43:40,https://docs.oracle.com/en-us/iaas/Content/Network/Tasks/delete-routetable.htm,200,8610,Network__Tasks__delete-routetable.md
02:43:41,https://docs.oracle.com/en-us/iaas/Content/Network/Tasks/delete-sgw.htm,200,8446,Network__Tasks__delete-sgw.md
02:43:42,https://docs.oracle.com/en-us/iaas/Content/Network/Tasks/delete_subnet.htm,200,8481,Network__Tasks__delete_subnet.md
02:43:44,https://docs.oracle.com/en-us/iaas/Content/Network/Tasks/delete_vcn.htm,200,12621,Network__Tasks__delete_vcn.md
02:43:45,https://docs.oracle.com/en-us/iaas/Content/Network/Tasks/deleting-ephemeral-public-ip-from-instance.htm,200,8613,Network__Tasks__deleting-ephemeral-public-ip-from-instance.md
02:43:46,https://docs.oracle.com/en-us/iaas/Content/Network/Tasks/detatch-sgw.htm,200,13320,Network__Tasks__detatch-sgw.md
02:43:47,https://docs.oracle.com/en-us/iaas/Content/Network/Tasks/drg-change-compartment.htm,200,8887,Network__Tasks__drg-change-compartment.md
02:43:49,https://docs.oracle.com/en-us/iaas/Content/Network/Tasks/drg-create-attachment.htm,200,15338,Network__Tasks__drg-create-attachment.md
02:43:50,https://docs.oracle.com/en-us/iaas/Content/Network/Tasks/drg-create-xten-attachment.htm,200,11497,Network__Tasks__drg-create-xten-attachment.md
02:43:50,https://docs.oracle.com/en-us/iaas/Content/Network/Tasks/drg-create.htm,200,11091,Network__Tasks__drg-create.md
02:43:52,https://docs.oracle.com/en-us/iaas/Content/Network/Tasks/drg-delete-attachment.htm,200,8850,Network__Tasks__drg-delete-attachment.md
02:43:53,https://docs.oracle.com/en-us/iaas/Content/Network/Tasks/drg-delete.htm,200,8216,Network__Tasks__drg-delete.md
02:43:54,https://docs.oracle.com/en-us/iaas/Content/Network/Tasks/drg-get-all-drg-attachments.htm,200,9550,Network__Tasks__drg-get-all-drg-attachments.md
02:43:55,https://docs.oracle.com/en-us/iaas/Content/Network/Tasks/drg-get-attachment.htm,200,8501,Network__Tasks__drg-get-attachment.md
02:43:57,https://docs.oracle.com/en-us/iaas/Content/Network/Tasks/drg-get-redundancy-status.htm,200,7831,Network__Tasks__drg-get-redundancy-status.md
02:43:57,https://docs.oracle.com/en-us/iaas/Content/Network/Tasks/drg-get-upgrade-status.htm,200,8197,Network__Tasks__drg-get-upgrade-status.md
02:43:59,https://docs.oracle.com/en-us/iaas/Content/Network/Tasks/drg-get.htm,200,7526,Network__Tasks__drg-get.md
02:44:00,https://docs.oracle.com/en-us/iaas/Content/Network/Tasks/drg-iam.htm,200,32755,Network__Tasks__drg-iam.md
02:44:02,https://docs.oracle.com/en-us/iaas/Content/Network/Tasks/drg-list-attachment.htm,200,8418,Network__Tasks__drg-list-attachment.md
02:44:03,https://docs.oracle.com/en-us/iaas/Content/Network/Tasks/drg-list.htm,200,11036,Network__Tasks__drg-list.md
02:44:04,https://docs.oracle.com/en-us/iaas/Content/Network/Tasks/drg-manage-rpc.htm,200,7273,Network__Tasks__drg-manage-rpc.md
02:44:05,https://docs.oracle.com/en-us/iaas/Content/Network/Tasks/drg-rd-create.htm,200,13758,Network__Tasks__drg-rd-create.md
02:44:06,https://docs.oracle.com/en-us/iaas/Content/Network/Tasks/drg-rd-delete.htm,200,8350,Network__Tasks__drg-rd-delete.md
02:44:07,https://docs.oracle.com/en-us/iaas/Content/Network/Tasks/drg-rd-get.htm,200,8305,Network__Tasks__drg-rd-get.md
02:44:08,https://docs.oracle.com/en-us/iaas/Content/Network/Tasks/drg-rd-list.htm,200,8163,Network__Tasks__drg-rd-list.md
02:44:09,https://docs.oracle.com/en-us/iaas/Content/Network/Tasks/drg-rd-remove-export-rd.htm,200,7392,Network__Tasks__drg-rd-remove-export-rd.md
02:44:11,https://docs.oracle.com/en-us/iaas/Content/Network/Tasks/drg-rd-update.htm,200,9025,Network__Tasks__drg-rd-update.md
02:44:12,https://docs.oracle.com/en-us/iaas/Content/Network/Tasks/drg-rds-add.htm,200,10371,Network__Tasks__drg-rds-add.md
02:44:13,https://docs.oracle.com/en-us/iaas/Content/Network/Tasks/drg-rds-list.htm,200,8916,Network__Tasks__drg-rds-list.md
02:44:14,https://docs.oracle.com/en-us/iaas/Content/Network/Tasks/drg-rds-remove.htm,200,9095,Network__Tasks__drg-rds-remove.md
02:44:16,https://docs.oracle.com/en-us/iaas/Content/Network/Tasks/drg-rds-update.htm,200,9181,Network__Tasks__drg-rds-update.md
02:44:17,https://docs.oracle.com/en-us/iaas/Content/Network/Tasks/drg-remove-import-route-distribution.htm,200,8901,Network__Tasks__drg-remove-import-route-distribution.md
02:44:17,https://docs.oracle.com/en-us/iaas/Content/Network/Tasks/drg-routing-manage.htm,200,10439,Network__Tasks__drg-routing-manage.md
02:44:19,https://docs.oracle.com/en-us/iaas/Content/Network/Tasks/drg-rpc-change-compartment.htm,200,8290,Network__Tasks__drg-rpc-change-compartment.md
02:44:20,https://docs.oracle.com/en-us/iaas/Content/Network/Tasks/drg-rpc-connect.htm,200,9738,Network__Tasks__drg-rpc-connect.md
02:44:21,https://docs.oracle.com/en-us/iaas/Content/Network/Tasks/drg-rpc-create.htm,200,10367,Network__Tasks__drg-rpc-create.md
02:44:22,https://docs.oracle.com/en-us/iaas/Content/Network/Tasks/drg-rpc-delete.htm,200,8742,Network__Tasks__drg-rpc-delete.md
02:44:23,https://docs.oracle.com/en-us/iaas/Content/Network/Tasks/drg-rpc-get.htm,200,8133,Network__Tasks__drg-rpc-get.md
02:44:24,https://docs.oracle.com/en-us/iaas/Content/Network/Tasks/drg-rpc-list.htm,200,8017,Network__Tasks__drg-rpc-list.md
02:44:25,https://docs.oracle.com/en-us/iaas/Content/Network/Tasks/drg-rpc-update.htm,200,9246,Network__Tasks__drg-rpc-update.md
02:44:27,https://docs.oracle.com/en-us/iaas/Content/Network/Tasks/drg-rt-create.htm,200,11616,Network__Tasks__drg-rt-create.md
02:44:28,https://docs.oracle.com/en-us/iaas/Content/Network/Tasks/drg-rt-default-assignment.htm,200,9702,Network__Tasks__drg-rt-default-assignment.md
02:44:29,https://docs.oracle.com/en-us/iaas/Content/Network/Tasks/drg-rt-delete.htm,200,8523,Network__Tasks__drg-rt-delete.md
02:44:30,https://docs.oracle.com/en-us/iaas/Content/Network/Tasks/drg-rt-get.htm,200,7953,Network__Tasks__drg-rt-get.md
02:44:31,https://docs.oracle.com/en-us/iaas/Content/Network/Tasks/drg-rt-list.htm,200,7769,Network__Tasks__drg-rt-list.md
02:44:32,https://docs.oracle.com/en-us/iaas/Content/Network/Tasks/drg-rt-update.htm,200,8236,Network__Tasks__drg-rt-update.md
02:44:33,https://docs.oracle.com/en-us/iaas/Content/Network/Tasks/drg-rtrule-add.htm,200,10082,Network__Tasks__drg-rtrule-add.md
02:44:34,https://docs.oracle.com/en-us/iaas/Content/Network/Tasks/drg-rtrule-list.htm,200,9208,Network__Tasks__drg-rtrule-list.md
02:44:35,https://docs.oracle.com/en-us/iaas/Content/Network/Tasks/drg-rtrule-remove.htm,200,9058,Network__Tasks__drg-rtrule-remove.md
02:44:36,https://docs.oracle.com/en-us/iaas/Content/Network/Tasks/drg-rtrule-update.htm,200,9078,Network__Tasks__drg-rtrule-update.md
02:44:37,https://docs.oracle.com/en-us/iaas/Content/Network/Tasks/drg-update-attachment.htm,200,9199,Network__Tasks__drg-update-attachment.md
02:44:39,https://docs.oracle.com/en-us/iaas/Content/Network/Tasks/drg-update.htm,200,7615,Network__Tasks__drg-update.md
02:44:40,https://docs.oracle.com/en-us/iaas/Content/Network/Tasks/drg-upgrade.htm,200,9182,Network__Tasks__drg-upgrade.md
02:44:41,https://docs.oracle.com/en-us/iaas/Content/Network/Tasks/edit_subnet.htm,200,10336,Network__Tasks__edit_subnet.md
02:44:42,https://docs.oracle.com/en-us/iaas/Content/Network/Tasks/edit_vcn_cidr.htm,200,9493,Network__Tasks__edit_vcn_cidr.md
02:44:43,https://docs.oracle.com/en-us/iaas/Content/Network/Tasks/edit_vn_encryption.htm,200,8620,Network__Tasks__edit_vn_encryption.md
02:44:45,https://docs.oracle.com/en-us/iaas/Content/Network/Tasks/get-details-routetable.htm,200,8270,Network__Tasks__get-details-routetable.md
02:44:46,https://docs.oracle.com/en-us/iaas/Content/Network/Tasks/get-ig.htm,200,8379,Network__Tasks__get-ig.md
02:44:47,https://docs.oracle.com/en-us/iaas/Content/Network/Tasks/get-lpg.htm,200,7995,Network__Tasks__get-lpg.md
02:44:48,https://docs.oracle.com/en-us/iaas/Content/Network/Tasks/get-sgw.htm,200,7893,Network__Tasks__get-sgw.md
02:44:49,https://docs.oracle.com/en-us/iaas/Content/Network/Tasks/get-subnet.htm,200,8179,Network__Tasks__get-subnet.md
02:44:50,https://docs.oracle.com/en-us/iaas/Content/Network/Tasks/get_vcn_details.htm,200,7510,Network__Tasks__get_vcn_details.md
02:44:51,https://docs.oracle.com/en-us/iaas/Content/Network/Tasks/give-lpg-rt.htm,200,11449,Network__Tasks__give-lpg-rt.md
02:44:52,https://docs.oracle.com/en-us/iaas/Content/Network/Tasks/give-lpg-sl.htm,200,11913,Network__Tasks__give-lpg-sl.md
02:44:54,https://docs.oracle.com/en-us/iaas/Content/Network/Tasks/ip-sec-con-change_compartment.htm,200,9425,Network__Tasks__ip-sec-con-change_compartment.md
02:44:55,https://docs.oracle.com/en-us/iaas/Content/Network/Tasks/ip-sec-con-create.htm,200,41963,Network__Tasks__ip-sec-con-create.md
02:44:56,https://docs.oracle.com/en-us/iaas/Content/Network/Tasks/ip-sec-con-delete.htm,200,9391,Network__Tasks__ip-sec-con-delete.md
02:44:58,https://docs.oracle.com/en-us/iaas/Content/Network/Tasks/ip-sec-con-get.htm,200,12346,Network__Tasks__ip-sec-con-get.md
02:44:59,https://docs.oracle.com/en-us/iaas/Content/Network/Tasks/ip-sec-con-list.htm,200,11377,Network__Tasks__ip-sec-con-list.md
02:45:00,https://docs.oracle.com/en-us/iaas/Content/Network/Tasks/ip-sec-con-update.htm,200,8838,Network__Tasks__ip-sec-con-update.md
02:45:01,https://docs.oracle.com/en-us/iaas/Content/Network/Tasks/ip-sec-tunnel_get.htm,200,12677,Network__Tasks__ip-sec-tunnel_get.md
02:45:02,https://docs.oracle.com/en-us/iaas/Content/Network/Tasks/ip-sec-tunnel_list.htm,200,8125,Network__Tasks__ip-sec-tunnel_list.md
02:45:03,https://docs.oracle.com/en-us/iaas/Content/Network/Tasks/ip-sec-tunnel_update.htm,200,17936,Network__Tasks__ip-sec-tunnel_update.md
02:45:04,https://docs.oracle.com/en-us/iaas/Content/Network/Tasks/ipsec-manage.htm,200,8572,Network__Tasks__ipsec-manage.md
02:45:05,https://docs.oracle.com/en-us/iaas/Content/Network/Tasks/ipsecencryptiondomains.htm,200,10872,Network__Tasks__ipsecencryptiondomains.md
02:45:06,https://docs.oracle.com/en-us/iaas/Content/Network/Tasks/list-ig.htm,200,8388,Network__Tasks__list-ig.md
02:45:07,https://docs.oracle.com/en-us/iaas/Content/Network/Tasks/list-lpg.htm,200,8089,Network__Tasks__list-lpg.md
02:45:08,https://docs.oracle.com/en-us/iaas/Content/Network/Tasks/list-routetable.htm,200,7916,Network__Tasks__list-routetable.md
02:45:09,https://docs.oracle.com/en-us/iaas/Content/Network/Tasks/list-sgw.htm,200,8207,Network__Tasks__list-sgw.md
02:45:10,https://docs.oracle.com/en-us/iaas/Content/Network/Tasks/list-subnets.htm,200,7642,Network__Tasks__list-subnets.md
02:45:11,https://docs.oracle.com/en-us/iaas/Content/Network/Tasks/list-vcn.htm,200,11565,Network__Tasks__list-vcn.md
02:45:12,https://docs.oracle.com/en-us/iaas/Content/Network/Tasks/localVCNpeering.htm,200,31284,Network__Tasks__localVCNpeering.md
02:45:14,https://docs.oracle.com/en-us/iaas/Content/Network/Tasks/lpg-add-route-table.htm,200,10087,Network__Tasks__lpg-add-route-table.md
02:45:15,https://docs.oracle.com/en-us/iaas/Content/Network/Tasks/manage-drg.htm,200,9525,Network__Tasks__manage-drg.md
02:45:15,https://docs.oracle.com/en-us/iaas/Content/Network/Tasks/manage-ig.htm,200,7099,Network__Tasks__manage-ig.md
02:45:17,https://docs.oracle.com/en-us/iaas/Content/Network/Tasks/manage-nat.htm,200,7054,Network__Tasks__manage-nat.md
02:45:18,https://docs.oracle.com/en-us/iaas/Content/Network/Tasks/manage_sec_assn_vcn.htm,200,10842,Network__Tasks__manage_sec_assn_vcn.md
02:45:19,https://docs.oracle.com/en-us/iaas/Content/Network/Tasks/managingDHCP.htm,200,30016,Network__Tasks__managingDHCP.md
02:45:20,https://docs.oracle.com/en-us/iaas/Content/Network/Tasks/managingDRGs.htm,200,40147,Network__Tasks__managingDRGs.md
02:45:22,https://docs.oracle.com/en-us/iaas/Content/Network/Tasks/managingIGs.htm,200,19837,Network__Tasks__managingIGs.md
02:45:23,https://docs.oracle.com/en-us/iaas/Content/Network/Tasks/managingIPaddresses.htm,200,24661,Network__Tasks__managingIPaddresses.md
02:45:24,https://docs.oracle.com/en-us/iaas/Content/Network/Tasks/managingIPaddresses_topic-Linux_Details_about_Secondary_IP_Addresses.htm,200,13684,Network__Tasks__managingIPaddresses_topic-Linux_Details_about_Secondary_IP_Addresses.md
02:45:25,https://docs.oracle.com/en-us/iaas/Content/Network/Tasks/managingIPaddresses_topic-Windows_Details_about_Secondary_IP_Addresses.htm,200,13338,Network__Tasks__managingIPaddresses_topic-Windows_Details_about_Secondary_IP_Addresses.md
02:45:26,https://docs.oracle.com/en-us/iaas/Content/Network/Tasks/managingIPsec.htm,200,10286,Network__Tasks__managingIPsec.md
02:45:27,https://docs.oracle.com/en-us/iaas/Content/Network/Tasks/managingVCNs.htm,200,9362,Network__Tasks__managingVCNs.md
02:45:28,https://docs.oracle.com/en-us/iaas/Content/Network/Tasks/managingVNICs.htm,200,35460,Network__Tasks__managingVNICs.md
02:45:29,https://docs.oracle.com/en-us/iaas/Content/Network/Tasks/managingpublicIPs.htm,200,26423,Network__Tasks__managingpublicIPs.md
02:45:30,https://docs.oracle.com/en-us/iaas/Content/Network/Tasks/managingroutetables.htm,200,43092,Network__Tasks__managingroutetables.md
02:45:31,https://docs.oracle.com/en-us/iaas/Content/Network/Tasks/managingroutetables_topic-working.htm,200,17861,Network__Tasks__managingroutetables_topic-working.md
02:45:32,https://docs.oracle.com/en-us/iaas/Content/Network/Tasks/managingvnics_tasks-attach.htm,200,14530,Network__Tasks__managingvnics_tasks-attach.md
02:45:33,https://docs.oracle.com/en-us/iaas/Content/Network/Tasks/managingvnics_tasks-detatch.htm,200,9426,Network__Tasks__managingvnics_tasks-detatch.md
02:45:34,https://docs.oracle.com/en-us/iaas/Content/Network/Tasks/managingvnics_tasks-get.htm,200,8564,Network__Tasks__managingvnics_tasks-get.md
02:45:35,https://docs.oracle.com/en-us/iaas/Content/Network/Tasks/managingvnics_tasks-list.htm,200,8147,Network__Tasks__managingvnics_tasks-list.md
02:45:36,https://docs.oracle.com/en-us/iaas/Content/Network/Tasks/managingvnics_tasks-nsg.htm,200,8908,Network__Tasks__managingvnics_tasks-nsg.md
02:45:38,https://docs.oracle.com/en-us/iaas/Content/Network/Tasks/managingvnics_tasks-sec_att.htm,200,8644,Network__Tasks__managingvnics_tasks-sec_att.md
02:45:39,https://docs.oracle.com/en-us/iaas/Content/Network/Tasks/managingvnics_tasks-tags.htm,200,8455,Network__Tasks__managingvnics_tasks-tags.md
02:45:40,https://docs.oracle.com/en-us/iaas/Content/Network/Tasks/managingvnics_tasks-update.htm,200,8892,Network__Tasks__managingvnics_tasks-update.md
02:45:41,https://docs.oracle.com/en-us/iaas/Content/Network/Tasks/move-ig.htm,200,9815,Network__Tasks__move-ig.md
02:45:42,https://docs.oracle.com/en-us/iaas/Content/Network/Tasks/move-lpg.htm,200,9537,Network__Tasks__move-lpg.md
02:45:43,https://docs.oracle.com/en-us/iaas/Content/Network/Tasks/move-routetable.htm,200,8659,Network__Tasks__move-routetable.md
02:45:44,https://docs.oracle.com/en-us/iaas/Content/Network/Tasks/move-sgw.htm,200,9744,Network__Tasks__move-sgw.md
02:45:45,https://docs.oracle.com/en-us/iaas/Content/Network/Tasks/move_subnet_compartment.htm,200,8695,Network__Tasks__move_subnet_compartment.md
02:45:46,https://docs.oracle.com/en-us/iaas/Content/Network/Tasks/move_vcn_compartment.htm,200,8755,Network__Tasks__move_vcn_compartment.md
02:45:47,https://docs.oracle.com/en-us/iaas/Content/Network/Tasks/multicloud_vpn_connections.htm,200,5985,Network__Tasks__multicloud_vpn_connections.md
02:45:48,https://docs.oracle.com/en-us/iaas/Content/Network/Tasks/nat-block.htm,200,9095,Network__Tasks__nat-block.md
02:45:49,https://docs.oracle.com/en-us/iaas/Content/Network/Tasks/nat-change-compartment.htm,200,9424,Network__Tasks__nat-change-compartment.md
02:45:50,https://docs.oracle.com/en-us/iaas/Content/Network/Tasks/nat-create.htm,200,11568,Network__Tasks__nat-create.md
02:45:51,https://docs.oracle.com/en-us/iaas/Content/Network/Tasks/nat-delete.htm,200,9049,Network__Tasks__nat-delete.md
02:45:52,https://docs.oracle.com/en-us/iaas/Content/Network/Tasks/nat-get.htm,200,7911,Network__Tasks__nat-get.md
02:45:53,https://docs.oracle.com/en-us/iaas/Content/Network/Tasks/nat-list.htm,200,7734,Network__Tasks__nat-list.md
02:45:55,https://docs.oracle.com/en-us/iaas/Content/Network/Tasks/nat-update.htm,200,8290,Network__Tasks__nat-update.md
02:45:56,https://docs.oracle.com/en-us/iaas/Content/Network/Tasks/overviewIPsec.htm,200,33917,Network__Tasks__overviewIPsec.md
02:45:57,https://docs.oracle.com/en-us/iaas/Content/Network/Tasks/path-analyzer-edit.htm,200,7934,Network__Tasks__path-analyzer-edit.md
02:45:58,https://docs.oracle.com/en-us/iaas/Content/Network/Tasks/path-analyzer-get.htm,200,7721,Network__Tasks__path-analyzer-get.md
02:45:59,https://docs.oracle.com/en-us/iaas/Content/Network/Tasks/path-analyzer-list.htm,200,12056,Network__Tasks__path-analyzer-list.md
02:46:01,https://docs.oracle.com/en-us/iaas/Content/Network/Tasks/path-analyzer-work-request-error-list.htm,200,6979,Network__Tasks__path-analyzer-work-request-error-list.md
02:46:01,https://docs.oracle.com/en-us/iaas/Content/Network/Tasks/path-analyzer-work-request-get.htm,200,7575,Network__Tasks__path-analyzer-work-request-get.md
02:46:02,https://docs.oracle.com/en-us/iaas/Content/Network/Tasks/path-analyzer-work-request-list.htm,200,6916,Network__Tasks__path-analyzer-work-request-list.md
02:46:04,https://docs.oracle.com/en-us/iaas/Content/Network/Tasks/path-analyzer-work-request-log-list.htm,200,6960,Network__Tasks__path-analyzer-work-request-log-list.md
02:46:05,https://docs.oracle.com/en-us/iaas/Content/Network/Tasks/path-analyzer-work-request-result-list.htm,200,7229,Network__Tasks__path-analyzer-work-request-result-list.md
02:46:06,https://docs.oracle.com/en-us/iaas/Content/Network/Tasks/path_analyzer-change-compartment.htm,200,8240,Network__Tasks__path_analyzer-change-compartment.md
02:46:07,https://docs.oracle.com/en-us/iaas/Content/Network/Tasks/path_analyzer-creating_test.htm,200,14619,Network__Tasks__path_analyzer-creating_test.md
02:46:08,https://docs.oracle.com/en-us/iaas/Content/Network/Tasks/path_analyzer-deleting_test.htm,200,7706,Network__Tasks__path_analyzer-deleting_test.md
02:46:09,https://docs.oracle.com/en-us/iaas/Content/Network/Tasks/path_analyzer-running_test.htm,200,10711,Network__Tasks__path_analyzer-running_test.md
02:46:10,https://docs.oracle.com/en-us/iaas/Content/Network/Tasks/private-dns-logging-enable.htm,200,10347,Network__Tasks__private-dns-logging-enable.md
02:46:11,https://docs.oracle.com/en-us/iaas/Content/Network/Tasks/private-dns-logging-view.htm,200,7765,Network__Tasks__private-dns-logging-view.md
02:46:12,https://docs.oracle.com/en-us/iaas/Content/Network/Tasks/private-ip-address-get.htm,200,8383,Network__Tasks__private-ip-address-get.md
02:46:13,https://docs.oracle.com/en-us/iaas/Content/Network/Tasks/private-ip-address-list.htm,200,8047,Network__Tasks__private-ip-address-list.md
02:46:14,https://docs.oracle.com/en-us/iaas/Content/Network/Tasks/private-ip-address-move-vnic.htm,200,12088,Network__Tasks__private-ip-address-move-vnic.md
02:46:16,https://docs.oracle.com/en-us/iaas/Content/Network/Tasks/private-ip-create.htm,200,14545,Network__Tasks__private-ip-create.md
02:46:17,https://docs.oracle.com/en-us/iaas/Content/Network/Tasks/private-ip-delete.htm,200,10226,Network__Tasks__private-ip-delete.md
02:46:18,https://docs.oracle.com/en-us/iaas/Content/Network/Tasks/private-ip-manage-tags.htm,200,8577,Network__Tasks__private-ip-manage-tags.md
02:46:19,https://docs.oracle.com/en-us/iaas/Content/Network/Tasks/private-ip-update.htm,200,9638,Network__Tasks__private-ip-update.md
02:46:21,https://docs.oracle.com/en-us/iaas/Content/Network/Tasks/psa-create.htm,200,12090,Network__Tasks__psa-create.md
02:46:22,https://docs.oracle.com/en-us/iaas/Content/Network/Tasks/psa-delete.htm,200,7968,Network__Tasks__psa-delete.md
02:46:23,https://docs.oracle.com/en-us/iaas/Content/Network/Tasks/psa-edit.htm,200,8621,Network__Tasks__psa-edit.md
02:46:24,https://docs.oracle.com/en-us/iaas/Content/Network/Tasks/psa-get_details.htm,200,7619,Network__Tasks__psa-get_details.md
02:46:25,https://docs.oracle.com/en-us/iaas/Content/Network/Tasks/psa-list.htm,200,8111,Network__Tasks__psa-list.md
02:46:26,https://docs.oracle.com/en-us/iaas/Content/Network/Tasks/psa-move.htm,200,8474,Network__Tasks__psa-move.md
02:46:26,https://docs.oracle.com/en-us/iaas/Content/Network/Tasks/quickstartIPsec.htm,200,22346,Network__Tasks__quickstartIPsec.md
02:46:28,https://docs.oracle.com/en-us/iaas/Content/Network/Tasks/quickstartnetworking.htm,200,13885,Network__Tasks__quickstartnetworking.md
02:46:29,https://docs.oracle.com/en-us/iaas/Content/Network/Tasks/remoteVCNpeering.htm,200,36632,Network__Tasks__remoteVCNpeering.md
02:46:31,https://docs.oracle.com/en-us/iaas/Content/Network/Tasks/remove-ipv4-cidr.htm,200,9008,Network__Tasks__remove-ipv4-cidr.md
02:46:32,https://docs.oracle.com/en-us/iaas/Content/Network/Tasks/remove-subnet-prefix.htm,200,9093,Network__Tasks__remove-subnet-prefix.md
02:46:33,https://docs.oracle.com/en-us/iaas/Content/Network/Tasks/remove_cidr_block_vcn.htm,200,9771,Network__Tasks__remove_cidr_block_vcn.md
02:46:34,https://docs.oracle.com/en-us/iaas/Content/Network/Tasks/reserved-ipv4-adding.htm,200,9997,Network__Tasks__reserved-ipv4-adding.md
02:46:35,https://docs.oracle.com/en-us/iaas/Content/Network/Tasks/reserved-ipv4-addresses.htm,200,7083,Network__Tasks__reserved-ipv4-addresses.md
02:46:36,https://docs.oracle.com/en-us/iaas/Content/Network/Tasks/reserved-ipv4-deleting.htm,200,9950,Network__Tasks__reserved-ipv4-deleting.md
02:46:37,https://docs.oracle.com/en-us/iaas/Content/Network/Tasks/reserved-ipv4-editing.htm,200,9505,Network__Tasks__reserved-ipv4-editing.md
02:46:38,https://docs.oracle.com/en-us/iaas/Content/Network/Tasks/reserved-ipv4-ipv6.htm,200,7166,Network__Tasks__reserved-ipv4-ipv6.md
02:46:40,https://docs.oracle.com/en-us/iaas/Content/Network/Tasks/reserved-ipv4-removing-reservation.htm,200,9938,Network__Tasks__reserved-ipv4-removing-reservation.md
02:46:41,https://docs.oracle.com/en-us/iaas/Content/Network/Tasks/reserved-ipv4-removing-reservations-in-bulk.htm,200,9779,Network__Tasks__reserved-ipv4-removing-reservations-in-bulk.md
02:46:42,https://docs.oracle.com/en-us/iaas/Content/Network/Tasks/reserved-ipv4-reserving-existing-ipv4-address.htm,200,9280,Network__Tasks__reserved-ipv4-reserving-existing-ipv4-address.md
02:46:43,https://docs.oracle.com/en-us/iaas/Content/Network/Tasks/reserved-ipv4-reserving-in-bulk.htm,200,10413,Network__Tasks__reserved-ipv4-reserving-in-bulk.md
02:46:44,https://docs.oracle.com/en-us/iaas/Content/Network/Tasks/reserved-ipv4-viewing.htm,200,9575,Network__Tasks__reserved-ipv4-viewing.md
02:46:45,https://docs.oracle.com/en-us/iaas/Content/Network/Tasks/reserved-ipv6-adding.htm,200,9646,Network__Tasks__reserved-ipv6-adding.md
02:46:46,https://docs.oracle.com/en-us/iaas/Content/Network/Tasks/reserved-ipv6-addresses.htm,200,7055,Network__Tasks__reserved-ipv6-addresses.md
02:46:48,https://docs.oracle.com/en-us/iaas/Content/Network/Tasks/reserved-ipv6-deleting.htm,200,9966,Network__Tasks__reserved-ipv6-deleting.md
02:46:48,https://docs.oracle.com/en-us/iaas/Content/Network/Tasks/reserved-ipv6-editing.htm,200,9358,Network__Tasks__reserved-ipv6-editing.md
02:46:50,https://docs.oracle.com/en-us/iaas/Content/Network/Tasks/reserved-ipv6-removing-reservation.htm,200,9772,Network__Tasks__reserved-ipv6-removing-reservation.md
02:46:51,https://docs.oracle.com/en-us/iaas/Content/Network/Tasks/reserved-ipv6-removing-reservations-in-bulk.htm,200,10174,Network__Tasks__reserved-ipv6-removing-reservations-in-bulk.md
02:46:52,https://docs.oracle.com/en-us/iaas/Content/Network/Tasks/reserved-ipv6-reserving-in-bulk.htm,200,8965,Network__Tasks__reserved-ipv6-reserving-in-bulk.md
02:46:53,https://docs.oracle.com/en-us/iaas/Content/Network/Tasks/reserved-ipv6-reserving.htm,200,8792,Network__Tasks__reserved-ipv6-reserving.md
02:46:54,https://docs.oracle.com/en-us/iaas/Content/Network/Tasks/reserved-ipv6-viewing.htm,200,9349,Network__Tasks__reserved-ipv6-viewing.md
02:46:55,https://docs.oracle.com/en-us/iaas/Content/Network/Tasks/reserved-public-ip-assign.htm,200,11467,Network__Tasks__reserved-public-ip-assign.md
02:46:57,https://docs.oracle.com/en-us/iaas/Content/Network/Tasks/reserved-public-ip-change-display-name.htm,200,8836,Network__Tasks__reserved-public-ip-change-display-name.md
02:46:58,https://docs.oracle.com/en-us/iaas/Content/Network/Tasks/reserved-public-ip-create.htm,200,9984,Network__Tasks__reserved-public-ip-create.md
02:46:59,https://docs.oracle.com/en-us/iaas/Content/Network/Tasks/reserved-public-ip-delete.htm,200,8577,Network__Tasks__reserved-public-ip-delete.md
02:47:00,https://docs.oracle.com/en-us/iaas/Content/Network/Tasks/reserved-public-ip-manage-tags.htm,200,8080,Network__Tasks__reserved-public-ip-manage-tags.md
02:47:01,https://docs.oracle.com/en-us/iaas/Content/Network/Tasks/reserved-public-ip-move.htm,200,8864,Network__Tasks__reserved-public-ip-move.md
02:47:02,https://docs.oracle.com/en-us/iaas/Content/Network/Tasks/reserved-public-ip-reassign.htm,200,10846,Network__Tasks__reserved-public-ip-reassign.md
02:47:03,https://docs.oracle.com/en-us/iaas/Content/Network/Tasks/reserved-public-ip-unassign.htm,200,10041,Network__Tasks__reserved-public-ip-unassign.md
02:47:04,https://docs.oracle.com/en-us/iaas/Content/Network/Tasks/resolver-add-view.htm,200,9453,Network__Tasks__resolver-add-view.md
02:47:05,https://docs.oracle.com/en-us/iaas/Content/Network/Tasks/resolver-endpoint-create.htm,200,14131,Network__Tasks__resolver-endpoint-create.md
02:47:06,https://docs.oracle.com/en-us/iaas/Content/Network/Tasks/resolver-endpoint-delete.htm,200,8131,Network__Tasks__resolver-endpoint-delete.md
02:47:07,https://docs.oracle.com/en-us/iaas/Content/Network/Tasks/resolver-endpoint-get.htm,200,8095,Network__Tasks__resolver-endpoint-get.md
02:47:08,https://docs.oracle.com/en-us/iaas/Content/Network/Tasks/resolver-endpoint-list.htm,200,7903,Network__Tasks__resolver-endpoint-list.md
02:47:09,https://docs.oracle.com/en-us/iaas/Content/Network/Tasks/resolver-endpoint-manage-nsg.htm,200,10045,Network__Tasks__resolver-endpoint-manage-nsg.md
02:47:10,https://docs.oracle.com/en-us/iaas/Content/Network/Tasks/resolver-endpoint-security-attributes.htm,200,17432,Network__Tasks__resolver-endpoint-security-attributes.md
02:47:10,https://docs.oracle.com/en-us/iaas/Content/Network/Tasks/resolver-get.htm,200,8214,Network__Tasks__resolver-get.md
02:47:11,https://docs.oracle.com/en-us/iaas/Content/Network/Tasks/resolver-list.htm,200,8107,Network__Tasks__resolver-list.md
02:47:13,https://docs.oracle.com/en-us/iaas/Content/Network/Tasks/resolver-move.htm,200,8438,Network__Tasks__resolver-move.md
02:47:14,https://docs.oracle.com/en-us/iaas/Content/Network/Tasks/resolver-remove-view.htm,200,9016,Network__Tasks__resolver-remove-view.md
02:47:15,https://docs.oracle.com/en-us/iaas/Content/Network/Tasks/resolver-rule-create.htm,200,8535,Network__Tasks__resolver-rule-create.md
02:47:16,https://docs.oracle.com/en-us/iaas/Content/Network/Tasks/resolver-rule-edit.htm,200,7299,Network__Tasks__resolver-rule-edit.md
02:47:17,https://docs.oracle.com/en-us/iaas/Content/Network/Tasks/resolver-rule-remove.htm,200,7178,Network__Tasks__resolver-rule-remove.md
02:47:18,https://docs.oracle.com/en-us/iaas/Content/Network/Tasks/resolver-update.htm,200,8020,Network__Tasks__resolver-update.md
02:47:20,https://docs.oracle.com/en-us/iaas/Content/Network/Tasks/scenario_d.htm,200,30307,Network__Tasks__scenario_d.md
02:47:21,https://docs.oracle.com/en-us/iaas/Content/Network/Tasks/scenario_e.htm,200,39689,Network__Tasks__scenario_e.md
02:47:22,https://docs.oracle.com/en-us/iaas/Content/Network/Tasks/scenario_f.htm,200,40817,Network__Tasks__scenario_f.md
02:47:23,https://docs.oracle.com/en-us/iaas/Content/Network/Tasks/scenario_g.htm,200,60210,Network__Tasks__scenario_g.md
02:47:25,https://docs.oracle.com/en-us/iaas/Content/Network/Tasks/scenarioa.htm,200,36580,Network__Tasks__scenarioa.md
02:47:26,https://docs.oracle.com/en-us/iaas/Content/Network/Tasks/scenariob.htm,200,44195,Network__Tasks__scenariob.md
02:47:28,https://docs.oracle.com/en-us/iaas/Content/Network/Tasks/scenarioc.htm,200,58925,Network__Tasks__scenarioc.md
02:47:29,https://docs.oracle.com/en-us/iaas/Content/Network/Tasks/scenarios.htm,200,10925,Network__Tasks__scenarios.md
02:47:30,https://docs.oracle.com/en-us/iaas/Content/Network/Tasks/service-gateway_management.htm,200,10397,Network__Tasks__service-gateway_management.md
02:47:31,https://docs.oracle.com/en-us/iaas/Content/Network/Tasks/servicegateway.htm,200,40622,Network__Tasks__servicegateway.md
02:47:32,https://docs.oracle.com/en-us/iaas/Content/Network/Tasks/settingupIPsec.htm,200,58848,Network__Tasks__settingupIPsec.md
02:47:33,https://docs.oracle.com/en-us/iaas/Content/Network/Tasks/sgw-rt.htm,200,9175,Network__Tasks__sgw-rt.md
02:47:35,https://docs.oracle.com/en-us/iaas/Content/Network/Tasks/sgw-traffic.htm,200,9185,Network__Tasks__sgw-traffic.md
02:47:35,https://docs.oracle.com/en-us/iaas/Content/Network/Tasks/subnet-change-routetable.htm,200,8874,Network__Tasks__subnet-change-routetable.md
02:47:37,https://docs.oracle.com/en-us/iaas/Content/Network/Tasks/transitrouting.htm,200,121443,Network__Tasks__transitrouting.md
02:47:38,https://docs.oracle.com/en-us/iaas/Content/Network/Tasks/transitroutingoracleservices.htm,200,70879,Network__Tasks__transitroutingoracleservices.md
02:47:39,https://docs.oracle.com/en-us/iaas/Content/Network/Tasks/update-ig.htm,200,10737,Network__Tasks__update-ig.md
02:47:41,https://docs.oracle.com/en-us/iaas/Content/Network/Tasks/update-lpg.htm,200,7239,Network__Tasks__update-lpg.md
02:47:41,https://docs.oracle.com/en-us/iaas/Content/Network/Tasks/update-rules-routetable.htm,200,11041,Network__Tasks__update-rules-routetable.md
02:47:42,https://docs.oracle.com/en-us/iaas/Content/Network/Tasks/update-sgw.htm,200,8928,Network__Tasks__update-sgw.md
02:47:44,https://docs.oracle.com/en-us/iaas/Content/Network/Tasks/update-vcn.htm,200,7796,Network__Tasks__update-vcn.md
02:47:45,https://docs.oracle.com/en-us/iaas/Content/Network/Tasks/vcn-flow-logs-bulk-delete.htm,200,6918,Network__Tasks__vcn-flow-logs-bulk-delete.md
02:47:46,https://docs.oracle.com/en-us/iaas/Content/Network/Tasks/vcn-flow-logs-delete.htm,200,7598,Network__Tasks__vcn-flow-logs-delete.md
02:47:48,https://docs.oracle.com/en-us/iaas/Content/Network/Tasks/vcn-flow-logs-enable.htm,200,18521,Network__Tasks__vcn-flow-logs-enable.md
02:47:49,https://docs.oracle.com/en-us/iaas/Content/Network/Tasks/vcn-flow-logs-update.htm,200,7575,Network__Tasks__vcn-flow-logs-update.md
02:47:49,https://docs.oracle.com/en-us/iaas/Content/Network/Tasks/vcn-flow-logs-view.htm,200,12988,Network__Tasks__vcn-flow-logs-view.md
02:47:50,https://docs.oracle.com/en-us/iaas/Content/Network/Tasks/view-network-topology-map.htm,200,13124,Network__Tasks__view-network-topology-map.md
02:47:51,https://docs.oracle.com/en-us/iaas/Content/Network/Tasks/view-reserved-public-ip.htm,200,7560,Network__Tasks__view-reserved-public-ip.md
02:47:52,https://docs.oracle.com/en-us/iaas/Content/Network/Tasks/view-subnet-topology-map.htm,200,12352,Network__Tasks__view-subnet-topology-map.md
02:47:53,https://docs.oracle.com/en-us/iaas/Content/Network/Tasks/view-vcn-topology-map.htm,200,13523,Network__Tasks__view-vcn-topology-map.md
02:47:55,https://docs.oracle.com/en-us/iaas/Content/Network/Tasks/vpn_to_aws.htm,200,27416,Network__Tasks__vpn_to_aws.md
02:47:56,https://docs.oracle.com/en-us/iaas/Content/Network/Tasks/vpn_to_azure.htm,200,23670,Network__Tasks__vpn_to_azure.md
02:47:57,https://docs.oracle.com/en-us/iaas/Content/Network/Tasks/vpn_to_gcp.htm,200,24310,Network__Tasks__vpn_to_gcp.md
02:47:59,https://docs.oracle.com/en-us/iaas/Content/Network/Tasks/vtap-create.htm,200,14297,Network__Tasks__vtap-create.md
02:48:00,https://docs.oracle.com/en-us/iaas/Content/Network/Tasks/vtap-delete.htm,200,7709,Network__Tasks__vtap-delete.md
02:48:01,https://docs.oracle.com/en-us/iaas/Content/Network/Tasks/vtap-get.htm,200,7373,Network__Tasks__vtap-get.md
02:48:02,https://docs.oracle.com/en-us/iaas/Content/Network/Tasks/vtap-list.htm,200,11442,Network__Tasks__vtap-list.md
02:48:04,https://docs.oracle.com/en-us/iaas/Content/Network/Tasks/vtap-move.htm,200,8303,Network__Tasks__vtap-move.md
02:48:05,https://docs.oracle.com/en-us/iaas/Content/Network/Tasks/vtap-turning-vtap-on-or-off.htm,200,7253,Network__Tasks__vtap-turning-vtap-on-or-off.md
02:48:06,https://docs.oracle.com/en-us/iaas/Content/Network/Tasks/vtap-update.htm,200,8887,Network__Tasks__vtap-update.md
02:48:07,https://docs.oracle.com/en-us/iaas/Content/Network/Tasks/vtap.htm,200,23278,Network__Tasks__vtap.md
02:48:08,https://docs.oracle.com/en-us/iaas/Content/Network/Tasks/workingwithIPsec.htm,200,29739,Network__Tasks__workingwithIPsec.md
02:48:10,https://docs.oracle.com/en-us/iaas/Content/Network/Troubleshoot/connectionhang.htm,200,32330,Network__Troubleshoot__connectionhang.md
02:48:11,https://docs.oracle.com/en-us/iaas/Content/Network/Troubleshoot/drgredundancy.htm,200,9684,Network__Troubleshoot__drgredundancy.md
02:48:12,https://docs.oracle.com/en-us/iaas/Content/Network/Troubleshoot/drgredundancycase1.htm,200,11748,Network__Troubleshoot__drgredundancycase1.md
02:48:13,https://docs.oracle.com/en-us/iaas/Content/Network/Troubleshoot/drgredundancycase2.htm,200,9594,Network__Troubleshoot__drgredundancycase2.md
02:48:14,https://docs.oracle.com/en-us/iaas/Content/Network/Troubleshoot/drgredundancycase3.htm,200,9386,Network__Troubleshoot__drgredundancycase3.md
02:48:15,https://docs.oracle.com/en-us/iaas/Content/Network/Troubleshoot/drgredundancycase4.htm,200,14333,Network__Troubleshoot__drgredundancycase4.md
02:48:16,https://docs.oracle.com/en-us/iaas/Content/Network/Troubleshoot/drgredundancycase5.htm,200,8574,Network__Troubleshoot__drgredundancycase5.md
02:48:18,https://docs.oracle.com/en-us/iaas/Content/Network/Troubleshoot/fastconnecttroubleshoot.htm,200,23959,Network__Troubleshoot__fastconnecttroubleshoot.md
02:48:20,https://docs.oracle.com/en-us/iaas/Content/Network/Troubleshoot/ipsectroubleshoot.htm,200,49866,Network__Troubleshoot__ipsectroubleshoot.md
02:48:21,https://docs.oracle.com/en-us/iaas/Content/Network/Troubleshoot/vcn_troubleshooting.htm,200,29668,Network__Troubleshoot__vcn_troubleshooting.md
02:48:22,https://docs.oracle.com/en-us/iaas/Content/NetworkLoadBalancer/BackendServers/backend-server-management.htm,200,12153,NetworkLoadBalancer__BackendServers__backend-server-management.md
02:48:23,https://docs.oracle.com/en-us/iaas/Content/NetworkLoadBalancer/BackendServers/create-backend-server.htm,200,11824,NetworkLoadBalancer__BackendServers__create-backend-server.md
02:48:24,https://docs.oracle.com/en-us/iaas/Content/NetworkLoadBalancer/BackendServers/delete-backend-server.htm,200,8734,NetworkLoadBalancer__BackendServers__delete-backend-server.md
02:48:25,https://docs.oracle.com/en-us/iaas/Content/NetworkLoadBalancer/BackendServers/get-backend-server-health.htm,200,10760,NetworkLoadBalancer__BackendServers__get-backend-server-health.md
02:48:26,https://docs.oracle.com/en-us/iaas/Content/NetworkLoadBalancer/BackendServers/get-backend-server.htm,200,8388,NetworkLoadBalancer__BackendServers__get-backend-server.md
02:48:27,https://docs.oracle.com/en-us/iaas/Content/NetworkLoadBalancer/BackendServers/list-backend-server.htm,200,11623,NetworkLoadBalancer__BackendServers__list-backend-server.md
02:48:28,https://docs.oracle.com/en-us/iaas/Content/NetworkLoadBalancer/BackendServers/update-backend-server.htm,200,10050,NetworkLoadBalancer__BackendServers__update-backend-server.md
02:48:29,https://docs.oracle.com/en-us/iaas/Content/NetworkLoadBalancer/BackendSets/backend-set-management.htm,200,10101,NetworkLoadBalancer__BackendSets__backend-set-management.md
02:48:30,https://docs.oracle.com/en-us/iaas/Content/NetworkLoadBalancer/BackendSets/create-backend-set.htm,200,17893,NetworkLoadBalancer__BackendSets__create-backend-set.md
02:48:31,https://docs.oracle.com/en-us/iaas/Content/NetworkLoadBalancer/BackendSets/delete-backend-set.htm,200,8342,NetworkLoadBalancer__BackendSets__delete-backend-set.md
02:48:32,https://docs.oracle.com/en-us/iaas/Content/NetworkLoadBalancer/BackendSets/get-backend-set-health.htm,200,8205,NetworkLoadBalancer__BackendSets__get-backend-set-health.md
02:48:34,https://docs.oracle.com/en-us/iaas/Content/NetworkLoadBalancer/BackendSets/get-backend-set.htm,200,8245,NetworkLoadBalancer__BackendSets__get-backend-set.md
02:48:35,https://docs.oracle.com/en-us/iaas/Content/NetworkLoadBalancer/BackendSets/list-backend-set.htm,200,11071,NetworkLoadBalancer__BackendSets__list-backend-set.md
02:48:36,https://docs.oracle.com/en-us/iaas/Content/NetworkLoadBalancer/BackendSets/preserve-backend-set-source-id.htm,200,11944,NetworkLoadBalancer__BackendSets__preserve-backend-set-source-id.md
02:48:37,https://docs.oracle.com/en-us/iaas/Content/NetworkLoadBalancer/BackendSets/update-backend-set.htm,200,9410,NetworkLoadBalancer__BackendSets__update-backend-set.md
02:48:38,https://docs.oracle.com/en-us/iaas/Content/NetworkLoadBalancer/HealthCheckPolicies/get-health-check-policy.htm,200,8334,NetworkLoadBalancer__HealthCheckPolicies__get-health-check-policy.md
02:48:39,https://docs.oracle.com/en-us/iaas/Content/NetworkLoadBalancer/HealthCheckPolicies/health-check-policy-management.htm,200,28126,NetworkLoadBalancer__HealthCheckPolicies__health-check-policy-management.md
02:48:40,https://docs.oracle.com/en-us/iaas/Content/NetworkLoadBalancer/HealthCheckPolicies/update-health-check-policy.htm,200,14455,NetworkLoadBalancer__HealthCheckPolicies__update-health-check-policy.md
02:48:42,https://docs.oracle.com/en-us/iaas/Content/NetworkLoadBalancer/Listeners/create-listener.htm,200,13713,NetworkLoadBalancer__Listeners__create-listener.md
02:48:43,https://docs.oracle.com/en-us/iaas/Content/NetworkLoadBalancer/Listeners/delete-listener.htm,200,8134,NetworkLoadBalancer__Listeners__delete-listener.md
02:48:44,https://docs.oracle.com/en-us/iaas/Content/NetworkLoadBalancer/Listeners/get-listener.htm,200,8023,NetworkLoadBalancer__Listeners__get-listener.md
02:48:45,https://docs.oracle.com/en-us/iaas/Content/NetworkLoadBalancer/Listeners/list-listener.htm,200,10801,NetworkLoadBalancer__Listeners__list-listener.md
02:48:46,https://docs.oracle.com/en-us/iaas/Content/NetworkLoadBalancer/Listeners/listener-management.htm,200,8858,NetworkLoadBalancer__Listeners__listener-management.md
02:48:47,https://docs.oracle.com/en-us/iaas/Content/NetworkLoadBalancer/Listeners/update-listener.htm,200,9648,NetworkLoadBalancer__Listeners__update-listener.md
02:48:48,https://docs.oracle.com/en-us/iaas/Content/NetworkLoadBalancer/Metrics/metrics.htm,200,17614,NetworkLoadBalancer__Metrics__metrics.md
02:48:49,https://docs.oracle.com/en-us/iaas/Content/NetworkLoadBalancer/NetworkLoadBalancers/change-compartment-network-load-balancer.htm,200,8864,NetworkLoadBalancer__NetworkLoadBalancers__change-compartment-network-load-balancer.md
02:48:50,https://docs.oracle.com/en-us/iaas/Content/NetworkLoadBalancer/NetworkLoadBalancers/configure-idle-timeout.htm,200,8859,NetworkLoadBalancer__NetworkLoadBalancers__configure-idle-timeout.md
02:48:51,https://docs.oracle.com/en-us/iaas/Content/NetworkLoadBalancer/NetworkLoadBalancers/create-network-load-balancer.htm,200,43939,NetworkLoadBalancer__NetworkLoadBalancers__create-network-load-balancer.md
02:48:52,https://docs.oracle.com/en-us/iaas/Content/NetworkLoadBalancer/NetworkLoadBalancers/delete-network-load-balancer.htm,200,7770,NetworkLoadBalancer__NetworkLoadBalancers__delete-network-load-balancer.md
02:48:52,https://docs.oracle.com/en-us/iaas/Content/NetworkLoadBalancer/NetworkLoadBalancers/get-network-load-balancer-health.htm,200,7734,NetworkLoadBalancer__NetworkLoadBalancers__get-network-load-balancer-health.md
02:48:53,https://docs.oracle.com/en-us/iaas/Content/NetworkLoadBalancer/NetworkLoadBalancers/get-network-load-balancer.htm,200,7686,NetworkLoadBalancer__NetworkLoadBalancers__get-network-load-balancer.md
02:48:54,https://docs.oracle.com/en-us/iaas/Content/NetworkLoadBalancer/NetworkLoadBalancers/list-network-load-balancer-health.htm,200,7708,NetworkLoadBalancer__NetworkLoadBalancers__list-network-load-balancer-health.md
02:48:55,https://docs.oracle.com/en-us/iaas/Content/NetworkLoadBalancer/NetworkLoadBalancers/list-network-load-balancer-policy.htm,200,7953,NetworkLoadBalancer__NetworkLoadBalancers__list-network-load-balancer-policy.md
02:48:57,https://docs.oracle.com/en-us/iaas/Content/NetworkLoadBalancer/NetworkLoadBalancers/list-network-load-balancer-protocol.htm,200,7816,NetworkLoadBalancer__NetworkLoadBalancers__list-network-load-balancer-protocol.md
02:48:57,https://docs.oracle.com/en-us/iaas/Content/NetworkLoadBalancer/NetworkLoadBalancers/list-network-load-balancer.htm,200,12148,NetworkLoadBalancer__NetworkLoadBalancers__list-network-load-balancer.md
02:48:58,https://docs.oracle.com/en-us/iaas/Content/NetworkLoadBalancer/NetworkLoadBalancers/network-load-balancer-health-management.htm,200,10004,NetworkLoadBalancer__NetworkLoadBalancers__network-load-balancer-health-management.md
02:48:59,https://docs.oracle.com/en-us/iaas/Content/NetworkLoadBalancer/NetworkLoadBalancers/network-load-balancer-management.htm,200,15005,NetworkLoadBalancer__NetworkLoadBalancers__network-load-balancer-management.md
02:49:00,https://docs.oracle.com/en-us/iaas/Content/NetworkLoadBalancer/NetworkLoadBalancers/preserve-source-id.htm,200,13754,NetworkLoadBalancer__NetworkLoadBalancers__preserve-source-id.md
02:49:01,https://docs.oracle.com/en-us/iaas/Content/NetworkLoadBalancer/NetworkLoadBalancers/security-attributes-network-load-balancer.htm,200,17344,NetworkLoadBalancer__NetworkLoadBalancers__security-attributes-network-load-balancer.md
02:49:02,https://docs.oracle.com/en-us/iaas/Content/NetworkLoadBalancer/NetworkLoadBalancers/update-network-load-balancer-security.htm,200,8723,NetworkLoadBalancer__NetworkLoadBalancers__update-network-load-balancer-security.md
02:49:03,https://docs.oracle.com/en-us/iaas/Content/NetworkLoadBalancer/NetworkLoadBalancers/update-network-load-balancer.htm,200,7953,NetworkLoadBalancer__NetworkLoadBalancers__update-network-load-balancer.md
02:49:05,https://docs.oracle.com/en-us/iaas/Content/NetworkLoadBalancer/WorkRequests/get-work-request.htm,200,8024,NetworkLoadBalancer__WorkRequests__get-work-request.md
02:49:06,https://docs.oracle.com/en-us/iaas/Content/NetworkLoadBalancer/WorkRequests/list-work-request-error.htm,200,8003,NetworkLoadBalancer__WorkRequests__list-work-request-error.md
02:49:07,https://docs.oracle.com/en-us/iaas/Content/NetworkLoadBalancer/WorkRequests/list-work-request-log.htm,200,7113,NetworkLoadBalancer__WorkRequests__list-work-request-log.md
02:49:08,https://docs.oracle.com/en-us/iaas/Content/NetworkLoadBalancer/WorkRequests/list-work-request.htm,200,10277,NetworkLoadBalancer__WorkRequests__list-work-request.md
02:49:09,https://docs.oracle.com/en-us/iaas/Content/NetworkLoadBalancer/WorkRequests/work-request-management.htm,200,9908,NetworkLoadBalancer__WorkRequests__work-request-management.md
02:49:10,https://docs.oracle.com/en-us/iaas/Content/NetworkLoadBalancer/home.htm,200,11912,NetworkLoadBalancer__home.md
02:49:11,https://docs.oracle.com/en-us/iaas/Content/NetworkLoadBalancer/introduction.htm,200,49712,NetworkLoadBalancer__introduction.md
02:49:12,https://docs.oracle.com/en-us/iaas/Content/NetworkLoadBalancer/known-issues-network-load-balancer.htm,200,5472,NetworkLoadBalancer__known-issues-network-load-balancer.md
02:49:13,https://docs.oracle.com/en-us/iaas/Content/NetworkLoadBalancer/overview.htm,200,17128,NetworkLoadBalancer__overview.md
02:49:14,https://docs.oracle.com/en-us/iaas/Content/NetworkLoadBalancer/ui-mapping.htm,200,8765,NetworkLoadBalancer__ui-mapping.md
02:49:15,https://docs.oracle.com/en-us/iaas/Content/Notification/Concepts/notificationbestpractices.htm,200,10156,Notification__Concepts__notificationbestpractices.md
02:49:16,https://docs.oracle.com/en-us/iaas/Content/Notification/Concepts/notificationoverview.htm,200,58213,Notification__Concepts__notificationoverview.md
02:49:18,https://docs.oracle.com/en-us/iaas/Content/Notification/Concepts/scenarios.htm,200,6718,Notification__Concepts__scenarios.md
02:49:19,https://docs.oracle.com/en-us/iaas/Content/Notification/Reference/notificationmetrics-reference.htm,200,20456,Notification__Reference__notificationmetrics-reference.md
02:49:20,https://docs.oracle.com/en-us/iaas/Content/Notification/Reference/notificationmetrics.htm,200,8096,Notification__Reference__notificationmetrics.md
02:49:21,https://docs.oracle.com/en-us/iaas/Content/Notification/Tasks/add-topic-lock.htm,200,6443,Notification__Tasks__add-topic-lock.md
02:49:22,https://docs.oracle.com/en-us/iaas/Content/Notification/Tasks/change-compartment-subscription.htm,200,9577,Notification__Tasks__change-compartment-subscription.md
02:49:23,https://docs.oracle.com/en-us/iaas/Content/Notification/Tasks/change-compartment-topic.htm,200,8896,Notification__Tasks__change-compartment-topic.md
02:49:25,https://docs.oracle.com/en-us/iaas/Content/Notification/Tasks/confirm-subscription.htm,200,12977,Notification__Tasks__confirm-subscription.md
02:49:26,https://docs.oracle.com/en-us/iaas/Content/Notification/Tasks/contextual-notifications-compute.htm,200,6012,Notification__Tasks__contextual-notifications-compute.md
02:49:27,https://docs.oracle.com/en-us/iaas/Content/Notification/Tasks/create-contextual-notification.htm,200,13035,Notification__Tasks__create-contextual-notification.md
02:49:28,https://docs.oracle.com/en-us/iaas/Content/Notification/Tasks/create-subscription-basic.htm,200,14069,Notification__Tasks__create-subscription-basic.md
02:49:29,https://docs.oracle.com/en-us/iaas/Content/Notification/Tasks/create-subscription-email.htm,200,10671,Notification__Tasks__create-subscription-email.md
02:49:30,https://docs.oracle.com/en-us/iaas/Content/Notification/Tasks/create-subscription-function.htm,200,12537,Notification__Tasks__create-subscription-function.md
02:49:32,https://docs.oracle.com/en-us/iaas/Content/Notification/Tasks/create-subscription-https.htm,200,15288,Notification__Tasks__create-subscription-https.md
02:49:32,https://docs.oracle.com/en-us/iaas/Content/Notification/Tasks/create-subscription-pagerduty.htm,200,11479,Notification__Tasks__create-subscription-pagerduty.md
02:49:33,https://docs.oracle.com/en-us/iaas/Content/Notification/Tasks/create-subscription-slack.htm,200,11764,Notification__Tasks__create-subscription-slack.md
02:49:35,https://docs.oracle.com/en-us/iaas/Content/Notification/Tasks/create-subscription-sms.htm,200,22085,Notification__Tasks__create-subscription-sms.md
02:49:36,https://docs.oracle.com/en-us/iaas/Content/Notification/Tasks/create-subscription.htm,200,7664,Notification__Tasks__create-subscription.md
02:49:37,https://docs.oracle.com/en-us/iaas/Content/Notification/Tasks/create-topic.htm,200,9973,Notification__Tasks__create-topic.md
02:49:38,https://docs.oracle.com/en-us/iaas/Content/Notification/Tasks/delete-subscription.htm,200,8301,Notification__Tasks__delete-subscription.md
02:49:39,https://docs.oracle.com/en-us/iaas/Content/Notification/Tasks/delete-topic.htm,200,7465,Notification__Tasks__delete-topic.md
02:49:40,https://docs.oracle.com/en-us/iaas/Content/Notification/Tasks/get-confirm-subscription.htm,200,8986,Notification__Tasks__get-confirm-subscription.md
02:49:41,https://docs.oracle.com/en-us/iaas/Content/Notification/Tasks/get-subscription.htm,200,7513,Notification__Tasks__get-subscription.md
02:49:42,https://docs.oracle.com/en-us/iaas/Content/Notification/Tasks/get-topic.htm,200,7193,Notification__Tasks__get-topic.md
02:49:43,https://docs.oracle.com/en-us/iaas/Content/Notification/Tasks/list-subscription-topic.htm,200,12257,Notification__Tasks__list-subscription-topic.md
02:49:45,https://docs.oracle.com/en-us/iaas/Content/Notification/Tasks/list-subscription.htm,200,12289,Notification__Tasks__list-subscription.md
02:49:46,https://docs.oracle.com/en-us/iaas/Content/Notification/Tasks/list-topic.htm,200,11330,Notification__Tasks__list-topic.md
02:49:47,https://docs.oracle.com/en-us/iaas/Content/Notification/Tasks/manage-subscription.htm,200,13184,Notification__Tasks__manage-subscription.md
02:49:48,https://docs.oracle.com/en-us/iaas/Content/Notification/Tasks/manage-topic.htm,200,11660,Notification__Tasks__manage-topic.md
02:49:49,https://docs.oracle.com/en-us/iaas/Content/Notification/Tasks/override-topic-lock.htm,200,6407,Notification__Tasks__override-topic-lock.md
02:49:51,https://docs.oracle.com/en-us/iaas/Content/Notification/Tasks/pagerduty.htm,200,22926,Notification__Tasks__pagerduty.md
02:49:52,https://docs.oracle.com/en-us/iaas/Content/Notification/Tasks/publishingmessages.htm,200,11018,Notification__Tasks__publishingmessages.md
02:49:53,https://docs.oracle.com/en-us/iaas/Content/Notification/Tasks/query-metric.htm,200,12668,Notification__Tasks__query-metric.md
02:49:54,https://docs.oracle.com/en-us/iaas/Content/Notification/Tasks/remove-topic-lock.htm,200,6026,Notification__Tasks__remove-topic-lock.md
02:49:55,https://docs.oracle.com/en-us/iaas/Content/Notification/Tasks/resend-confirmation-subscription.htm,200,9351,Notification__Tasks__resend-confirmation-subscription.md
02:49:57,https://docs.oracle.com/en-us/iaas/Content/Notification/Tasks/scenarioa.htm,200,45763,Notification__Tasks__scenarioa.md
02:49:58,https://docs.oracle.com/en-us/iaas/Content/Notification/Tasks/scenariob.htm,200,36466,Notification__Tasks__scenariob.md
02:49:59,https://docs.oracle.com/en-us/iaas/Content/Notification/Tasks/scenarioc.htm,200,45263,Notification__Tasks__scenarioc.md
02:50:00,https://docs.oracle.com/en-us/iaas/Content/Notification/Tasks/stop-subscription.htm,200,6375,Notification__Tasks__stop-subscription.md
02:50:01,https://docs.oracle.com/en-us/iaas/Content/Notification/Tasks/troubleshootingnotifications.htm,200,59402,Notification__Tasks__troubleshootingnotifications.md
02:50:02,https://docs.oracle.com/en-us/iaas/Content/Notification/Tasks/unsubscribe-subscription.htm,200,11023,Notification__Tasks__unsubscribe-subscription.md
02:50:03,https://docs.oracle.com/en-us/iaas/Content/Notification/Tasks/update-subscription.htm,200,9114,Notification__Tasks__update-subscription.md
02:50:04,https://docs.oracle.com/en-us/iaas/Content/Notification/Tasks/update-topic.htm,200,8643,Notification__Tasks__update-topic.md
02:50:06,https://docs.oracle.com/en-us/iaas/Content/Notification/Tasks/view-chart-namespace.htm,200,9868,Notification__Tasks__view-chart-namespace.md
02:50:07,https://docs.oracle.com/en-us/iaas/Content/Notification/Tasks/view-chart-resource.htm,200,7699,Notification__Tasks__view-chart-resource.md
02:50:08,https://docs.oracle.com/en-us/iaas/Content/Notification/Tasks/viewingcharts.htm,200,6611,Notification__Tasks__viewingcharts.md
02:50:10,https://docs.oracle.com/en-us/iaas/Content/Notification/home.htm,200,13211,Notification__home.md
02:50:11,https://docs.oracle.com/en-us/iaas/Content/Notification/known-issues.htm,200,7602,Notification__known-issues.md
02:50:12,https://docs.oracle.com/en-us/iaas/Content/Object/Concepts/accessingresourcesacrosstenancies.htm,200,15256,Object__Concepts__accessingresourcesacrosstenancies.md
02:50:13,https://docs.oracle.com/en-us/iaas/Content/Object/Concepts/dedicatedendpoints.htm,200,14493,Object__Concepts__dedicatedendpoints.md
02:50:14,https://docs.oracle.com/en-us/iaas/Content/Object/Concepts/objectstorage-usingzpr.htm,200,12627,Object__Concepts__objectstorage-usingzpr.md
02:50:15,https://docs.oracle.com/en-us/iaas/Content/Object/Concepts/objectstorageoverview.htm,200,36381,Object__Concepts__objectstorageoverview.md
02:50:16,https://docs.oracle.com/en-us/iaas/Content/Object/Concepts/understandingstoragetiers.htm,200,24808,Object__Concepts__understandingstoragetiers.md
02:50:18,https://docs.oracle.com/en-us/iaas/Content/Object/Concepts/use-ipv6-urls.htm,200,21585,Object__Concepts__use-ipv6-urls.md
02:50:19,https://docs.oracle.com/en-us/iaas/Content/Object/Reference/objectstoragemetrics.htm,200,24660,Object__Reference__objectstoragemetrics.md
02:50:20,https://docs.oracle.com/en-us/iaas/Content/Object/Reference/objectstoragemetrics_topic-Using_the_Console.htm,200,7645,Object__Reference__objectstoragemetrics_topic-Using_the_Console.md
02:50:20,https://docs.oracle.com/en-us/iaas/Content/Object/Reference/objectstoragemetrics_topic-monitoring_api.htm,200,6845,Object__Reference__objectstoragemetrics_topic-monitoring_api.md
02:50:22,https://docs.oracle.com/en-us/iaas/Content/Object/Reference/objectstoragemetrics_topic-view_custom_query.htm,200,7921,Object__Reference__objectstoragemetrics_topic-view_custom_query.md
02:50:23,https://docs.oracle.com/en-us/iaas/Content/Object/Reference/objectstoragemetrics_topic-view_default_metric.htm,200,8761,Object__Reference__objectstoragemetrics_topic-view_default_metric.md
02:50:24,https://docs.oracle.com/en-us/iaas/Content/Object/Tasks/To_delete_uncommitted_multipart_uploads.htm,200,11033,Object__Tasks__To_delete_uncommitted_multipart_uploads.md
02:50:25,https://docs.oracle.com/en-us/iaas/Content/Object/Tasks/batch-delete-objects.htm,200,7425,Object__Tasks__batch-delete-objects.md
02:50:27,https://docs.oracle.com/en-us/iaas/Content/Object/Tasks/bucket-rclone.htm,200,15389,Object__Tasks__bucket-rclone.md
02:50:28,https://docs.oracle.com/en-us/iaas/Content/Object/Tasks/bulk-delete-object-versions.htm,200,7204,Object__Tasks__bulk-delete-object-versions.md
02:50:29,https://docs.oracle.com/en-us/iaas/Content/Object/Tasks/bulk-delete-object.htm,200,8418,Object__Tasks__bulk-delete-object.md
02:50:30,https://docs.oracle.com/en-us/iaas/Content/Object/Tasks/bulk-download-object.htm,200,7920,Object__Tasks__bulk-download-object.md
02:50:31,https://docs.oracle.com/en-us/iaas/Content/Object/Tasks/bulk-tasks.htm,200,7137,Object__Tasks__bulk-tasks.md
02:50:32,https://docs.oracle.com/en-us/iaas/Content/Object/Tasks/bulk-upload-object.htm,200,12186,Object__Tasks__bulk-upload-object.md
02:50:33,https://docs.oracle.com/en-us/iaas/Content/Object/Tasks/cancel-work-request.htm,200,7259,Object__Tasks__cancel-work-request.md
02:50:34,https://docs.oracle.com/en-us/iaas/Content/Object/Tasks/copyingobjects.htm,200,23366,Object__Tasks__copyingobjects.md
02:50:35,https://docs.oracle.com/en-us/iaas/Content/Object/Tasks/create-log.htm,200,8660,Object__Tasks__create-log.md
02:50:36,https://docs.oracle.com/en-us/iaas/Content/Object/Tasks/create-private-endpoint.htm,200,17751,Object__Tasks__create-private-endpoint.md
02:50:37,https://docs.oracle.com/en-us/iaas/Content/Object/Tasks/delete-log.htm,200,7188,Object__Tasks__delete-log.md
02:50:38,https://docs.oracle.com/en-us/iaas/Content/Object/Tasks/delete-private-endpoint.htm,200,8001,Object__Tasks__delete-private-endpoint.md
02:50:39,https://docs.oracle.com/en-us/iaas/Content/Object/Tasks/designatingcompartments.htm,200,12553,Object__Tasks__designatingcompartments.md
02:50:40,https://docs.oracle.com/en-us/iaas/Content/Object/Tasks/designatingcompartments_topic-To_edit_your_tenancys_Amazon_S3_Compatibility_API_and_Swift_API_compartment_designations.htm,200,11680,Object__Tasks__designatingcompartments_topic-To_edit_your_tenancys_Amazon_S3_Compatibility_API_and_Swift_API_compartment_designations.md
02:50:40,https://docs.oracle.com/en-us/iaas/Content/Object/Tasks/designatingcompartments_topic-To_get_your_tenancys_Amazon_S3_Compatibility_API_and_Swift_API_compartment_designations.htm,200,8338,Object__Tasks__designatingcompartments_topic-To_get_your_tenancys_Amazon_S3_Compatibility_API_and_Swift_API_compartment_designations.md
02:50:42,https://docs.oracle.com/en-us/iaas/Content/Object/Tasks/disable-log.htm,200,7496,Object__Tasks__disable-log.md
02:50:42,https://docs.oracle.com/en-us/iaas/Content/Object/Tasks/edit-log.htm,200,7731,Object__Tasks__edit-log.md
02:50:43,https://docs.oracle.com/en-us/iaas/Content/Object/Tasks/encryption.htm,200,29676,Object__Tasks__encryption.md
02:50:44,https://docs.oracle.com/en-us/iaas/Content/Object/Tasks/get-log.htm,200,7289,Object__Tasks__get-log.md
02:50:45,https://docs.oracle.com/en-us/iaas/Content/Object/Tasks/get-private-endpoint.htm,200,8851,Object__Tasks__get-private-endpoint.md
02:50:46,https://docs.oracle.com/en-us/iaas/Content/Object/Tasks/get-work-request.htm,200,8215,Object__Tasks__get-work-request.md
02:50:48,https://docs.oracle.com/en-us/iaas/Content/Object/Tasks/hadoopsupport.htm,200,6096,Object__Tasks__hadoopsupport.md
02:50:49,https://docs.oracle.com/en-us/iaas/Content/Object/Tasks/list-access-targets.htm,200,7584,Object__Tasks__list-access-targets.md
02:50:50,https://docs.oracle.com/en-us/iaas/Content/Object/Tasks/list-all-logs.htm,200,8996,Object__Tasks__list-all-logs.md
02:50:51,https://docs.oracle.com/en-us/iaas/Content/Object/Tasks/list-fqdn.htm,200,7937,Object__Tasks__list-fqdn.md
02:50:52,https://docs.oracle.com/en-us/iaas/Content/Object/Tasks/list-log.htm,200,10088,Object__Tasks__list-log.md
02:50:53,https://docs.oracle.com/en-us/iaas/Content/Object/Tasks/list-pe-work-request.htm,200,8027,Object__Tasks__list-pe-work-request.md
02:50:54,https://docs.oracle.com/en-us/iaas/Content/Object/Tasks/list-private-endpoint.htm,200,13799,Object__Tasks__list-private-endpoint.md
02:50:55,https://docs.oracle.com/en-us/iaas/Content/Object/Tasks/list-replication-sources.htm,200,7764,Object__Tasks__list-replication-sources.md
02:50:56,https://docs.oracle.com/en-us/iaas/Content/Object/Tasks/list-work-request-error.htm,200,7311,Object__Tasks__list-work-request-error.md
02:50:57,https://docs.oracle.com/en-us/iaas/Content/Object/Tasks/list-work-request-log-entry.htm,200,7346,Object__Tasks__list-work-request-log-entry.md
02:50:59,https://docs.oracle.com/en-us/iaas/Content/Object/Tasks/list-work-request.htm,200,10313,Object__Tasks__list-work-request.md
02:50:59,https://docs.oracle.com/en-us/iaas/Content/Object/Tasks/logging.htm,200,8161,Object__Tasks__logging.md
02:51:00,https://docs.oracle.com/en-us/iaas/Content/Object/Tasks/managingbuckets.htm,200,30178,Object__Tasks__managingbuckets.md
02:51:02,https://docs.oracle.com/en-us/iaas/Content/Object/Tasks/managingbuckets_topic-To_assign_a_Vault_master_encryption_key_to_a_bucket.htm,200,11571,Object__Tasks__managingbuckets_topic-To_assign_a_Vault_master_encryption_key_to_a_bucket.md
02:51:03,https://docs.oracle.com/en-us/iaas/Content/Object/Tasks/managingbuckets_topic-To_change_the_visibility_of_a_bucket.htm,200,10994,Object__Tasks__managingbuckets_topic-To_change_the_visibility_of_a_bucket.md
02:51:03,https://docs.oracle.com/en-us/iaas/Content/Object/Tasks/managingbuckets_topic-To_create_a_bucket.htm,200,34545,Object__Tasks__managingbuckets_topic-To_create_a_bucket.md
02:51:05,https://docs.oracle.com/en-us/iaas/Content/Object/Tasks/managingbuckets_topic-To_delete_a_bucket.htm,200,9013,Object__Tasks__managingbuckets_topic-To_delete_a_bucket.md
02:51:06,https://docs.oracle.com/en-us/iaas/Content/Object/Tasks/managingbuckets_topic-To_enable_or_disable_auto_tiering.htm,200,9815,Object__Tasks__managingbuckets_topic-To_enable_or_disable_auto_tiering.md
02:51:07,https://docs.oracle.com/en-us/iaas/Content/Object/Tasks/managingbuckets_topic-To_enable_or_disable_emitting_events_for_object_state_changes.htm,200,9438,Object__Tasks__managingbuckets_topic-To_enable_or_disable_emitting_events_for_object_state_changes.md
02:51:09,https://docs.oracle.com/en-us/iaas/Content/Object/Tasks/managingbuckets_topic-To_enable_or_suspend_object_versioning.htm,200,7318,Object__Tasks__managingbuckets_topic-To_enable_or_suspend_object_versioning.md
02:51:10,https://docs.oracle.com/en-us/iaas/Content/Object/Tasks/managingbuckets_topic-To_get_a_list_of_buckets_concept.htm,200,14465,Object__Tasks__managingbuckets_topic-To_get_a_list_of_buckets_concept.md
02:51:11,https://docs.oracle.com/en-us/iaas/Content/Object/Tasks/managingbuckets_topic-To_move_a_bucket_to_a_different_compartment.htm,200,10296,Object__Tasks__managingbuckets_topic-To_move_a_bucket_to_a_different_compartment.md
02:51:12,https://docs.oracle.com/en-us/iaas/Content/Object/Tasks/managingbuckets_topic-To_reencrypt_a_buckets_data_encryption_keys.htm,200,10120,Object__Tasks__managingbuckets_topic-To_reencrypt_a_buckets_data_encryption_keys.md
02:51:13,https://docs.oracle.com/en-us/iaas/Content/Object/Tasks/managingbuckets_topic-To_remove_a_Vault_master_encryption_key_from_a_bucket.htm,200,8898,Object__Tasks__managingbuckets_topic-To_remove_a_Vault_master_encryption_key_from_a_bucket.md
02:51:14,https://docs.oracle.com/en-us/iaas/Content/Object/Tasks/managingbuckets_topic-To_update_a_bucket_to_use_sse_kms_bucket_key.htm,200,10259,Object__Tasks__managingbuckets_topic-To_update_a_bucket_to_use_sse_kms_bucket_key.md
02:51:15,https://docs.oracle.com/en-us/iaas/Content/Object/Tasks/managingbuckets_topic-To_update_the_Vault_key_assigned_to_a_bucket.htm,200,12002,Object__Tasks__managingbuckets_topic-To_update_the_Vault_key_assigned_to_a_bucket.md
02:51:16,https://docs.oracle.com/en-us/iaas/Content/Object/Tasks/managingbuckets_topic-To_update_to_support_vhost_urls.htm,200,11046,Object__Tasks__managingbuckets_topic-To_update_to_support_vhost_urls.md
02:51:18,https://docs.oracle.com/en-us/iaas/Content/Object/Tasks/managingbuckets_topic-To_view_bucket_details.htm,200,14663,Object__Tasks__managingbuckets_topic-To_view_bucket_details.md
02:51:19,https://docs.oracle.com/en-us/iaas/Content/Object/Tasks/managingobjects.htm,200,33467,Object__Tasks__managingobjects.md
02:51:20,https://docs.oracle.com/en-us/iaas/Content/Object/Tasks/managingobjects_topic-To_check_the_status_of_an_Archive_Storage_object_restoration.htm,200,7532,Object__Tasks__managingobjects_topic-To_check_the_status_of_an_Archive_Storage_object_restoration.md
02:51:22,https://docs.oracle.com/en-us/iaas/Content/Object/Tasks/managingobjects_topic-To_create_a_new_folder.htm,200,9625,Object__Tasks__managingobjects_topic-To_create_a_new_folder.md
02:51:22,https://docs.oracle.com/en-us/iaas/Content/Object/Tasks/managingobjects_topic-To_delete_objects_from_a_bucket.htm,200,9769,Object__Tasks__managingobjects_topic-To_delete_objects_from_a_bucket.md
02:51:23,https://docs.oracle.com/en-us/iaas/Content/Object/Tasks/managingobjects_topic-To_download_an_object_from_a_bucket.htm,200,9324,Object__Tasks__managingobjects_topic-To_download_an_object_from_a_bucket.md
02:51:24,https://docs.oracle.com/en-us/iaas/Content/Object/Tasks/managingobjects_topic-To_get_object_details.htm,200,10156,Object__Tasks__managingobjects_topic-To_get_object_details.md
02:51:26,https://docs.oracle.com/en-us/iaas/Content/Object/Tasks/managingobjects_topic-To_list_objects_in_a_bucket.htm,200,13557,Object__Tasks__managingobjects_topic-To_list_objects_in_a_bucket.md
02:51:27,https://docs.oracle.com/en-us/iaas/Content/Object/Tasks/managingobjects_topic-To_reencrypt_an_object.htm,200,16966,Object__Tasks__managingobjects_topic-To_reencrypt_an_object.md
02:51:28,https://docs.oracle.com/en-us/iaas/Content/Object/Tasks/managingobjects_topic-To_rename_an_object.htm,200,12142,Object__Tasks__managingobjects_topic-To_rename_an_object.md
02:51:29,https://docs.oracle.com/en-us/iaas/Content/Object/Tasks/managingobjects_topic-To_restore_objects_from_Archive_Storage.htm,200,11405,Object__Tasks__managingobjects_topic-To_restore_objects_from_Archive_Storage.md
02:51:30,https://docs.oracle.com/en-us/iaas/Content/Object/Tasks/managingobjects_topic-To_update_the_storage_tier_of_an_object.htm,200,10971,Object__Tasks__managingobjects_topic-To_update_the_storage_tier_of_an_object.md
02:51:31,https://docs.oracle.com/en-us/iaas/Content/Object/Tasks/managingobjects_topic-To_upload_objects_to_a_bucket.htm,200,18825,Object__Tasks__managingobjects_topic-To_upload_objects_to_a_bucket.md
02:51:32,https://docs.oracle.com/en-us/iaas/Content/Object/Tasks/managingobjects_topic-head_objects.htm,200,9752,Object__Tasks__managingobjects_topic-head_objects.md
02:51:34,https://docs.oracle.com/en-us/iaas/Content/Object/Tasks/private-endpoints.htm,200,27837,Object__Tasks__private-endpoints.md
02:51:34,https://docs.oracle.com/en-us/iaas/Content/Object/Tasks/s3compatibleapi.htm,200,18522,Object__Tasks__s3compatibleapi.md
02:51:36,https://docs.oracle.com/en-us/iaas/Content/Object/Tasks/s3compatibleapi_topic-Amazon_S3_Compatibility_API_Support.htm,200,35266,Object__Tasks__s3compatibleapi_topic-Amazon_S3_Compatibility_API_Support.md
02:51:37,https://docs.oracle.com/en-us/iaas/Content/Object/Tasks/search-objects.htm,200,10244,Object__Tasks__search-objects.md
02:51:38,https://docs.oracle.com/en-us/iaas/Content/Object/Tasks/swift-endpoints-curl.htm,200,11794,Object__Tasks__swift-endpoints-curl.md
02:51:39,https://docs.oracle.com/en-us/iaas/Content/Object/Tasks/sync-object.htm,200,10304,Object__Tasks__sync-object.md
02:51:40,https://docs.oracle.com/en-us/iaas/Content/Object/Tasks/understandingnamespaces.htm,200,11251,Object__Tasks__understandingnamespaces.md
02:51:41,https://docs.oracle.com/en-us/iaas/Content/Object/Tasks/update-private-endpoint.htm,200,12051,Object__Tasks__update-private-endpoint.md
02:51:43,https://docs.oracle.com/en-us/iaas/Content/Object/Tasks/usinglifecyclepolicies.htm,200,34488,Object__Tasks__usinglifecyclepolicies.md
02:51:44,https://docs.oracle.com/en-us/iaas/Content/Object/Tasks/usinglifecyclepolicies_topic-To_create_a_lifecycle_policy_rule.htm,200,23155,Object__Tasks__usinglifecyclepolicies_topic-To_create_a_lifecycle_policy_rule.md
02:51:45,https://docs.oracle.com/en-us/iaas/Content/Object/Tasks/usinglifecyclepolicies_topic-To_edit_a_lifecycle_policy_rule.htm,200,9528,Object__Tasks__usinglifecyclepolicies_topic-To_edit_a_lifecycle_policy_rule.md
02:51:46,https://docs.oracle.com/en-us/iaas/Content/Object/Tasks/usinglifecyclepolicies_topic-To_enable_disable_or_delete_a_lifecycle_policy_rule.htm,200,9173,Object__Tasks__usinglifecyclepolicies_topic-To_enable_disable_or_delete_a_lifecycle_policy_rule.md
02:51:47,https://docs.oracle.com/en-us/iaas/Content/Object/Tasks/usinglifecyclepolicies_topic-To_get_a_buckets_lifecycle_policy.htm,200,10690,Object__Tasks__usinglifecyclepolicies_topic-To_get_a_buckets_lifecycle_policy.md
02:51:49,https://docs.oracle.com/en-us/iaas/Content/Object/Tasks/usingmultipartuploads.htm,200,14115,Object__Tasks__usingmultipartuploads.md
02:51:50,https://docs.oracle.com/en-us/iaas/Content/Object/Tasks/usingmultipartuploads_topic-To_list_the_parts_of_an_unfinished_or_failed_multipart_upload.htm,200,8901,Object__Tasks__usingmultipartuploads_topic-To_list_the_parts_of_an_unfinished_or_failed_multipart_upload.md
02:51:51,https://docs.oracle.com/en-us/iaas/Content/Object/Tasks/usingmultipartuploads_topic-To_perform_a_multipart_upload_using_the_CLI.htm,200,9325,Object__Tasks__usingmultipartuploads_topic-To_perform_a_multipart_upload_using_the_CLI.md
02:51:52,https://docs.oracle.com/en-us/iaas/Content/Object/Tasks/usingmultipartuploads_topic-Using_the_Multipart_Upload_API.htm,200,13689,Object__Tasks__usingmultipartuploads_topic-Using_the_Multipart_Upload_API.md
02:51:54,https://docs.oracle.com/en-us/iaas/Content/Object/Tasks/usingpreauthenticatedrequests.htm,200,14607,Object__Tasks__usingpreauthenticatedrequests.md
02:51:55,https://docs.oracle.com/en-us/iaas/Content/Object/Tasks/usingpreauthenticatedrequests_topic-To_copy_a_preauthenticated_request_ID.htm,200,8738,Object__Tasks__usingpreauthenticatedrequests_topic-To_copy_a_preauthenticated_request_ID.md
02:51:57,https://docs.oracle.com/en-us/iaas/Content/Object/Tasks/usingpreauthenticatedrequests_topic-To_create_a_preauthenticated_request_for_all_objects_in_a_bucket.htm,200,29155,Object__Tasks__usingpreauthenticatedrequests_topic-To_create_a_preauthenticated_request_for_all_objects_in_a_bucket.md
02:51:58,https://docs.oracle.com/en-us/iaas/Content/Object/Tasks/usingpreauthenticatedrequests_topic-To_delete_a_preauthenticated_request.htm,200,9031,Object__Tasks__usingpreauthenticatedrequests_topic-To_delete_a_preauthenticated_request.md
02:51:59,https://docs.oracle.com/en-us/iaas/Content/Object/Tasks/usingpreauthenticatedrequests_topic-To_get_a_preauthenticated_request.htm,200,9401,Object__Tasks__usingpreauthenticatedrequests_topic-To_get_a_preauthenticated_request.md
02:52:00,https://docs.oracle.com/en-us/iaas/Content/Object/Tasks/usingpreauthenticatedrequests_topic-To_list_preauthenticated_requests.htm,200,12742,Object__Tasks__usingpreauthenticatedrequests_topic-To_list_preauthenticated_requests.md
02:52:01,https://docs.oracle.com/en-us/iaas/Content/Object/Tasks/usingpreauthenticatedrequests_topic-Working_with_PreAuthenticated_Requests.htm,200,25873,Object__Tasks__usingpreauthenticatedrequests_topic-Working_with_PreAuthenticated_Requests.md
02:52:02,https://docs.oracle.com/en-us/iaas/Content/Object/Tasks/usingreplication.htm,200,22050,Object__Tasks__usingreplication.md
02:52:03,https://docs.oracle.com/en-us/iaas/Content/Object/Tasks/usingreplication_topic-To_create_a_replication_policy.htm,200,11314,Object__Tasks__usingreplication_topic-To_create_a_replication_policy.md
02:52:04,https://docs.oracle.com/en-us/iaas/Content/Object/Tasks/usingreplication_topic-To_delete_the_replication_policy_on_the_source_bucket.htm,200,9229,Object__Tasks__usingreplication_topic-To_delete_the_replication_policy_on_the_source_bucket.md
02:52:05,https://docs.oracle.com/en-us/iaas/Content/Object/Tasks/usingreplication_topic-To_list_replication_policies.htm,200,9998,Object__Tasks__usingreplication_topic-To_list_replication_policies.md
02:52:07,https://docs.oracle.com/en-us/iaas/Content/Object/Tasks/usingreplication_topic-To_stop_replication_on_the_destination_bucket_and_make_the_bucket_writable.htm,200,9622,Object__Tasks__usingreplication_topic-To_stop_replication_on_the_destination_bucket_and_make_the_bucket_writable.md
02:52:08,https://docs.oracle.com/en-us/iaas/Content/Object/Tasks/usingreplication_topic-get_replication_policy.htm,200,8664,Object__Tasks__usingreplication_topic-get_replication_policy.md
02:52:09,https://docs.oracle.com/en-us/iaas/Content/Object/Tasks/usingretentionrules.htm,200,20953,Object__Tasks__usingretentionrules.md
02:52:11,https://docs.oracle.com/en-us/iaas/Content/Object/Tasks/usingretentionrules_topic-Get_retention_rule.htm,200,9047,Object__Tasks__usingretentionrules_topic-Get_retention_rule.md
02:52:12,https://docs.oracle.com/en-us/iaas/Content/Object/Tasks/usingretentionrules_topic-To_create_a_retention_rule.htm,200,14687,Object__Tasks__usingretentionrules_topic-To_create_a_retention_rule.md
02:52:13,https://docs.oracle.com/en-us/iaas/Content/Object/Tasks/usingretentionrules_topic-To_delete_a_retention_rule.htm,200,8636,Object__Tasks__usingretentionrules_topic-To_delete_a_retention_rule.md
02:52:14,https://docs.oracle.com/en-us/iaas/Content/Object/Tasks/usingretentionrules_topic-To_edit_a_retention_rule.htm,200,9659,Object__Tasks__usingretentionrules_topic-To_edit_a_retention_rule.md
02:52:15,https://docs.oracle.com/en-us/iaas/Content/Object/Tasks/usingretentionrules_topic-To_list_retention_rules.htm,200,11021,Object__Tasks__usingretentionrules_topic-To_list_retention_rules.md
02:52:16,https://docs.oracle.com/en-us/iaas/Content/Object/Tasks/usingversioning.htm,200,23824,Object__Tasks__usingversioning.md
02:52:17,https://docs.oracle.com/en-us/iaas/Content/Object/Tasks/usingversioning_topic-To_delete_an_object.htm,200,10541,Object__Tasks__usingversioning_topic-To_delete_an_object.md
02:52:18,https://docs.oracle.com/en-us/iaas/Content/Object/Tasks/usingversioning_topic-To_enable_object_versioning_after_bucket_creation.htm,200,10247,Object__Tasks__usingversioning_topic-To_enable_object_versioning_after_bucket_creation.md
02:52:18,https://docs.oracle.com/en-us/iaas/Content/Object/Tasks/usingversioning_topic-To_enable_versioning_during_bucket_creation.htm,200,9314,Object__Tasks__usingversioning_topic-To_enable_versioning_during_bucket_creation.md
02:52:20,https://docs.oracle.com/en-us/iaas/Content/Object/Tasks/usingversioning_topic-To_get_the_contents_of_an_object_version.htm,200,10332,Object__Tasks__usingversioning_topic-To_get_the_contents_of_an_object_version.md
02:52:21,https://docs.oracle.com/en-us/iaas/Content/Object/Tasks/usingversioning_topic-To_list_object_versions.htm,200,9791,Object__Tasks__usingversioning_topic-To_list_object_versions.md
02:52:22,https://docs.oracle.com/en-us/iaas/Content/Object/Tasks/usingversioning_topic-To_recover_a_deleted_object.htm,200,13428,Object__Tasks__usingversioning_topic-To_recover_a_deleted_object.md
02:52:23,https://docs.oracle.com/en-us/iaas/Content/Object/Tasks/work-requests.htm,200,11059,Object__Tasks__work-requests.md
02:52:24,https://docs.oracle.com/en-us/iaas/Content/Object/Troubleshooting/objectstoragetroubleshooting.htm,200,6750,Object__Troubleshooting__objectstoragetroubleshooting.md
02:52:25,https://docs.oracle.com/en-us/iaas/Content/Object/Troubleshooting/troubleshooting_console_connections.htm,200,12931,Object__Troubleshooting__troubleshooting_console_connections.md
02:52:26,https://docs.oracle.com/en-us/iaas/Content/Object/Troubleshooting/upload-object.htm,200,7108,Object__Troubleshooting__upload-object.md
02:52:27,https://docs.oracle.com/en-us/iaas/Content/Object/Troubleshooting/usingreplication_topic-Troubleshooting_Replication.htm,200,9731,Object__Troubleshooting__usingreplication_topic-Troubleshooting_Replication.md
02:52:28,https://docs.oracle.com/en-us/iaas/Content/Object/Troubleshooting/usingretentionrules_topic-Troubleshooting_Retention_Rules.htm,200,8663,Object__Troubleshooting__usingretentionrules_topic-Troubleshooting_Retention_Rules.md
02:52:29,https://docs.oracle.com/en-us/iaas/Content/Object/Troubleshooting/usingversioning_topic-Troubleshooting_Versioning.htm,200,8969,Object__Troubleshooting__usingversioning_topic-Troubleshooting_Versioning.md
02:52:30,https://docs.oracle.com/en-us/iaas/Content/Object/data-migration.htm,200,16346,Object__data-migration.md
02:52:31,https://docs.oracle.com/en-us/iaas/Content/Object/home.htm,200,13157,Object__home.md
02:52:32,https://docs.oracle.com/en-us/iaas/Content/Object/known-issues.htm,200,8453,Object__known-issues.md
02:52:33,https://docs.oracle.com/en-us/iaas/Content/Object/s3-post-upload.htm,200,36259,Object__s3-post-upload.md
02:52:34,https://docs.oracle.com/en-us/iaas/Content/Object/s3-virtual-style.htm,200,13788,Object__s3-virtual-style.md
02:52:36,https://docs.oracle.com/en-us/iaas/Content/Order-of-dr-plan-groups.html,404,15118,
02:52:37,https://docs.oracle.com/en-us/iaas/Content/Quotas/Concepts/autonomous_recovery_quotas.htm,200,7494,Quotas__Concepts__autonomous_recovery_quotas.md
02:52:38,https://docs.oracle.com/en-us/iaas/Content/Quotas/Concepts/ccc-quotas.htm,200,5583,Quotas__Concepts__ccc-quotas.md
02:52:39,https://docs.oracle.com/en-us/iaas/Content/Quotas/Concepts/full_stack_disaster_recovery_quotas.htm,200,7059,Quotas__Concepts__full_stack_disaster_recovery_quotas.md
02:52:40,https://docs.oracle.com/en-us/iaas/Content/Quotas/Concepts/known_issues.htm,200,5445,Quotas__Concepts__known_issues.md
02:52:41,https://docs.oracle.com/en-us/iaas/Content/Quotas/Concepts/loadbalancing_quotas.htm,200,9301,Quotas__Concepts__loadbalancing_quotas.md
02:52:42,https://docs.oracle.com/en-us/iaas/Content/Quotas/Concepts/managing_quota_policies.htm,200,6728,Quotas__Concepts__managing_quota_policies.md
02:52:43,https://docs.oracle.com/en-us/iaas/Content/Quotas/Concepts/quota_policy_syntax.htm,200,13633,Quotas__Concepts__quota_policy_syntax.md
02:52:44,https://docs.oracle.com/en-us/iaas/Content/Quotas/Concepts/resource_locking.htm,200,6935,Quotas__Concepts__resource_locking.md
02:52:45,https://docs.oracle.com/en-us/iaas/Content/Quotas/Concepts/resourcequotas.htm,200,10618,Quotas__Concepts__resourcequotas.md
02:52:46,https://docs.oracle.com/en-us/iaas/Content/Quotas/Concepts/resourcequotas_authentication_and_authorization.htm,200,8529,Quotas__Concepts__resourcequotas_authentication_and_authorization.md
02:52:48,https://docs.oracle.com/en-us/iaas/Content/Quotas/Concepts/resourcequotas_topic-APIGateway_Quotas.htm,200,9532,Quotas__Concepts__resourcequotas_topic-APIGateway_Quotas.md
02:52:49,https://docs.oracle.com/en-us/iaas/Content/Quotas/Concepts/resourcequotas_topic-Analytics_Cloud.htm,200,5576,Quotas__Concepts__resourcequotas_topic-Analytics_Cloud.md
02:52:50,https://docs.oracle.com/en-us/iaas/Content/Quotas/Concepts/resourcequotas_topic-Available_Quotas_by_Service.htm,200,12959,Quotas__Concepts__resourcequotas_topic-Available_Quotas_by_Service.md
02:52:51,https://docs.oracle.com/en-us/iaas/Content/Quotas/Concepts/resourcequotas_topic-Big_Data.htm,200,5471,Quotas__Concepts__resourcequotas_topic-Big_Data.md
02:52:51,https://docs.oracle.com/en-us/iaas/Content/Quotas/Concepts/resourcequotas_topic-Block_Volume_Quotas.htm,200,7234,Quotas__Concepts__resourcequotas_topic-Block_Volume_Quotas.md
02:52:53,https://docs.oracle.com/en-us/iaas/Content/Quotas/Concepts/resourcequotas_topic-Blockchain_Platform_Quotas.htm,200,5709,Quotas__Concepts__resourcequotas_topic-Blockchain_Platform_Quotas.md
02:52:54,https://docs.oracle.com/en-us/iaas/Content/Quotas/Concepts/resourcequotas_topic-Cloud_Guard_Quotas.htm,200,8817,Quotas__Concepts__resourcequotas_topic-Cloud_Guard_Quotas.md
02:52:54,https://docs.oracle.com/en-us/iaas/Content/Quotas/Concepts/resourcequotas_topic-Cluster_Placement_Groups_Quotas.htm,200,7430,Quotas__Concepts__resourcequotas_topic-Cluster_Placement_Groups_Quotas.md
02:52:55,https://docs.oracle.com/en-us/iaas/Content/Quotas/Concepts/resourcequotas_topic-Compute_Quotas.htm,200,86086,Quotas__Concepts__resourcequotas_topic-Compute_Quotas.md
02:52:56,https://docs.oracle.com/en-us/iaas/Content/Quotas/Concepts/resourcequotas_topic-ContainerEngine_Quotas.htm,200,7060,Quotas__Concepts__resourcequotas_topic-ContainerEngine_Quotas.md
02:52:58,https://docs.oracle.com/en-us/iaas/Content/Quotas/Concepts/resourcequotas_topic-Content_and_Experience.htm,200,5648,Quotas__Concepts__resourcequotas_topic-Content_and_Experience.md
02:52:58,https://docs.oracle.com/en-us/iaas/Content/Quotas/Concepts/resourcequotas_topic-DNS_Quotas.htm,200,9039,Quotas__Concepts__resourcequotas_topic-DNS_Quotas.md
02:52:59,https://docs.oracle.com/en-us/iaas/Content/Quotas/Concepts/resourcequotas_topic-Data_Catalog_Quotas.htm,200,6759,Quotas__Concepts__resourcequotas_topic-Data_Catalog_Quotas.md
02:53:01,https://docs.oracle.com/en-us/iaas/Content/Quotas/Concepts/resourcequotas_topic-Data_Integration_Quotas.htm,200,6847,Quotas__Concepts__resourcequotas_topic-Data_Integration_Quotas.md
02:53:02,https://docs.oracle.com/en-us/iaas/Content/Quotas/Concepts/resourcequotas_topic-Data_Labeling_Quotas.htm,200,7342,Quotas__Concepts__resourcequotas_topic-Data_Labeling_Quotas.md
02:53:02,https://docs.oracle.com/en-us/iaas/Content/Quotas/Concepts/resourcequotas_topic-Data_Science_Quotas.htm,200,9995,Quotas__Concepts__resourcequotas_topic-Data_Science_Quotas.md
02:53:04,https://docs.oracle.com/en-us/iaas/Content/Quotas/Concepts/resourcequotas_topic-Database_Migration_Quotas.htm,200,7350,Quotas__Concepts__resourcequotas_topic-Database_Migration_Quotas.md
02:53:05,https://docs.oracle.com/en-us/iaas/Content/Quotas/Concepts/resourcequotas_topic-Database_Quotas.htm,200,16221,Quotas__Concepts__resourcequotas_topic-Database_Quotas.md
02:53:06,https://docs.oracle.com/en-us/iaas/Content/Quotas/Concepts/resourcequotas_topic-Database_Tools_Quotas.htm,200,7819,Quotas__Concepts__resourcequotas_topic-Database_Tools_Quotas.md
02:53:08,https://docs.oracle.com/en-us/iaas/Content/Quotas/Concepts/resourcequotas_topic-Devops_Quotas.htm,200,9510,Quotas__Concepts__resourcequotas_topic-Devops_Quotas.md
02:53:09,https://docs.oracle.com/en-us/iaas/Content/Quotas/Concepts/resourcequotas_topic-Digital_Assistant_Quotas.htm,200,5641,Quotas__Concepts__resourcequotas_topic-Digital_Assistant_Quotas.md
02:53:10,https://docs.oracle.com/en-us/iaas/Content/Quotas/Concepts/resourcequotas_topic-Email_Delivery_Quotas.htm,200,6803,Quotas__Concepts__resourcequotas_topic-Email_Delivery_Quotas.md
02:53:11,https://docs.oracle.com/en-us/iaas/Content/Quotas/Concepts/resourcequotas_topic-Events_Quotas.htm,200,6699,Quotas__Concepts__resourcequotas_topic-Events_Quotas.md
02:53:12,https://docs.oracle.com/en-us/iaas/Content/Quotas/Concepts/resourcequotas_topic-File_Storage_Quotas.htm,200,8034,Quotas__Concepts__resourcequotas_topic-File_Storage_Quotas.md
02:53:14,https://docs.oracle.com/en-us/iaas/Content/Quotas/Concepts/resourcequotas_topic-File_Storage_w_Lustre_Quotas.htm,200,7031,Quotas__Concepts__resourcequotas_topic-File_Storage_w_Lustre_Quotas.md
02:53:15,https://docs.oracle.com/en-us/iaas/Content/Quotas/Concepts/resourcequotas_topic-GoldenGate_Quotas.htm,200,7181,Quotas__Concepts__resourcequotas_topic-GoldenGate_Quotas.md
02:53:16,https://docs.oracle.com/en-us/iaas/Content/Quotas/Concepts/resourcequotas_topic-Health_Checks_Quotas.htm,200,7816,Quotas__Concepts__resourcequotas_topic-Health_Checks_Quotas.md
02:53:17,https://docs.oracle.com/en-us/iaas/Content/Quotas/Concepts/resourcequotas_topic-Kafka_Quotas.htm,200,7542,Quotas__Concepts__resourcequotas_topic-Kafka_Quotas.md
02:53:18,https://docs.oracle.com/en-us/iaas/Content/Quotas/Concepts/resourcequotas_topic-Networking_Quotas.htm,200,7320,Quotas__Concepts__resourcequotas_topic-Networking_Quotas.md
02:53:19,https://docs.oracle.com/en-us/iaas/Content/Quotas/Concepts/resourcequotas_topic-NoSQL_Database_Cloud_Quotas.htm,200,5672,Quotas__Concepts__resourcequotas_topic-NoSQL_Database_Cloud_Quotas.md
02:53:20,https://docs.oracle.com/en-us/iaas/Content/Quotas/Concepts/resourcequotas_topic-Notifications_Quotas.htm,200,6759,Quotas__Concepts__resourcequotas_topic-Notifications_Quotas.md
02:53:21,https://docs.oracle.com/en-us/iaas/Content/Quotas/Concepts/resourcequotas_topic-Object_Storage_Quotas.htm,200,6996,Quotas__Concepts__resourcequotas_topic-Object_Storage_Quotas.md
02:53:22,https://docs.oracle.com/en-us/iaas/Content/Quotas/Concepts/resourcequotas_topic-Resource_Manager_Quotas.htm,200,9037,Quotas__Concepts__resourcequotas_topic-Resource_Manager_Quotas.md
02:53:24,https://docs.oracle.com/en-us/iaas/Content/Quotas/Concepts/resourcequotas_topic-Scanning_Quotas.htm,200,7551,Quotas__Concepts__resourcequotas_topic-Scanning_Quotas.md
02:53:24,https://docs.oracle.com/en-us/iaas/Content/Quotas/Concepts/resourcequotas_topic-Search_OpenSearch_Quotas.htm,200,7391,Quotas__Concepts__resourcequotas_topic-Search_OpenSearch_Quotas.md
02:53:26,https://docs.oracle.com/en-us/iaas/Content/Quotas/Concepts/resourcequotas_topic-Service_Mesh_Quotas.htm,200,7530,Quotas__Concepts__resourcequotas_topic-Service_Mesh_Quotas.md
02:53:27,https://docs.oracle.com/en-us/iaas/Content/Quotas/Concepts/resourcequotas_topic-Streaming_Quotas.htm,200,6705,Quotas__Concepts__resourcequotas_topic-Streaming_Quotas.md
02:53:28,https://docs.oracle.com/en-us/iaas/Content/Quotas/Concepts/resourcequotas_topic-Vault_Quotas.htm,200,7258,Quotas__Concepts__resourcequotas_topic-Vault_Quotas.md
02:53:29,https://docs.oracle.com/en-us/iaas/Content/Quotas/Concepts/resourcequotas_topic-WAF_Quotas.htm,200,6665,Quotas__Concepts__resourcequotas_topic-WAF_Quotas.md
02:53:30,https://docs.oracle.com/en-us/iaas/Content/Quotas/Concepts/resourcequotas_topic-container-instances.htm,200,13545,Quotas__Concepts__resourcequotas_topic-container-instances.md
02:53:32,https://docs.oracle.com/en-us/iaas/Content/Quotas/Concepts/resourcequotas_topic-fleet-management_quotas.htm,200,10311,Quotas__Concepts__resourcequotas_topic-fleet-management_quotas.md
02:53:32,https://docs.oracle.com/en-us/iaas/Content/Quotas/Concepts/resourcequotas_topic-integration-quotas.htm,200,5611,Quotas__Concepts__resourcequotas_topic-integration-quotas.md
02:53:33,https://docs.oracle.com/en-us/iaas/Content/Quotas/Concepts/resourcequotas_topic-java-management-quotas.htm,200,6952,Quotas__Concepts__resourcequotas_topic-java-management-quotas.md
02:53:35,https://docs.oracle.com/en-us/iaas/Content/Quotas/Concepts/resourcequotas_topic-managementagent_quotas.htm,200,7760,Quotas__Concepts__resourcequotas_topic-managementagent_quotas.md
02:53:35,https://docs.oracle.com/en-us/iaas/Content/Quotas/Concepts/resourcequotas_topic-media-services_quotas.htm,200,6824,Quotas__Concepts__resourcequotas_topic-media-services_quotas.md
02:53:37,https://docs.oracle.com/en-us/iaas/Content/Quotas/Concepts/resourcequotas_topic-postgresql_Quotas.htm,200,8149,Quotas__Concepts__resourcequotas_topic-postgresql_Quotas.md
02:53:38,https://docs.oracle.com/en-us/iaas/Content/Quotas/Concepts/resourcequotas_topic-process-automation-quotas.htm,200,5662,Quotas__Concepts__resourcequotas_topic-process-automation-quotas.md
02:53:39,https://docs.oracle.com/en-us/iaas/Content/Quotas/Concepts/resourcequotas_topic-queue_Quotas.htm,200,6661,Quotas__Concepts__resourcequotas_topic-queue_Quotas.md
02:53:40,https://docs.oracle.com/en-us/iaas/Content/Quotas/Concepts/resourcequotas_topic-serviceconnectorhub.htm,200,6876,Quotas__Concepts__resourcequotas_topic-serviceconnectorhub.md
02:53:41,https://docs.oracle.com/en-us/iaas/Content/Quotas/Concepts/sample_quotas.htm,200,12129,Quotas__Concepts__sample_quotas.md
02:53:42,https://docs.oracle.com/en-us/iaas/Content/Quotas/Concepts/secure-desktops-quotas.htm,200,5569,Quotas__Concepts__secure-desktops-quotas.md
02:53:43,https://docs.oracle.com/en-us/iaas/Content/Quotas/Tasks/create-quota.htm,200,10040,Quotas__Tasks__create-quota.md
02:53:44,https://docs.oracle.com/en-us/iaas/Content/Quotas/Tasks/delete-quota.htm,200,7385,Quotas__Tasks__delete-quota.md
02:53:44,https://docs.oracle.com/en-us/iaas/Content/Quotas/Tasks/get-quota.htm,200,7326,Quotas__Tasks__get-quota.md
02:53:45,https://docs.oracle.com/en-us/iaas/Content/Quotas/Tasks/list-quota.htm,200,7612,Quotas__Tasks__list-quota.md
02:53:47,https://docs.oracle.com/en-us/iaas/Content/Quotas/Tasks/tag-quota-create.htm,200,8368,Quotas__Tasks__tag-quota-create.md
02:53:48,https://docs.oracle.com/en-us/iaas/Content/Quotas/Tasks/tag-quota-update.htm,200,8290,Quotas__Tasks__tag-quota-update.md
02:53:49,https://docs.oracle.com/en-us/iaas/Content/Quotas/Tasks/tag-quota.htm,200,6710,Quotas__Tasks__tag-quota.md
02:53:50,https://docs.oracle.com/en-us/iaas/Content/Quotas/Tasks/update-quota.htm,200,8487,Quotas__Tasks__update-quota.md
02:53:51,https://docs.oracle.com/en-us/iaas/Content/Quotas/home.htm,200,10056,Quotas__home.md
02:53:52,https://docs.oracle.com/en-us/iaas/Content/Registry/Concepts/registryconcepts.htm,200,22847,Registry__Concepts__registryconcepts.md
02:53:53,https://docs.oracle.com/en-us/iaas/Content/Registry/Concepts/registryoverview.htm,200,17479,Registry__Concepts__registryoverview.md
02:53:54,https://docs.oracle.com/en-us/iaas/Content/Registry/Concepts/registrypolicyrepoaccess.htm,200,17683,Registry__Concepts__registrypolicyrepoaccess.md
02:53:55,https://docs.oracle.com/en-us/iaas/Content/Registry/Concepts/registryprerequisites.htm,200,32825,Registry__Concepts__registryprerequisites.md
02:53:56,https://docs.oracle.com/en-us/iaas/Content/Registry/Tasks/edit-repository.htm,200,11204,Registry__Tasks__edit-repository.md
02:53:57,https://docs.oracle.com/en-us/iaas/Content/Registry/Tasks/get-repository.htm,200,8609,Registry__Tasks__get-repository.md
02:53:58,https://docs.oracle.com/en-us/iaas/Content/Registry/Tasks/list-images.htm,200,8561,Registry__Tasks__list-images.md
02:53:59,https://docs.oracle.com/en-us/iaas/Content/Registry/Tasks/list-repository.htm,200,9308,Registry__Tasks__list-repository.md
02:54:01,https://docs.oracle.com/en-us/iaas/Content/Registry/Tasks/registrycreatingarepository.htm,200,13490,Registry__Tasks__registrycreatingarepository.md
02:54:02,https://docs.oracle.com/en-us/iaas/Content/Registry/Tasks/registrydeletingimages.htm,200,10143,Registry__Tasks__registrydeletingimages.md
02:54:03,https://docs.oracle.com/en-us/iaas/Content/Registry/Tasks/registrydeletingrepos.htm,200,9184,Registry__Tasks__registrydeletingrepos.md
02:54:04,https://docs.oracle.com/en-us/iaas/Content/Registry/Tasks/registrygettingauthtoken.htm,200,7426,Registry__Tasks__registrygettingauthtoken.md
02:54:06,https://docs.oracle.com/en-us/iaas/Content/Registry/Tasks/registryimagespushingpulling.htm,200,6420,Registry__Tasks__registryimagespushingpulling.md
02:54:07,https://docs.oracle.com/en-us/iaas/Content/Registry/Tasks/registryimagessecuringimages.htm,200,5966,Registry__Tasks__registryimagessecuringimages.md
02:54:08,https://docs.oracle.com/en-us/iaas/Content/Registry/Tasks/registrymanagingimageretention.htm,200,24585,Registry__Tasks__registrymanagingimageretention.md
02:54:09,https://docs.oracle.com/en-us/iaas/Content/Registry/Tasks/registrymanagingrepositories.htm,200,6638,Registry__Tasks__registrymanagingrepositories.md
02:54:09,https://docs.oracle.com/en-us/iaas/Content/Registry/Tasks/registrymanagingrimages.htm,200,6635,Registry__Tasks__registrymanagingrimages.md
02:54:10,https://docs.oracle.com/en-us/iaas/Content/Registry/Tasks/registrymovingrepos.htm,200,9793,Registry__Tasks__registrymovingrepos.md
02:54:12,https://docs.oracle.com/en-us/iaas/Content/Registry/Tasks/registrypullingimagesfromocir.htm,200,13687,Registry__Tasks__registrypullingimagesfromocir.md
02:54:13,https://docs.oracle.com/en-us/iaas/Content/Registry/Tasks/registrypullingimagesusingthedockercli.htm,200,13927,Registry__Tasks__registrypullingimagesusingthedockercli.md
02:54:14,https://docs.oracle.com/en-us/iaas/Content/Registry/Tasks/registrypushingimagesusingthedockercli.htm,200,21194,Registry__Tasks__registrypushingimagesusingthedockercli.md
02:54:15,https://docs.oracle.com/en-us/iaas/Content/Registry/Tasks/registryscanningimagesforvulnerabilities.htm,200,19341,Registry__Tasks__registryscanningimagesforvulnerabilities.md
02:54:17,https://docs.oracle.com/en-us/iaas/Content/Registry/Tasks/registrysigningimages_topic.htm,200,26037,Registry__Tasks__registrysigningimages_topic.md
02:54:18,https://docs.oracle.com/en-us/iaas/Content/Registry/Tasks/registrytaggingresourceswithfreeformdefinedtags.htm,200,24748,Registry__Tasks__registrytaggingresourceswithfreeformdefinedtags.md
02:54:19,https://docs.oracle.com/en-us/iaas/Content/Registry/Tasks/registryuntaggingimages.htm,200,9562,Registry__Tasks__registryuntaggingimages.md
02:54:20,https://docs.oracle.com/en-us/iaas/Content/Registry/Tasks/registryviewingimagedetails.htm,200,13180,Registry__Tasks__registryviewingimagedetails.md
02:54:21,https://docs.oracle.com/en-us/iaas/Content/Registry/Tasks/undelete-image.htm,200,7663,Registry__Tasks__undelete-image.md
02:54:22,https://docs.oracle.com/en-us/iaas/Content/Registry/home.htm,200,12346,Registry__home.md
02:54:24,https://docs.oracle.com/en-us/iaas/Content/Registry/known-issues/registry-known-issues.htm,200,12591,Registry__known-issues__registry-known-issues.md
02:54:24,https://docs.oracle.com/en-us/iaas/Content/ResourceManager/Concepts/authoring-configurations.htm,200,32529,ResourceManager__Concepts__authoring-configurations.md
02:54:26,https://docs.oracle.com/en-us/iaas/Content/ResourceManager/Concepts/iac-tools.htm,200,6601,ResourceManager__Concepts__iac-tools.md
02:54:27,https://docs.oracle.com/en-us/iaas/Content/ResourceManager/Concepts/premium-jobs.htm,200,10311,ResourceManager__Concepts__premium-jobs.md
02:54:28,https://docs.oracle.com/en-us/iaas/Content/ResourceManager/Concepts/providers.htm,200,26731,ResourceManager__Concepts__providers.md
02:54:30,https://docs.oracle.com/en-us/iaas/Content/ResourceManager/Concepts/resource-discovery.htm,200,51398,ResourceManager__Concepts__resource-discovery.md
02:54:31,https://docs.oracle.com/en-us/iaas/Content/ResourceManager/Concepts/resource-manager-and-terraform.htm,200,14473,ResourceManager__Concepts__resource-manager-and-terraform.md
02:54:32,https://docs.oracle.com/en-us/iaas/Content/ResourceManager/Concepts/resourcemanager.htm,200,53153,ResourceManager__Concepts__resourcemanager.md
02:54:34,https://docs.oracle.com/en-us/iaas/Content/ResourceManager/Concepts/samplecomputeinstance.htm,200,84229,ResourceManager__Concepts__samplecomputeinstance.md
02:54:35,https://docs.oracle.com/en-us/iaas/Content/ResourceManager/Concepts/terraform-async.htm,200,9836,ResourceManager__Concepts__terraform-async.md
02:54:36,https://docs.oracle.com/en-us/iaas/Content/ResourceManager/Concepts/terraformconfigresourcemanager.htm,200,23641,ResourceManager__Concepts__terraformconfigresourcemanager.md
02:54:38,https://docs.oracle.com/en-us/iaas/Content/ResourceManager/Concepts/terraformconfigresourcemanager_topic-schema.htm,200,122611,ResourceManager__Concepts__terraformconfigresourcemanager_topic-schema.md
02:54:39,https://docs.oracle.com/en-us/iaas/Content/ResourceManager/Concepts/terraformhost.htm,200,7143,ResourceManager__Concepts__terraformhost.md
02:54:41,https://docs.oracle.com/en-us/iaas/Content/ResourceManager/Reference/deprecated-resources.htm,200,49735,ResourceManager__Reference__deprecated-resources.md
02:54:42,https://docs.oracle.com/en-us/iaas/Content/ResourceManager/Reference/services-reference.htm,200,8905,ResourceManager__Reference__services-reference.md
02:54:43,https://docs.oracle.com/en-us/iaas/Content/ResourceManager/Reference/templates.htm,200,23972,ResourceManager__Reference__templates.md
02:54:44,https://docs.oracle.com/en-us/iaas/Content/ResourceManager/Reference/terraformversions.htm,200,13176,ResourceManager__Reference__terraformversions.md
02:54:45,https://docs.oracle.com/en-us/iaas/Content/ResourceManager/Tasks/auto-rollback.htm,200,14051,ResourceManager__Tasks__auto-rollback.md
02:54:47,https://docs.oracle.com/en-us/iaas/Content/ResourceManager/Tasks/bulk-destroy-delete.htm,200,9600,ResourceManager__Tasks__bulk-destroy-delete.md
02:54:48,https://docs.oracle.com/en-us/iaas/Content/ResourceManager/Tasks/bulk-destroy-delete2.htm,200,9602,ResourceManager__Tasks__bulk-destroy-delete2.md
02:54:49,https://docs.oracle.com/en-us/iaas/Content/ResourceManager/Tasks/cancel-job.htm,200,9517,ResourceManager__Tasks__cancel-job.md
02:54:50,https://docs.oracle.com/en-us/iaas/Content/ResourceManager/Tasks/change-compartment-csp.htm,200,8482,ResourceManager__Tasks__change-compartment-csp.md
02:54:51,https://docs.oracle.com/en-us/iaas/Content/ResourceManager/Tasks/change-compartment-stack.htm,200,7948,ResourceManager__Tasks__change-compartment-stack.md
02:54:52,https://docs.oracle.com/en-us/iaas/Content/ResourceManager/Tasks/change-compartment-template.htm,200,8111,ResourceManager__Tasks__change-compartment-template.md
02:54:53,https://docs.oracle.com/en-us/iaas/Content/ResourceManager/Tasks/code-editor.htm,200,12653,ResourceManager__Tasks__code-editor.md
02:54:54,https://docs.oracle.com/en-us/iaas/Content/ResourceManager/Tasks/copy-stacks.htm,200,8133,ResourceManager__Tasks__copy-stacks.md
02:54:56,https://docs.oracle.com/en-us/iaas/Content/ResourceManager/Tasks/create-csp-bb-cloud.htm,200,14995,ResourceManager__Tasks__create-csp-bb-cloud.md
02:54:57,https://docs.oracle.com/en-us/iaas/Content/ResourceManager/Tasks/create-csp-bb-server.htm,200,22324,ResourceManager__Tasks__create-csp-bb-server.md
02:54:58,https://docs.oracle.com/en-us/iaas/Content/ResourceManager/Tasks/create-csp-github.htm,200,21484,ResourceManager__Tasks__create-csp-github.md
02:54:59,https://docs.oracle.com/en-us/iaas/Content/ResourceManager/Tasks/create-csp-gitlab.htm,200,20528,ResourceManager__Tasks__create-csp-gitlab.md
02:55:00,https://docs.oracle.com/en-us/iaas/Content/ResourceManager/Tasks/create-csp.htm,200,6518,ResourceManager__Tasks__create-csp.md
02:55:02,https://docs.oracle.com/en-us/iaas/Content/ResourceManager/Tasks/create-job-apply-rollback.htm,200,17665,ResourceManager__Tasks__create-job-apply-rollback.md
02:55:03,https://docs.oracle.com/en-us/iaas/Content/ResourceManager/Tasks/create-job-apply.htm,200,17980,ResourceManager__Tasks__create-job-apply.md
02:55:04,https://docs.oracle.com/en-us/iaas/Content/ResourceManager/Tasks/create-job-debug.htm,200,10238,ResourceManager__Tasks__create-job-debug.md
02:55:05,https://docs.oracle.com/en-us/iaas/Content/ResourceManager/Tasks/create-job-destroy.htm,200,17540,ResourceManager__Tasks__create-job-destroy.md
02:55:06,https://docs.oracle.com/en-us/iaas/Content/ResourceManager/Tasks/create-job-import.htm,200,13120,ResourceManager__Tasks__create-job-import.md
02:55:07,https://docs.oracle.com/en-us/iaas/Content/ResourceManager/Tasks/create-job-lock-file.htm,200,11166,ResourceManager__Tasks__create-job-lock-file.md
02:55:09,https://docs.oracle.com/en-us/iaas/Content/ResourceManager/Tasks/create-job-plan-rollback.htm,200,15447,ResourceManager__Tasks__create-job-plan-rollback.md
02:55:10,https://docs.oracle.com/en-us/iaas/Content/ResourceManager/Tasks/create-job-plan.htm,200,14797,ResourceManager__Tasks__create-job-plan.md
02:55:11,https://docs.oracle.com/en-us/iaas/Content/ResourceManager/Tasks/create-job.htm,200,8240,ResourceManager__Tasks__create-job.md
02:55:13,https://docs.oracle.com/en-us/iaas/Content/ResourceManager/Tasks/create-private-endpoints.htm,200,19035,ResourceManager__Tasks__create-private-endpoints.md
02:55:14,https://docs.oracle.com/en-us/iaas/Content/ResourceManager/Tasks/create-quick-create-links-stacks.htm,200,11854,ResourceManager__Tasks__create-quick-create-links-stacks.md
02:55:15,https://docs.oracle.com/en-us/iaas/Content/ResourceManager/Tasks/create-stack-bitbucket-cloud.htm,200,14689,ResourceManager__Tasks__create-stack-bitbucket-cloud.md
02:55:17,https://docs.oracle.com/en-us/iaas/Content/ResourceManager/Tasks/create-stack-bitbucket-server.htm,200,14259,ResourceManager__Tasks__create-stack-bitbucket-server.md
02:55:18,https://docs.oracle.com/en-us/iaas/Content/ResourceManager/Tasks/create-stack-bucket.htm,200,13115,ResourceManager__Tasks__create-stack-bucket.md
02:55:20,https://docs.oracle.com/en-us/iaas/Content/ResourceManager/Tasks/create-stack-compartment.htm,200,18530,ResourceManager__Tasks__create-stack-compartment.md
02:55:21,https://docs.oracle.com/en-us/iaas/Content/ResourceManager/Tasks/create-stack-devops.htm,200,12966,ResourceManager__Tasks__create-stack-devops.md
02:55:22,https://docs.oracle.com/en-us/iaas/Content/ResourceManager/Tasks/create-stack-from-csp-bitbucket-cloud.htm,200,14179,ResourceManager__Tasks__create-stack-from-csp-bitbucket-cloud.md
02:55:23,https://docs.oracle.com/en-us/iaas/Content/ResourceManager/Tasks/create-stack-from-csp-bitbucket-server.htm,200,13674,ResourceManager__Tasks__create-stack-from-csp-bitbucket-server.md
02:55:24,https://docs.oracle.com/en-us/iaas/Content/ResourceManager/Tasks/create-stack-from-csp-git.htm,200,14411,ResourceManager__Tasks__create-stack-from-csp-git.md
02:55:25,https://docs.oracle.com/en-us/iaas/Content/ResourceManager/Tasks/create-stack-from-csp.htm,200,6745,ResourceManager__Tasks__create-stack-from-csp.md
02:55:26,https://docs.oracle.com/en-us/iaas/Content/ResourceManager/Tasks/create-stack-from-private-template.htm,200,12302,ResourceManager__Tasks__create-stack-from-private-template.md
02:55:27,https://docs.oracle.com/en-us/iaas/Content/ResourceManager/Tasks/create-stack-git.htm,200,16519,ResourceManager__Tasks__create-stack-git.md
02:55:28,https://docs.oracle.com/en-us/iaas/Content/ResourceManager/Tasks/create-stack-local-folder.htm,200,11119,ResourceManager__Tasks__create-stack-local-folder.md
02:55:29,https://docs.oracle.com/en-us/iaas/Content/ResourceManager/Tasks/create-stack-local.htm,200,14733,ResourceManager__Tasks__create-stack-local.md
02:55:30,https://docs.oracle.com/en-us/iaas/Content/ResourceManager/Tasks/create-stack-resource.htm,200,10988,ResourceManager__Tasks__create-stack-resource.md
02:55:31,https://docs.oracle.com/en-us/iaas/Content/ResourceManager/Tasks/create-stack-template.htm,200,12389,ResourceManager__Tasks__create-stack-template.md
02:55:32,https://docs.oracle.com/en-us/iaas/Content/ResourceManager/Tasks/create-stack.htm,200,8607,ResourceManager__Tasks__create-stack.md
02:55:33,https://docs.oracle.com/en-us/iaas/Content/ResourceManager/Tasks/create-template.htm,200,11442,ResourceManager__Tasks__create-template.md
02:55:35,https://docs.oracle.com/en-us/iaas/Content/ResourceManager/Tasks/delete-csp.htm,200,8882,ResourceManager__Tasks__delete-csp.md
02:55:36,https://docs.oracle.com/en-us/iaas/Content/ResourceManager/Tasks/delete-private-endpoints.htm,200,7650,ResourceManager__Tasks__delete-private-endpoints.md
02:55:37,https://docs.oracle.com/en-us/iaas/Content/ResourceManager/Tasks/delete-stack.htm,200,8476,ResourceManager__Tasks__delete-stack.md
02:55:38,https://docs.oracle.com/en-us/iaas/Content/ResourceManager/Tasks/delete-template.htm,200,7920,ResourceManager__Tasks__delete-template.md
02:55:40,https://docs.oracle.com/en-us/iaas/Content/ResourceManager/Tasks/deploybutton.htm,200,19166,ResourceManager__Tasks__deploybutton.md
02:55:41,https://docs.oracle.com/en-us/iaas/Content/ResourceManager/Tasks/detect-drift.htm,200,12651,ResourceManager__Tasks__detect-drift.md
02:55:42,https://docs.oracle.com/en-us/iaas/Content/ResourceManager/Tasks/devtools.htm,200,23849,ResourceManager__Tasks__devtools.md
02:55:43,https://docs.oracle.com/en-us/iaas/Content/ResourceManager/Tasks/get-csp.htm,200,7812,ResourceManager__Tasks__get-csp.md
02:55:45,https://docs.oracle.com/en-us/iaas/Content/ResourceManager/Tasks/get-job-detailed-log-content.htm,200,9863,ResourceManager__Tasks__get-job-detailed-log-content.md
02:55:46,https://docs.oracle.com/en-us/iaas/Content/ResourceManager/Tasks/get-job-logs-content.htm,200,8366,ResourceManager__Tasks__get-job-logs-content.md
02:55:47,https://docs.oracle.com/en-us/iaas/Content/ResourceManager/Tasks/get-job-logs.htm,200,11929,ResourceManager__Tasks__get-job-logs.md
02:55:48,https://docs.oracle.com/en-us/iaas/Content/ResourceManager/Tasks/get-job-tf-config.htm,200,8919,ResourceManager__Tasks__get-job-tf-config.md
02:55:49,https://docs.oracle.com/en-us/iaas/Content/ResourceManager/Tasks/get-job-tf-plan.htm,200,8848,ResourceManager__Tasks__get-job-tf-plan.md
02:55:50,https://docs.oracle.com/en-us/iaas/Content/ResourceManager/Tasks/get-job-tf-state.htm,200,14850,ResourceManager__Tasks__get-job-tf-state.md
02:55:52,https://docs.oracle.com/en-us/iaas/Content/ResourceManager/Tasks/get-job.htm,200,8729,ResourceManager__Tasks__get-job.md
02:55:53,https://docs.oracle.com/en-us/iaas/Content/ResourceManager/Tasks/get-private-endpoint-reachable-ip.htm,200,8962,ResourceManager__Tasks__get-private-endpoint-reachable-ip.md
02:55:54,https://docs.oracle.com/en-us/iaas/Content/ResourceManager/Tasks/get-private-endpoints.htm,200,9821,ResourceManager__Tasks__get-private-endpoints.md
02:55:55,https://docs.oracle.com/en-us/iaas/Content/ResourceManager/Tasks/get-stack-tf-config.htm,200,8878,ResourceManager__Tasks__get-stack-tf-config.md
02:55:56,https://docs.oracle.com/en-us/iaas/Content/ResourceManager/Tasks/get-stack-tf-state.htm,200,8140,ResourceManager__Tasks__get-stack-tf-state.md
02:55:57,https://docs.oracle.com/en-us/iaas/Content/ResourceManager/Tasks/get-stack-vars.htm,200,6700,ResourceManager__Tasks__get-stack-vars.md
02:55:58,https://docs.oracle.com/en-us/iaas/Content/ResourceManager/Tasks/get-stack.htm,200,7309,ResourceManager__Tasks__get-stack.md
02:55:59,https://docs.oracle.com/en-us/iaas/Content/ResourceManager/Tasks/get-template-logo.htm,200,7656,ResourceManager__Tasks__get-template-logo.md
02:56:00,https://docs.oracle.com/en-us/iaas/Content/ResourceManager/Tasks/get-template-tf-config.htm,200,7785,ResourceManager__Tasks__get-template-tf-config.md
02:56:01,https://docs.oracle.com/en-us/iaas/Content/ResourceManager/Tasks/get-template.htm,200,7458,ResourceManager__Tasks__get-template.md
02:56:01,https://docs.oracle.com/en-us/iaas/Content/ResourceManager/Tasks/get-work-request-log-entries-content.htm,200,8353,ResourceManager__Tasks__get-work-request-log-entries-content.md
02:56:02,https://docs.oracle.com/en-us/iaas/Content/ResourceManager/Tasks/get-work-request.htm,200,10398,ResourceManager__Tasks__get-work-request.md
02:56:04,https://docs.oracle.com/en-us/iaas/Content/ResourceManager/Tasks/inspect-resources.htm,200,8820,ResourceManager__Tasks__inspect-resources.md
02:56:05,https://docs.oracle.com/en-us/iaas/Content/ResourceManager/Tasks/jobs.htm,200,15599,ResourceManager__Tasks__jobs.md
02:56:05,https://docs.oracle.com/en-us/iaas/Content/ResourceManager/Tasks/list-csp.htm,200,10469,ResourceManager__Tasks__list-csp.md
02:56:06,https://docs.oracle.com/en-us/iaas/Content/ResourceManager/Tasks/list-discovery-services.htm,200,9916,ResourceManager__Tasks__list-discovery-services.md
02:56:07,https://docs.oracle.com/en-us/iaas/Content/ResourceManager/Tasks/list-drift.htm,200,10721,ResourceManager__Tasks__list-drift.md
02:56:09,https://docs.oracle.com/en-us/iaas/Content/ResourceManager/Tasks/list-job-outputs.htm,200,8816,ResourceManager__Tasks__list-job-outputs.md
02:56:10,https://docs.oracle.com/en-us/iaas/Content/ResourceManager/Tasks/list-job-resources.htm,200,8565,ResourceManager__Tasks__list-job-resources.md
02:56:11,https://docs.oracle.com/en-us/iaas/Content/ResourceManager/Tasks/list-jobs.htm,200,10686,ResourceManager__Tasks__list-jobs.md
02:56:12,https://docs.oracle.com/en-us/iaas/Content/ResourceManager/Tasks/list-private-endpoints.htm,200,10488,ResourceManager__Tasks__list-private-endpoints.md
02:56:13,https://docs.oracle.com/en-us/iaas/Content/ResourceManager/Tasks/list-stack-resources.htm,200,7898,ResourceManager__Tasks__list-stack-resources.md
02:56:15,https://docs.oracle.com/en-us/iaas/Content/ResourceManager/Tasks/list-stacks.htm,200,9849,ResourceManager__Tasks__list-stacks.md
02:56:16,https://docs.oracle.com/en-us/iaas/Content/ResourceManager/Tasks/list-template-categories.htm,200,7738,ResourceManager__Tasks__list-template-categories.md
02:56:16,https://docs.oracle.com/en-us/iaas/Content/ResourceManager/Tasks/list-template.htm,200,10331,ResourceManager__Tasks__list-template.md
02:56:17,https://docs.oracle.com/en-us/iaas/Content/ResourceManager/Tasks/list-tf-versions.htm,200,8155,ResourceManager__Tasks__list-tf-versions.md
02:56:18,https://docs.oracle.com/en-us/iaas/Content/ResourceManager/Tasks/list-work-request-errors.htm,200,9477,ResourceManager__Tasks__list-work-request-errors.md
02:56:19,https://docs.oracle.com/en-us/iaas/Content/ResourceManager/Tasks/list-work-request-logs.htm,200,10550,ResourceManager__Tasks__list-work-request-logs.md
02:56:20,https://docs.oracle.com/en-us/iaas/Content/ResourceManager/Tasks/list-work-request.htm,200,9139,ResourceManager__Tasks__list-work-request.md
02:56:21,https://docs.oracle.com/en-us/iaas/Content/ResourceManager/Tasks/managingconfigurationsourceproviders.htm,200,18833,ResourceManager__Tasks__managingconfigurationsourceproviders.md
02:56:22,https://docs.oracle.com/en-us/iaas/Content/ResourceManager/Tasks/managingprivatetemplates.htm,200,9985,ResourceManager__Tasks__managingprivatetemplates.md
02:56:23,https://docs.oracle.com/en-us/iaas/Content/ResourceManager/Tasks/managingstacksandjobs.htm,200,22849,ResourceManager__Tasks__managingstacksandjobs.md
02:56:24,https://docs.oracle.com/en-us/iaas/Content/ResourceManager/Tasks/managingstacksandjobs_topic-checkver.htm,200,8476,ResourceManager__Tasks__managingstacksandjobs_topic-checkver.md
02:56:25,https://docs.oracle.com/en-us/iaas/Content/ResourceManager/Tasks/managingworkrequests.htm,200,6987,ResourceManager__Tasks__managingworkrequests.md
02:56:26,https://docs.oracle.com/en-us/iaas/Content/ResourceManager/Tasks/move-private-endpoints.htm,200,8064,ResourceManager__Tasks__move-private-endpoints.md
02:56:27,https://docs.oracle.com/en-us/iaas/Content/ResourceManager/Tasks/private-endpoints.htm,200,20420,ResourceManager__Tasks__private-endpoints.md
02:56:28,https://docs.oracle.com/en-us/iaas/Content/ResourceManager/Tasks/recreate-infra.htm,200,10245,ResourceManager__Tasks__recreate-infra.md
02:56:29,https://docs.oracle.com/en-us/iaas/Content/ResourceManager/Tasks/stacks.htm,200,17794,ResourceManager__Tasks__stacks.md
02:56:30,https://docs.oracle.com/en-us/iaas/Content/ResourceManager/Tasks/terraform-boot-volumes.htm,200,13351,ResourceManager__Tasks__terraform-boot-volumes.md
02:56:31,https://docs.oracle.com/en-us/iaas/Content/ResourceManager/Tasks/terraform-manage-default-vcn-resources.htm,200,10667,ResourceManager__Tasks__terraform-manage-default-vcn-resources.md
02:56:32,https://docs.oracle.com/en-us/iaas/Content/ResourceManager/Tasks/terraform-migrate-an-exadata-db.htm,200,12890,ResourceManager__Tasks__terraform-migrate-an-exadata-db.md
02:56:34,https://docs.oracle.com/en-us/iaas/Content/ResourceManager/Tasks/terraform-referencing-availability-domains.htm,200,11721,ResourceManager__Tasks__terraform-referencing-availability-domains.md
02:56:35,https://docs.oracle.com/en-us/iaas/Content/ResourceManager/Tasks/terraform-referencing-images.htm,200,8179,ResourceManager__Tasks__terraform-referencing-images.md
02:56:37,https://docs.oracle.com/en-us/iaas/Content/ResourceManager/Tasks/terraform-specifying-versions.htm,200,9787,ResourceManager__Tasks__terraform-specifying-versions.md
02:56:37,https://docs.oracle.com/en-us/iaas/Content/ResourceManager/Tasks/terraform-tagging-resources.htm,200,9884,ResourceManager__Tasks__terraform-tagging-resources.md
02:56:39,https://docs.oracle.com/en-us/iaas/Content/ResourceManager/Tasks/terraform-targeting-multiple-regions.htm,200,10286,ResourceManager__Tasks__terraform-targeting-multiple-regions.md
02:56:40,https://docs.oracle.com/en-us/iaas/Content/ResourceManager/Tasks/to_add_resources_stack.htm,200,16763,ResourceManager__Tasks__to_add_resources_stack.md
02:56:41,https://docs.oracle.com/en-us/iaas/Content/ResourceManager/Tasks/update-csp-basic.htm,200,9640,ResourceManager__Tasks__update-csp-basic.md
02:56:42,https://docs.oracle.com/en-us/iaas/Content/ResourceManager/Tasks/update-csp-bb-cloud.htm,200,11964,ResourceManager__Tasks__update-csp-bb-cloud.md
02:56:42,https://docs.oracle.com/en-us/iaas/Content/ResourceManager/Tasks/update-csp-bb-server.htm,200,10858,ResourceManager__Tasks__update-csp-bb-server.md
02:56:43,https://docs.oracle.com/en-us/iaas/Content/ResourceManager/Tasks/update-csp-github.htm,200,10526,ResourceManager__Tasks__update-csp-github.md
02:56:45,https://docs.oracle.com/en-us/iaas/Content/ResourceManager/Tasks/update-csp-gitlab.htm,200,10327,ResourceManager__Tasks__update-csp-gitlab.md
02:56:46,https://docs.oracle.com/en-us/iaas/Content/ResourceManager/Tasks/update-csp.htm,200,7623,ResourceManager__Tasks__update-csp.md
02:56:46,https://docs.oracle.com/en-us/iaas/Content/ResourceManager/Tasks/update-job.htm,200,8760,ResourceManager__Tasks__update-job.md
02:56:47,https://docs.oracle.com/en-us/iaas/Content/ResourceManager/Tasks/update-private-endpoint-security.htm,200,9334,ResourceManager__Tasks__update-private-endpoint-security.md
02:56:49,https://docs.oracle.com/en-us/iaas/Content/ResourceManager/Tasks/update-private-endpoints.htm,200,8477,ResourceManager__Tasks__update-private-endpoints.md
02:56:50,https://docs.oracle.com/en-us/iaas/Content/ResourceManager/Tasks/update-stack-any-type.htm,200,9956,ResourceManager__Tasks__update-stack-any-type.md
02:56:51,https://docs.oracle.com/en-us/iaas/Content/ResourceManager/Tasks/update-stack-bucket.htm,200,7621,ResourceManager__Tasks__update-stack-bucket.md
02:56:51,https://docs.oracle.com/en-us/iaas/Content/ResourceManager/Tasks/update-stack-csp-bitbucket-cloud.htm,200,10809,ResourceManager__Tasks__update-stack-csp-bitbucket-cloud.md
02:56:53,https://docs.oracle.com/en-us/iaas/Content/ResourceManager/Tasks/update-stack-csp-bitbucket-server.htm,200,10621,ResourceManager__Tasks__update-stack-csp-bitbucket-server.md
02:56:54,https://docs.oracle.com/en-us/iaas/Content/ResourceManager/Tasks/update-stack-csp.htm,200,10475,ResourceManager__Tasks__update-stack-csp.md
02:56:55,https://docs.oracle.com/en-us/iaas/Content/ResourceManager/Tasks/update-stack-custom-providers.htm,200,11632,ResourceManager__Tasks__update-stack-custom-providers.md
02:56:56,https://docs.oracle.com/en-us/iaas/Content/ResourceManager/Tasks/update-stack-devops.htm,200,9834,ResourceManager__Tasks__update-stack-devops.md
02:56:57,https://docs.oracle.com/en-us/iaas/Content/ResourceManager/Tasks/update-stack-tf-config.htm,200,14857,ResourceManager__Tasks__update-stack-tf-config.md
02:56:58,https://docs.oracle.com/en-us/iaas/Content/ResourceManager/Tasks/update-stack-tf-reg.htm,200,9835,ResourceManager__Tasks__update-stack-tf-reg.md
02:56:59,https://docs.oracle.com/en-us/iaas/Content/ResourceManager/Tasks/update-stack-vars.htm,200,8771,ResourceManager__Tasks__update-stack-vars.md
02:57:00,https://docs.oracle.com/en-us/iaas/Content/ResourceManager/Tasks/update-stack.htm,200,9281,ResourceManager__Tasks__update-stack.md
02:57:01,https://docs.oracle.com/en-us/iaas/Content/ResourceManager/Tasks/update-template.htm,200,8399,ResourceManager__Tasks__update-template.md
02:57:02,https://docs.oracle.com/en-us/iaas/Content/ResourceManager/Tasks/upgradingstacks.htm,200,45968,ResourceManager__Tasks__upgradingstacks.md
02:57:04,https://docs.oracle.com/en-us/iaas/Content/ResourceManager/Tasks/usingremoteexec.htm,200,13698,ResourceManager__Tasks__usingremoteexec.md
02:57:05,https://docs.oracle.com/en-us/iaas/Content/ResourceManager/Tasks/validate-connection-csp.htm,200,7170,ResourceManager__Tasks__validate-connection-csp.md
02:57:07,https://docs.oracle.com/en-us/iaas/Content/ResourceManager/Tasks/vscode.htm,200,17230,ResourceManager__Tasks__vscode.md
02:57:08,https://docs.oracle.com/en-us/iaas/Content/ResourceManager/Troubleshoot/431-reachable.htm,200,7170,ResourceManager__Troubleshoot__431-reachable.md
02:57:09,https://docs.oracle.com/en-us/iaas/Content/ResourceManager/Troubleshoot/bitbucket-cant-connect.htm,200,12856,ResourceManager__Troubleshoot__bitbucket-cant-connect.md
02:57:10,https://docs.oracle.com/en-us/iaas/Content/ResourceManager/Troubleshoot/deploy-button.htm,200,7111,ResourceManager__Troubleshoot__deploy-button.md
02:57:11,https://docs.oracle.com/en-us/iaas/Content/ResourceManager/Troubleshoot/git-cant-connect.htm,200,12526,ResourceManager__Troubleshoot__git-cant-connect.md
02:57:13,https://docs.oracle.com/en-us/iaas/Content/ResourceManager/Troubleshoot/pe-work-request-fails.htm,200,6635,ResourceManager__Troubleshoot__pe-work-request-fails.md
02:57:13,https://docs.oracle.com/en-us/iaas/Content/ResourceManager/home.htm,200,19468,ResourceManager__home.md
02:57:14,https://docs.oracle.com/en-us/iaas/Content/ResourceManager/known-issues.htm,200,34065,ResourceManager__known-issues.md
02:57:16,https://docs.oracle.com/en-us/iaas/Content/ResourceManager/troubleshooting.htm,200,6917,ResourceManager__troubleshooting.md
02:57:17,https://docs.oracle.com/en-us/iaas/Content/Rover/Access/access.htm,200,17999,Rover__Access__access.md
02:57:18,https://docs.oracle.com/en-us/iaas/Content/Rover/Access/cli_install.htm,200,43341,Rover__Access__cli_install.md
02:57:19,https://docs.oracle.com/en-us/iaas/Content/Rover/Block_Volume/Attachment/attach_volume-attachment.htm,200,9949,Rover__Block_Volume__Attachment__attach_volume-attachment.md
02:57:20,https://docs.oracle.com/en-us/iaas/Content/Rover/Block_Volume/Attachment/detach_volume-attachment.htm,200,8736,Rover__Block_Volume__Attachment__detach_volume-attachment.md
02:57:21,https://docs.oracle.com/en-us/iaas/Content/Rover/Block_Volume/Attachment/get_volume-attachment.htm,200,8330,Rover__Block_Volume__Attachment__get_volume-attachment.md
02:57:22,https://docs.oracle.com/en-us/iaas/Content/Rover/Block_Volume/Attachment/list_volume-attachment.htm,200,8191,Rover__Block_Volume__Attachment__list_volume-attachment.md
02:57:24,https://docs.oracle.com/en-us/iaas/Content/Rover/Block_Volume/Attachment/volume-attachment_management.htm,200,7009,Rover__Block_Volume__Attachment__volume-attachment_management.md
02:57:25,https://docs.oracle.com/en-us/iaas/Content/Rover/Block_Volume/block_volume_management.htm,200,8894,Rover__Block_Volume__block_volume_management.md
02:57:26,https://docs.oracle.com/en-us/iaas/Content/Rover/Block_Volume/create_block_volume.htm,200,8859,Rover__Block_Volume__create_block_volume.md
02:57:27,https://docs.oracle.com/en-us/iaas/Content/Rover/Block_Volume/delete_block_volume.htm,200,8189,Rover__Block_Volume__delete_block_volume.md
02:57:28,https://docs.oracle.com/en-us/iaas/Content/Rover/Block_Volume/get_block_volume.htm,200,7782,Rover__Block_Volume__get_block_volume.md
02:57:30,https://docs.oracle.com/en-us/iaas/Content/Rover/Block_Volume/list_block_volume.htm,200,7846,Rover__Block_Volume__list_block_volume.md
02:57:31,https://docs.oracle.com/en-us/iaas/Content/Rover/Block_Volume/update_block_volume.htm,200,6538,Rover__Block_Volume__update_block_volume.md
02:57:32,https://docs.oracle.com/en-us/iaas/Content/Rover/Compute/Boot_Volume/attach_boot-volume-attachment.htm,200,9117,Rover__Compute__Boot_Volume__attach_boot-volume-attachment.md
02:57:33,https://docs.oracle.com/en-us/iaas/Content/Rover/Compute/Boot_Volume/boot_volume_management.htm,200,8741,Rover__Compute__Boot_Volume__boot_volume_management.md
02:57:35,https://docs.oracle.com/en-us/iaas/Content/Rover/Compute/Boot_Volume/create_boot_volume.htm,200,5978,Rover__Compute__Boot_Volume__create_boot_volume.md
02:57:36,https://docs.oracle.com/en-us/iaas/Content/Rover/Compute/Boot_Volume/delete_boot_volume.htm,200,8905,Rover__Compute__Boot_Volume__delete_boot_volume.md
02:57:37,https://docs.oracle.com/en-us/iaas/Content/Rover/Compute/Boot_Volume/detach_boot-volume-attachment.htm,200,9092,Rover__Compute__Boot_Volume__detach_boot-volume-attachment.md
02:57:38,https://docs.oracle.com/en-us/iaas/Content/Rover/Compute/Boot_Volume/get_boot-volume-attachment.htm,200,9060,Rover__Compute__Boot_Volume__get_boot-volume-attachment.md
02:57:39,https://docs.oracle.com/en-us/iaas/Content/Rover/Compute/Boot_Volume/get_boot_volume.htm,200,8925,Rover__Compute__Boot_Volume__get_boot_volume.md
02:57:40,https://docs.oracle.com/en-us/iaas/Content/Rover/Compute/Boot_Volume/list_boot-volume-attachment.htm,200,9281,Rover__Compute__Boot_Volume__list_boot-volume-attachment.md
02:57:41,https://docs.oracle.com/en-us/iaas/Content/Rover/Compute/Boot_Volume/list_boot_volume.htm,200,8639,Rover__Compute__Boot_Volume__list_boot_volume.md
02:57:42,https://docs.oracle.com/en-us/iaas/Content/Rover/Compute/Boot_Volume/update_boot_volume.htm,200,8776,Rover__Compute__Boot_Volume__update_boot_volume.md
02:57:44,https://docs.oracle.com/en-us/iaas/Content/Rover/Compute/Console_History/capture_console-history.htm,200,7392,Rover__Compute__Console_History__capture_console-history.md
02:57:45,https://docs.oracle.com/en-us/iaas/Content/Rover/Compute/Console_History/console-history_management.htm,200,7722,Rover__Compute__Console_History__console-history_management.md
02:57:46,https://docs.oracle.com/en-us/iaas/Content/Rover/Compute/Console_History/delete_console-history.htm,200,7443,Rover__Compute__Console_History__delete_console-history.md
02:57:47,https://docs.oracle.com/en-us/iaas/Content/Rover/Compute/Console_History/get-content_console-history.htm,200,7701,Rover__Compute__Console_History__get-content_console-history.md
02:57:49,https://docs.oracle.com/en-us/iaas/Content/Rover/Compute/Console_History/get_console-history.htm,200,7563,Rover__Compute__Console_History__get_console-history.md
02:57:50,https://docs.oracle.com/en-us/iaas/Content/Rover/Compute/Console_History/list_console-history.htm,200,7652,Rover__Compute__Console_History__list_console-history.md
02:57:51,https://docs.oracle.com/en-us/iaas/Content/Rover/Compute/Console_History/update_console-history.htm,200,7497,Rover__Compute__Console_History__update_console-history.md
02:57:52,https://docs.oracle.com/en-us/iaas/Content/Rover/Compute/Image/add_image-shape-compatibility-entry.htm,200,8969,Rover__Compute__Image__add_image-shape-compatibility-entry.md
02:57:53,https://docs.oracle.com/en-us/iaas/Content/Rover/Compute/Image/clone_instance.htm,200,11225,Rover__Compute__Image__clone_instance.md
02:57:54,https://docs.oracle.com/en-us/iaas/Content/Rover/Compute/Image/delete_image.htm,200,7988,Rover__Compute__Image__delete_image.md
02:57:55,https://docs.oracle.com/en-us/iaas/Content/Rover/Compute/Image/export_to-object_image.htm,200,9791,Rover__Compute__Image__export_to-object_image.md
02:57:57,https://docs.oracle.com/en-us/iaas/Content/Rover/Compute/Image/get_image-shape-compatibility-entry.htm,200,8256,Rover__Compute__Image__get_image-shape-compatibility-entry.md
02:57:58,https://docs.oracle.com/en-us/iaas/Content/Rover/Compute/Image/get_image.htm,200,7888,Rover__Compute__Image__get_image.md
02:57:59,https://docs.oracle.com/en-us/iaas/Content/Rover/Compute/Image/image_management.htm,200,9485,Rover__Compute__Image__image_management.md
02:58:00,https://docs.oracle.com/en-us/iaas/Content/Rover/Compute/Image/import_from-object_image-uri.htm,200,11412,Rover__Compute__Image__import_from-object_image-uri.md
02:58:01,https://docs.oracle.com/en-us/iaas/Content/Rover/Compute/Image/import_from-object_image.htm,200,10589,Rover__Compute__Image__import_from-object_image.md
02:58:03,https://docs.oracle.com/en-us/iaas/Content/Rover/Compute/Image/list_image-shape-compatibility-entry.htm,200,8211,Rover__Compute__Image__list_image-shape-compatibility-entry.md
02:58:04,https://docs.oracle.com/en-us/iaas/Content/Rover/Compute/Image/list_image.htm,200,7985,Rover__Compute__Image__list_image.md
02:58:05,https://docs.oracle.com/en-us/iaas/Content/Rover/Compute/Image/remove_image-shape-compatibility-entry.htm,200,8235,Rover__Compute__Image__remove_image-shape-compatibility-entry.md
02:58:06,https://docs.oracle.com/en-us/iaas/Content/Rover/Compute/Image/update_image.htm,200,8692,Rover__Compute__Image__update_image.md
02:58:08,https://docs.oracle.com/en-us/iaas/Content/Rover/Compute/Instance/action_vnic.htm,200,9518,Rover__Compute__Instance__action_vnic.md
02:58:09,https://docs.oracle.com/en-us/iaas/Content/Rover/Compute/Instance/console-connection-instance.htm,200,10972,Rover__Compute__Instance__console-connection-instance.md
02:58:10,https://docs.oracle.com/en-us/iaas/Content/Rover/Compute/Instance/create-instance-console-connection.htm,200,10323,Rover__Compute__Instance__create-instance-console-connection.md
02:58:11,https://docs.oracle.com/en-us/iaas/Content/Rover/Compute/Instance/create_instance.htm,200,14745,Rover__Compute__Instance__create_instance.md
02:58:12,https://docs.oracle.com/en-us/iaas/Content/Rover/Compute/Instance/delete-instance-console-connection.htm,200,9333,Rover__Compute__Instance__delete-instance-console-connection.md
02:58:13,https://docs.oracle.com/en-us/iaas/Content/Rover/Compute/Instance/get-instance-console-connection.htm,200,9356,Rover__Compute__Instance__get-instance-console-connection.md
02:58:15,https://docs.oracle.com/en-us/iaas/Content/Rover/Compute/Instance/get-windows-initial-creds.htm,200,6956,Rover__Compute__Instance__get-windows-initial-creds.md
02:58:16,https://docs.oracle.com/en-us/iaas/Content/Rover/Compute/Instance/get-work-requests.htm,200,9716,Rover__Compute__Instance__get-work-requests.md
02:58:17,https://docs.oracle.com/en-us/iaas/Content/Rover/Compute/Instance/get_instance.htm,200,8249,Rover__Compute__Instance__get_instance.md
02:58:18,https://docs.oracle.com/en-us/iaas/Content/Rover/Compute/Instance/instance-console-connection.htm,200,11047,Rover__Compute__Instance__instance-console-connection.md
02:58:19,https://docs.oracle.com/en-us/iaas/Content/Rover/Compute/Instance/instance-multi-vnic.htm,200,9186,Rover__Compute__Instance__instance-multi-vnic.md
02:58:20,https://docs.oracle.com/en-us/iaas/Content/Rover/Compute/Instance/instance-shapes.htm,200,49074,Rover__Compute__Instance__instance-shapes.md
02:58:21,https://docs.oracle.com/en-us/iaas/Content/Rover/Compute/Instance/instance_management.htm,200,8205,Rover__Compute__Instance__instance_management.md
02:58:22,https://docs.oracle.com/en-us/iaas/Content/Rover/Compute/Instance/instance_work_request_management.htm,200,6859,Rover__Compute__Instance__instance_work_request_management.md
02:58:23,https://docs.oracle.com/en-us/iaas/Content/Rover/Compute/Instance/list-instance-console-connection.htm,200,8889,Rover__Compute__Instance__list-instance-console-connection.md
02:58:24,https://docs.oracle.com/en-us/iaas/Content/Rover/Compute/Instance/list-work-requests-errors.htm,200,9084,Rover__Compute__Instance__list-work-requests-errors.md
02:58:25,https://docs.oracle.com/en-us/iaas/Content/Rover/Compute/Instance/list-work-requests-log-entry.htm,200,9128,Rover__Compute__Instance__list-work-requests-log-entry.md
02:58:26,https://docs.oracle.com/en-us/iaas/Content/Rover/Compute/Instance/list-work-requests.htm,200,8322,Rover__Compute__Instance__list-work-requests.md
02:58:27,https://docs.oracle.com/en-us/iaas/Content/Rover/Compute/Instance/list_instance.htm,200,7984,Rover__Compute__Instance__list_instance.md
02:58:28,https://docs.oracle.com/en-us/iaas/Content/Rover/Compute/Instance/terminate_instance.htm,200,8126,Rover__Compute__Instance__terminate_instance.md
02:58:29,https://docs.oracle.com/en-us/iaas/Content/Rover/Compute/Instance/update-instance-console-connection.htm,200,7698,Rover__Compute__Instance__update-instance-console-connection.md
02:58:30,https://docs.oracle.com/en-us/iaas/Content/Rover/Compute/Instance/update_instance.htm,200,8221,Rover__Compute__Instance__update_instance.md
02:58:31,https://docs.oracle.com/en-us/iaas/Content/Rover/Compute/cloud-init.htm,200,7367,Rover__Compute__cloud-init.md
02:58:32,https://docs.oracle.com/en-us/iaas/Content/Rover/Compute/compute_management.htm,200,8730,Rover__Compute__compute_management.md
02:58:34,https://docs.oracle.com/en-us/iaas/Content/Rover/Compute/config_DNS.htm,200,6308,Rover__Compute__config_DNS.md
02:58:35,https://docs.oracle.com/en-us/iaas/Content/Rover/Compute/oracle_reposes.htm,200,7736,Rover__Compute__oracle_reposes.md
02:58:36,https://docs.oracle.com/en-us/iaas/Content/Rover/Compute/preserving_hosts_edits.htm,200,7472,Rover__Compute__preserving_hosts_edits.md
02:58:37,https://docs.oracle.com/en-us/iaas/Content/Rover/Compute/vm-pool-changes.htm,200,10089,Rover__Compute__vm-pool-changes.md
02:58:39,https://docs.oracle.com/en-us/iaas/Content/Rover/Data_Sync/create_datasynctask.htm,200,11754,Rover__Data_Sync__create_datasynctask.md
02:58:40,https://docs.oracle.com/en-us/iaas/Content/Rover/Data_Sync/datasynctask_management.htm,200,10662,Rover__Data_Sync__datasynctask_management.md
02:58:41,https://docs.oracle.com/en-us/iaas/Content/Rover/Data_Sync/delete_datasynctask.htm,200,6469,Rover__Data_Sync__delete_datasynctask.md
02:58:42,https://docs.oracle.com/en-us/iaas/Content/Rover/Data_Sync/get_synchronization.htm,200,7117,Rover__Data_Sync__get_synchronization.md
02:58:43,https://docs.oracle.com/en-us/iaas/Content/Rover/Data_Sync/list_datasynctask.htm,200,6688,Rover__Data_Sync__list_datasynctask.md
02:58:44,https://docs.oracle.com/en-us/iaas/Content/Rover/Data_Sync/start_datasynctask.htm,200,6524,Rover__Data_Sync__start_datasynctask.md
02:58:45,https://docs.oracle.com/en-us/iaas/Content/Rover/Data_Sync/stop_datasynctask.htm,200,6737,Rover__Data_Sync__stop_datasynctask.md
02:58:46,https://docs.oracle.com/en-us/iaas/Content/Rover/Data_Sync/update_datasynctask.htm,200,8568,Rover__Data_Sync__update_datasynctask.md
02:58:48,https://docs.oracle.com/en-us/iaas/Content/Rover/Device_Monitoring/device_monitoring.htm,200,10075,Rover__Device_Monitoring__device_monitoring.md
02:58:49,https://docs.oracle.com/en-us/iaas/Content/Rover/Device_Software/cancel-diagnostic-bundles.htm,200,8870,Rover__Device_Software__cancel-diagnostic-bundles.md
02:58:50,https://docs.oracle.com/en-us/iaas/Content/Rover/Device_Software/canceling-diagnostic-commands.htm,200,8778,Rover__Device_Software__canceling-diagnostic-commands.md
02:58:51,https://docs.oracle.com/en-us/iaas/Content/Rover/Device_Software/create-diagnostic-bundles.htm,200,11098,Rover__Device_Software__create-diagnostic-bundles.md
02:58:52,https://docs.oracle.com/en-us/iaas/Content/Rover/Device_Software/create-diagnostic-commands.htm,200,9890,Rover__Device_Software__create-diagnostic-commands.md
02:58:52,https://docs.oracle.com/en-us/iaas/Content/Rover/Device_Software/decrypting-and-submitting-a-diagnostic-bundle.htm,200,7365,Rover__Device_Software__decrypting-and-submitting-a-diagnostic-bundle.md
02:58:54,https://docs.oracle.com/en-us/iaas/Content/Rover/Device_Software/device_software_management.htm,200,7786,Rover__Device_Software__device_software_management.md
02:58:55,https://docs.oracle.com/en-us/iaas/Content/Rover/Device_Software/diagnostic-bundles.htm,200,20295,Rover__Device_Software__diagnostic-bundles.md
02:58:56,https://docs.oracle.com/en-us/iaas/Content/Rover/Device_Software/diagnostic-commands.htm,200,7184,Rover__Device_Software__diagnostic-commands.md
02:58:57,https://docs.oracle.com/en-us/iaas/Content/Rover/Device_Software/download-diagnostic-bundles.htm,200,8373,Rover__Device_Software__download-diagnostic-bundles.md
02:58:58,https://docs.oracle.com/en-us/iaas/Content/Rover/Device_Software/download-diagnostic-commands.htm,200,8459,Rover__Device_Software__download-diagnostic-commands.md
02:58:59,https://docs.oracle.com/en-us/iaas/Content/Rover/Device_Software/enable_diagnostics_standard_mode.htm,200,9656,Rover__Device_Software__enable_diagnostics_standard_mode.md
02:59:00,https://docs.oracle.com/en-us/iaas/Content/Rover/Device_Software/enabling_diagnotics_in_services_mode.htm,200,10060,Rover__Device_Software__enabling_diagnotics_in_services_mode.md
02:59:01,https://docs.oracle.com/en-us/iaas/Content/Rover/Device_Software/exiting-from-a-diagnostics-mode.htm,200,7691,Rover__Device_Software__exiting-from-a-diagnostics-mode.md
02:59:03,https://docs.oracle.com/en-us/iaas/Content/Rover/Device_Software/get-diagnostic-bundles.htm,200,8194,Rover__Device_Software__get-diagnostic-bundles.md
02:59:04,https://docs.oracle.com/en-us/iaas/Content/Rover/Device_Software/get-diagnostic-commands.htm,200,7432,Rover__Device_Software__get-diagnostic-commands.md
02:59:05,https://docs.oracle.com/en-us/iaas/Content/Rover/Device_Software/identifying_the_device_software_version.htm,200,8771,Rover__Device_Software__identifying_the_device_software_version.md
02:59:06,https://docs.oracle.com/en-us/iaas/Content/Rover/Device_Software/list-diagnostic-bundles.htm,200,7386,Rover__Device_Software__list-diagnostic-bundles.md
02:59:07,https://docs.oracle.com/en-us/iaas/Content/Rover/Device_Software/list-diagnostic-commands.htm,200,6993,Rover__Device_Software__list-diagnostic-commands.md
02:59:08,https://docs.oracle.com/en-us/iaas/Content/Rover/Device_Software/software_revert.htm,200,7168,Rover__Device_Software__software_revert.md
02:59:09,https://docs.oracle.com/en-us/iaas/Content/Rover/Device_Software/software_update.htm,200,9004,Rover__Device_Software__software_update.md
02:59:11,https://docs.oracle.com/en-us/iaas/Content/Rover/Device_Software/upgrade_devices_offline.htm,200,22311,Rover__Device_Software__upgrade_devices_offline.md
02:59:12,https://docs.oracle.com/en-us/iaas/Content/Rover/Events/create_rule.htm,200,11150,Rover__Events__create_rule.md
02:59:13,https://docs.oracle.com/en-us/iaas/Content/Rover/Events/delete_rule.htm,200,8261,Rover__Events__delete_rule.md
02:59:14,https://docs.oracle.com/en-us/iaas/Content/Rover/Events/disable_rule.htm,200,7202,Rover__Events__disable_rule.md
02:59:15,https://docs.oracle.com/en-us/iaas/Content/Rover/Events/enable_rule.htm,200,7188,Rover__Events__enable_rule.md
02:59:16,https://docs.oracle.com/en-us/iaas/Content/Rover/Events/event_management.htm,200,7300,Rover__Events__event_management.md
02:59:17,https://docs.oracle.com/en-us/iaas/Content/Rover/Events/get_rule.htm,200,8297,Rover__Events__get_rule.md
02:59:19,https://docs.oracle.com/en-us/iaas/Content/Rover/Events/list_rule.htm,200,7981,Rover__Events__list_rule.md
02:59:20,https://docs.oracle.com/en-us/iaas/Content/Rover/Events/update_rule.htm,200,8708,Rover__Events__update_rule.md
02:59:21,https://docs.oracle.com/en-us/iaas/Content/Rover/Getting_Started/banner_management.htm,200,8042,Rover__Getting_Started__banner_management.md
02:59:22,https://docs.oracle.com/en-us/iaas/Content/Rover/Getting_Started/certificate_authority.htm,200,6701,Rover__Getting_Started__certificate_authority.md
02:59:23,https://docs.oracle.com/en-us/iaas/Content/Rover/Getting_Started/changing-the-passphrase.htm,200,6945,Rover__Getting_Started__changing-the-passphrase.md
02:59:24,https://docs.oracle.com/en-us/iaas/Content/Rover/Getting_Started/configuring-device-networking.htm,200,9405,Rover__Getting_Started__configuring-device-networking.md
02:59:25,https://docs.oracle.com/en-us/iaas/Content/Rover/Getting_Started/configuring_devices.htm,200,8424,Rover__Getting_Started__configuring_devices.md
02:59:26,https://docs.oracle.com/en-us/iaas/Content/Rover/Getting_Started/device_ordering_requirements.htm,200,14716,Rover__Getting_Started__device_ordering_requirements.md
02:59:27,https://docs.oracle.com/en-us/iaas/Content/Rover/Getting_Started/managing-how-the-device-unlocks.htm,200,7733,Rover__Getting_Started__managing-how-the-device-unlocks.md
02:59:29,https://docs.oracle.com/en-us/iaas/Content/Rover/Getting_Started/managing-the-internet-proxy.htm,200,9720,Rover__Getting_Started__managing-the-internet-proxy.md
02:59:30,https://docs.oracle.com/en-us/iaas/Content/Rover/Getting_Started/managing_network_bonding.htm,200,10518,Rover__Getting_Started__managing_network_bonding.md
02:59:31,https://docs.oracle.com/en-us/iaas/Content/Rover/Getting_Started/network_management.htm,200,6857,Rover__Getting_Started__network_management.md
02:59:32,https://docs.oracle.com/en-us/iaas/Content/Rover/Getting_Started/password_management.htm,200,8041,Rover__Getting_Started__password_management.md
02:59:33,https://docs.oracle.com/en-us/iaas/Content/Rover/Getting_Started/permissions-block-volume.htm,200,52112,Rover__Getting_Started__permissions-block-volume.md
02:59:35,https://docs.oracle.com/en-us/iaas/Content/Rover/Getting_Started/permissions-certificates.htm,200,15474,Rover__Getting_Started__permissions-certificates.md
02:59:36,https://docs.oracle.com/en-us/iaas/Content/Rover/Getting_Started/permissions-compute.htm,200,39650,Rover__Getting_Started__permissions-compute.md
02:59:37,https://docs.oracle.com/en-us/iaas/Content/Rover/Getting_Started/permissions-data-sync.htm,200,13493,Rover__Getting_Started__permissions-data-sync.md
02:59:38,https://docs.oracle.com/en-us/iaas/Content/Rover/Getting_Started/permissions-diagnostics.htm,200,16828,Rover__Getting_Started__permissions-diagnostics.md
02:59:39,https://docs.oracle.com/en-us/iaas/Content/Rover/Getting_Started/permissions-events.htm,200,12745,Rover__Getting_Started__permissions-events.md
02:59:41,https://docs.oracle.com/en-us/iaas/Content/Rover/Getting_Started/permissions-identity.htm,200,20246,Rover__Getting_Started__permissions-identity.md
02:59:42,https://docs.oracle.com/en-us/iaas/Content/Rover/Getting_Started/permissions-monitoring.htm,200,15891,Rover__Getting_Started__permissions-monitoring.md
02:59:43,https://docs.oracle.com/en-us/iaas/Content/Rover/Getting_Started/permissions-networking.htm,200,41258,Rover__Getting_Started__permissions-networking.md
02:59:45,https://docs.oracle.com/en-us/iaas/Content/Rover/Getting_Started/permissions-object-storage.htm,200,19827,Rover__Getting_Started__permissions-object-storage.md
02:59:45,https://docs.oracle.com/en-us/iaas/Content/Rover/Getting_Started/permissions-overview.htm,200,9352,Rover__Getting_Started__permissions-overview.md
02:59:47,https://docs.oracle.com/en-us/iaas/Content/Rover/Getting_Started/permissions-system-upgrade.htm,200,10408,Rover__Getting_Started__permissions-system-upgrade.md
02:59:48,https://docs.oracle.com/en-us/iaas/Content/Rover/Getting_Started/rebooting-a-device.htm,200,6112,Rover__Getting_Started__rebooting-a-device.md
02:59:49,https://docs.oracle.com/en-us/iaas/Content/Rover/Getting_Started/reset_factory_device.htm,200,9966,Rover__Getting_Started__reset_factory_device.md
02:59:50,https://docs.oracle.com/en-us/iaas/Content/Rover/Getting_Started/resetting-web-console-user-accounts.htm,200,6797,Rover__Getting_Started__resetting-web-console-user-accounts.md
02:59:51,https://docs.oracle.com/en-us/iaas/Content/Rover/Getting_Started/returning-older-devices.htm,200,10152,Rover__Getting_Started__returning-older-devices.md
02:59:52,https://docs.oracle.com/en-us/iaas/Content/Rover/Getting_Started/returning_devices.htm,200,8011,Rover__Getting_Started__returning_devices.md
02:59:53,https://docs.oracle.com/en-us/iaas/Content/Rover/Getting_Started/ruggedizing_devices.htm,200,12431,Rover__Getting_Started__ruggedizing_devices.md
02:59:54,https://docs.oracle.com/en-us/iaas/Content/Rover/Getting_Started/safe_mode.htm,200,7276,Rover__Getting_Started__safe_mode.md
02:59:56,https://docs.oracle.com/en-us/iaas/Content/Rover/Getting_Started/sanitizing-a-device.htm,200,14078,Rover__Getting_Started__sanitizing-a-device.md
02:59:57,https://docs.oracle.com/en-us/iaas/Content/Rover/Getting_Started/serial-encryption-key.htm,200,6548,Rover__Getting_Started__serial-encryption-key.md
02:59:58,https://docs.oracle.com/en-us/iaas/Content/Rover/Getting_Started/setting_policies.htm,200,25012,Rover__Getting_Started__setting_policies.md
03:00:00,https://docs.oracle.com/en-us/iaas/Content/Rover/Getting_Started/setting_up_devices.htm,200,16443,Rover__Getting_Started__setting_up_devices.md
03:00:01,https://docs.oracle.com/en-us/iaas/Content/Rover/Getting_Started/system_upgrade_management.htm,200,6957,Rover__Getting_Started__system_upgrade_management.md
03:00:02,https://docs.oracle.com/en-us/iaas/Content/Rover/Getting_Started/testing-and-verifying-network.htm,200,5904,Rover__Getting_Started__testing-and-verifying-network.md
03:00:03,https://docs.oracle.com/en-us/iaas/Content/Rover/Getting_Started/testing-network-connectivity.htm,200,7056,Rover__Getting_Started__testing-network-connectivity.md
03:00:05,https://docs.oracle.com/en-us/iaas/Content/Rover/Getting_Started/unlocking.htm,200,9382,Rover__Getting_Started__unlocking.md
03:00:06,https://docs.oracle.com/en-us/iaas/Content/Rover/Getting_Started/user_master_key.htm,200,12493,Rover__Getting_Started__user_master_key.md
03:00:07,https://docs.oracle.com/en-us/iaas/Content/Rover/Getting_Started/viewing_request_status.htm,200,7276,Rover__Getting_Started__viewing_request_status.md
03:00:08,https://docs.oracle.com/en-us/iaas/Content/Rover/IAM/Group/add-user_group.htm,200,8522,Rover__IAM__Group__add-user_group.md
03:00:09,https://docs.oracle.com/en-us/iaas/Content/Rover/IAM/Group/create_group.htm,200,8457,Rover__IAM__Group__create_group.md
03:00:10,https://docs.oracle.com/en-us/iaas/Content/Rover/IAM/Group/delete_group.htm,200,8334,Rover__IAM__Group__delete_group.md
03:00:11,https://docs.oracle.com/en-us/iaas/Content/Rover/IAM/Group/get_group.htm,200,7705,Rover__IAM__Group__get_group.md
03:00:12,https://docs.oracle.com/en-us/iaas/Content/Rover/IAM/Group/group_management.htm,200,7686,Rover__IAM__Group__group_management.md
03:00:13,https://docs.oracle.com/en-us/iaas/Content/Rover/IAM/Group/list-users_group.htm,200,8099,Rover__IAM__Group__list-users_group.md
03:00:14,https://docs.oracle.com/en-us/iaas/Content/Rover/IAM/Group/list_group.htm,200,7454,Rover__IAM__Group__list_group.md
03:00:15,https://docs.oracle.com/en-us/iaas/Content/Rover/IAM/Group/remove-user_group.htm,200,8452,Rover__IAM__Group__remove-user_group.md
03:00:16,https://docs.oracle.com/en-us/iaas/Content/Rover/IAM/Group/update_group.htm,200,8039,Rover__IAM__Group__update_group.md
03:00:17,https://docs.oracle.com/en-us/iaas/Content/Rover/IAM/User/create_user.htm,200,10528,Rover__IAM__User__create_user.md
03:00:18,https://docs.oracle.com/en-us/iaas/Content/Rover/IAM/User/delete_user.htm,200,7983,Rover__IAM__User__delete_user.md
03:00:20,https://docs.oracle.com/en-us/iaas/Content/Rover/IAM/User/get_user.htm,200,7659,Rover__IAM__User__get_user.md
03:00:21,https://docs.oracle.com/en-us/iaas/Content/Rover/IAM/User/list_user.htm,200,7354,Rover__IAM__User__list_user.md
03:00:22,https://docs.oracle.com/en-us/iaas/Content/Rover/IAM/User/update-user-capabilities.htm,200,9048,Rover__IAM__User__update-user-capabilities.md
03:00:23,https://docs.oracle.com/en-us/iaas/Content/Rover/IAM/User/update_user.htm,200,8083,Rover__IAM__User__update_user.md
03:00:25,https://docs.oracle.com/en-us/iaas/Content/Rover/IAM/User/user_management.htm,200,7140,Rover__IAM__User__user_management.md
03:00:26,https://docs.oracle.com/en-us/iaas/Content/Rover/IAM/User_Credentials/API_Key/api-key_management.htm,200,6773,Rover__IAM__User_Credentials__API_Key__api-key_management.md
03:00:27,https://docs.oracle.com/en-us/iaas/Content/Rover/IAM/User_Credentials/API_Key/delete_api-key.htm,200,8592,Rover__IAM__User_Credentials__API_Key__delete_api-key.md
03:00:28,https://docs.oracle.com/en-us/iaas/Content/Rover/IAM/User_Credentials/API_Key/list_api-key.htm,200,8093,Rover__IAM__User_Credentials__API_Key__list_api-key.md
03:00:29,https://docs.oracle.com/en-us/iaas/Content/Rover/IAM/User_Credentials/API_Key/upload_api-key.htm,200,9425,Rover__IAM__User_Credentials__API_Key__upload_api-key.md
03:00:30,https://docs.oracle.com/en-us/iaas/Content/Rover/IAM/User_Credentials/Auth_Token/auth_token_management.htm,200,7557,Rover__IAM__User_Credentials__Auth_Token__auth_token_management.md
03:00:31,https://docs.oracle.com/en-us/iaas/Content/Rover/IAM/User_Credentials/Auth_Token/create_auth_token.htm,200,9013,Rover__IAM__User_Credentials__Auth_Token__create_auth_token.md
03:00:32,https://docs.oracle.com/en-us/iaas/Content/Rover/IAM/User_Credentials/Auth_Token/delete_auth_token.htm,200,8776,Rover__IAM__User_Credentials__Auth_Token__delete_auth_token.md
03:00:33,https://docs.oracle.com/en-us/iaas/Content/Rover/IAM/User_Credentials/Auth_Token/list_auth_token.htm,200,8035,Rover__IAM__User_Credentials__Auth_Token__list_auth_token.md
03:00:34,https://docs.oracle.com/en-us/iaas/Content/Rover/IAM/User_Credentials/OAuth_2.0/get_oauth2-credential.htm,200,7395,Rover__IAM__User_Credentials__OAuth_2.0__get_oauth2-credential.md
03:00:35,https://docs.oracle.com/en-us/iaas/Content/Rover/IAM/User_Credentials/OAuth_2.0/list_oauth2-credential.htm,200,8495,Rover__IAM__User_Credentials__OAuth_2.0__list_oauth2-credential.md
03:00:37,https://docs.oracle.com/en-us/iaas/Content/Rover/IAM/User_Credentials/OAuth_2.0/oauth2-credential_management.htm,200,7518,Rover__IAM__User_Credentials__OAuth_2.0__oauth2-credential_management.md
03:00:38,https://docs.oracle.com/en-us/iaas/Content/Rover/IAM/User_Credentials/OAuth_2.0/regenerate_secret.htm,200,8987,Rover__IAM__User_Credentials__OAuth_2.0__regenerate_secret.md
03:00:39,https://docs.oracle.com/en-us/iaas/Content/Rover/IAM/User_Credentials/Secret_Keys/create_customer-secret-key.htm,200,9946,Rover__IAM__User_Credentials__Secret_Keys__create_customer-secret-key.md
03:00:40,https://docs.oracle.com/en-us/iaas/Content/Rover/IAM/User_Credentials/Secret_Keys/customer-secret-key_management.htm,200,7320,Rover__IAM__User_Credentials__Secret_Keys__customer-secret-key_management.md
03:00:41,https://docs.oracle.com/en-us/iaas/Content/Rover/IAM/User_Credentials/Secret_Keys/delete_customer-secret-key.htm,200,8619,Rover__IAM__User_Credentials__Secret_Keys__delete_customer-secret-key.md
03:00:42,https://docs.oracle.com/en-us/iaas/Content/Rover/IAM/User_Credentials/Secret_Keys/list_customer-secret-key.htm,200,8241,Rover__IAM__User_Credentials__Secret_Keys__list_customer-secret-key.md
03:00:44,https://docs.oracle.com/en-us/iaas/Content/Rover/IAM/User_Credentials/Secret_Keys/update_customer-secret-key.htm,200,9003,Rover__IAM__User_Credentials__Secret_Keys__update_customer-secret-key.md
03:00:44,https://docs.oracle.com/en-us/iaas/Content/Rover/IAM/User_Credentials/user_credential_management.htm,200,6957,Rover__IAM__User_Credentials__user_credential_management.md
03:00:46,https://docs.oracle.com/en-us/iaas/Content/Rover/IAM/identity_management.htm,200,6817,Rover__IAM__identity_management.md
03:00:47,https://docs.oracle.com/en-us/iaas/Content/Rover/IAM/lockout-policy.htm,200,7780,Rover__IAM__lockout-policy.md
03:00:48,https://docs.oracle.com/en-us/iaas/Content/Rover/Network/Subnet/create_subnet.htm,200,9980,Rover__Network__Subnet__create_subnet.md
03:00:50,https://docs.oracle.com/en-us/iaas/Content/Rover/Network/Subnet/delete_subnet.htm,200,8183,Rover__Network__Subnet__delete_subnet.md
03:00:51,https://docs.oracle.com/en-us/iaas/Content/Rover/Network/Subnet/get_subnet.htm,200,7880,Rover__Network__Subnet__get_subnet.md
03:00:52,https://docs.oracle.com/en-us/iaas/Content/Rover/Network/Subnet/list_subnet.htm,200,7950,Rover__Network__Subnet__list_subnet.md
03:00:53,https://docs.oracle.com/en-us/iaas/Content/Rover/Network/Subnet/subnet_management.htm,200,6944,Rover__Network__Subnet__subnet_management.md
03:00:54,https://docs.oracle.com/en-us/iaas/Content/Rover/Network/Subnet/update_subnet.htm,200,8134,Rover__Network__Subnet__update_subnet.md
03:00:55,https://docs.oracle.com/en-us/iaas/Content/Rover/Network/VCN/create-public-ip.htm,200,10298,Rover__Network__VCN__create-public-ip.md
03:00:56,https://docs.oracle.com/en-us/iaas/Content/Rover/Network/VCN/create_vcn.htm,200,10336,Rover__Network__VCN__create_vcn.md
03:00:57,https://docs.oracle.com/en-us/iaas/Content/Rover/Network/VCN/delete-public-ip.htm,200,8582,Rover__Network__VCN__delete-public-ip.md
03:00:58,https://docs.oracle.com/en-us/iaas/Content/Rover/Network/VCN/delete_vcn.htm,200,7602,Rover__Network__VCN__delete_vcn.md
03:00:59,https://docs.oracle.com/en-us/iaas/Content/Rover/Network/VCN/get-public-ip.htm,200,8166,Rover__Network__VCN__get-public-ip.md
03:01:00,https://docs.oracle.com/en-us/iaas/Content/Rover/Network/VCN/get_vcn.htm,200,7528,Rover__Network__VCN__get_vcn.md
03:01:01,https://docs.oracle.com/en-us/iaas/Content/Rover/Network/VCN/list-public-ip.htm,200,9090,Rover__Network__VCN__list-public-ip.md
03:01:02,https://docs.oracle.com/en-us/iaas/Content/Rover/Network/VCN/list_vcn.htm,200,7666,Rover__Network__VCN__list_vcn.md
03:01:03,https://docs.oracle.com/en-us/iaas/Content/Rover/Network/VCN/update-public-ip.htm,200,8900,Rover__Network__VCN__update-public-ip.md
03:01:04,https://docs.oracle.com/en-us/iaas/Content/Rover/Network/VCN/update_vcn.htm,200,7101,Rover__Network__VCN__update_vcn.md
03:01:05,https://docs.oracle.com/en-us/iaas/Content/Rover/Network/VCN/vcn_management.htm,200,7091,Rover__Network__VCN__vcn_management.md
03:01:07,https://docs.oracle.com/en-us/iaas/Content/Rover/Network/VNIC/attach_vnic.htm,200,10801,Rover__Network__VNIC__attach_vnic.md
03:01:08,https://docs.oracle.com/en-us/iaas/Content/Rover/Network/VNIC/detach_vnic.htm,200,8872,Rover__Network__VNIC__detach_vnic.md
03:01:09,https://docs.oracle.com/en-us/iaas/Content/Rover/Network/VNIC/get_vnic-attachment.htm,200,8274,Rover__Network__VNIC__get_vnic-attachment.md
03:01:10,https://docs.oracle.com/en-us/iaas/Content/Rover/Network/VNIC/get_vnic.htm,200,8342,Rover__Network__VNIC__get_vnic.md
03:01:11,https://docs.oracle.com/en-us/iaas/Content/Rover/Network/VNIC/list_vnic-attachment.htm,200,10058,Rover__Network__VNIC__list_vnic-attachment.md
03:01:12,https://docs.oracle.com/en-us/iaas/Content/Rover/Network/VNIC/update_vnic.htm,200,8606,Rover__Network__VNIC__update_vnic.md
03:01:13,https://docs.oracle.com/en-us/iaas/Content/Rover/Network/VNIC/vnic_management.htm,200,11600,Rover__Network__VNIC__vnic_management.md
03:01:14,https://docs.oracle.com/en-us/iaas/Content/Rover/Network/ip-address-management.htm,200,16147,Rover__Network__ip-address-management.md
03:01:15,https://docs.oracle.com/en-us/iaas/Content/Rover/Network/networking_management.htm,200,6558,Rover__Network__networking_management.md
03:01:16,https://docs.oracle.com/en-us/iaas/Content/Rover/Node/change_node_compartment.htm,200,8884,Rover__Node__change_node_compartment.md
03:01:17,https://docs.oracle.com/en-us/iaas/Content/Rover/Node/create_node.htm,200,6417,Rover__Node__create_node.md
03:01:18,https://docs.oracle.com/en-us/iaas/Content/Rover/Node/delete_node.htm,200,7830,Rover__Node__delete_node.md
03:01:20,https://docs.oracle.com/en-us/iaas/Content/Rover/Node/device-metrics.htm,200,9210,Rover__Node__device-metrics.md
03:01:20,https://docs.oracle.com/en-us/iaas/Content/Rover/Node/get_node.htm,200,7626,Rover__Node__get_node.md
03:01:21,https://docs.oracle.com/en-us/iaas/Content/Rover/Node/list_node.htm,200,8067,Rover__Node__list_node.md
03:01:22,https://docs.oracle.com/en-us/iaas/Content/Rover/Node/list_node_shape.htm,200,7116,Rover__Node__list_node_shape.md
03:01:23,https://docs.oracle.com/en-us/iaas/Content/Rover/Node/node_management.htm,200,7298,Rover__Node__node_management.md
03:01:24,https://docs.oracle.com/en-us/iaas/Content/Rover/Node/update_node.htm,200,8408,Rover__Node__update_node.md
03:01:25,https://docs.oracle.com/en-us/iaas/Content/Rover/Node2/create_node2.htm,200,16663,Rover__Node2__create_node2.md
03:01:26,https://docs.oracle.com/en-us/iaas/Content/Rover/Node2/delete_node2.htm,200,7798,Rover__Node2__delete_node2.md
03:01:28,https://docs.oracle.com/en-us/iaas/Content/Rover/Node2/get_node2.htm,200,7601,Rover__Node2__get_node2.md
03:01:29,https://docs.oracle.com/en-us/iaas/Content/Rover/Node2/list_node2.htm,200,8014,Rover__Node2__list_node2.md
03:01:30,https://docs.oracle.com/en-us/iaas/Content/Rover/Node2/list_node2_shape.htm,200,7086,Rover__Node2__list_node2_shape.md
03:01:31,https://docs.oracle.com/en-us/iaas/Content/Rover/Node2/node2_management.htm,200,7817,Rover__Node2__node2_management.md
03:01:32,https://docs.oracle.com/en-us/iaas/Content/Rover/Node2/update_node2.htm,200,8454,Rover__Node2__update_node2.md
03:01:33,https://docs.oracle.com/en-us/iaas/Content/Rover/Object_Storage/Bucket/bucket_management.htm,200,6818,Rover__Object_Storage__Bucket__bucket_management.md
03:01:35,https://docs.oracle.com/en-us/iaas/Content/Rover/Object_Storage/Bucket/create_bucket.htm,200,9863,Rover__Object_Storage__Bucket__create_bucket.md
03:01:36,https://docs.oracle.com/en-us/iaas/Content/Rover/Object_Storage/Bucket/delete_bucket.htm,200,8639,Rover__Object_Storage__Bucket__delete_bucket.md
03:01:37,https://docs.oracle.com/en-us/iaas/Content/Rover/Object_Storage/Bucket/get_bucket.htm,200,8598,Rover__Object_Storage__Bucket__get_bucket.md
03:01:38,https://docs.oracle.com/en-us/iaas/Content/Rover/Object_Storage/Bucket/list_bucket.htm,200,8865,Rover__Object_Storage__Bucket__list_bucket.md
03:01:39,https://docs.oracle.com/en-us/iaas/Content/Rover/Object_Storage/Object/Multipart_Upload/abort_multipart_upload.htm,200,8080,Rover__Object_Storage__Object__Multipart_Upload__abort_multipart_upload.md
03:01:40,https://docs.oracle.com/en-us/iaas/Content/Rover/Object_Storage/Object/Multipart_Upload/list_multipart_upload.htm,200,7974,Rover__Object_Storage__Object__Multipart_Upload__list_multipart_upload.md
03:01:41,https://docs.oracle.com/en-us/iaas/Content/Rover/Object_Storage/Object/Multipart_Upload/multipart_uploads.htm,200,6403,Rover__Object_Storage__Object__Multipart_Upload__multipart_uploads.md
03:01:42,https://docs.oracle.com/en-us/iaas/Content/Rover/Object_Storage/Object/bulk_object_management.htm,200,13332,Rover__Object_Storage__Object__bulk_object_management.md
03:01:44,https://docs.oracle.com/en-us/iaas/Content/Rover/Object_Storage/Object/delete-object-versions.htm,200,9411,Rover__Object_Storage__Object__delete-object-versions.md
03:01:45,https://docs.oracle.com/en-us/iaas/Content/Rover/Object_Storage/Object/delete_object.htm,200,8813,Rover__Object_Storage__Object__delete_object.md
03:01:46,https://docs.oracle.com/en-us/iaas/Content/Rover/Object_Storage/Object/download-object-versions.htm,200,9199,Rover__Object_Storage__Object__download-object-versions.md
03:01:47,https://docs.oracle.com/en-us/iaas/Content/Rover/Object_Storage/Object/enabling-object_versions.htm,200,7620,Rover__Object_Storage__Object__enabling-object_versions.md
03:01:49,https://docs.oracle.com/en-us/iaas/Content/Rover/Object_Storage/Object/get-object-versions.htm,200,9330,Rover__Object_Storage__Object__get-object-versions.md
03:01:52,https://docs.oracle.com/en-us/iaas/Content/Rover/Object_Storage/Object/get_object.htm,200,9121,Rover__Object_Storage__Object__get_object.md
03:01:54,https://docs.oracle.com/en-us/iaas/Content/Rover/Object_Storage/Object/head_object.htm,200,8977,Rover__Object_Storage__Object__head_object.md
03:01:55,https://docs.oracle.com/en-us/iaas/Content/Rover/Object_Storage/Object/list-object-versions.htm,200,8921,Rover__Object_Storage__Object__list-object-versions.md
03:01:57,https://docs.oracle.com/en-us/iaas/Content/Rover/Object_Storage/Object/list_object.htm,200,8889,Rover__Object_Storage__Object__list_object.md
03:01:58,https://docs.oracle.com/en-us/iaas/Content/Rover/Object_Storage/Object/object_management.htm,200,7710,Rover__Object_Storage__Object__object_management.md
03:02:00,https://docs.oracle.com/en-us/iaas/Content/Rover/Object_Storage/Object/object_versions.htm,200,9435,Rover__Object_Storage__Object__object_versions.md
03:02:02,https://docs.oracle.com/en-us/iaas/Content/Rover/Object_Storage/Object/put_object.htm,200,12751,Rover__Object_Storage__Object__put_object.md
03:02:06,https://docs.oracle.com/en-us/iaas/Content/Rover/Object_Storage/Object/recover-object-version.htm,200,8459,Rover__Object_Storage__Object__recover-object-version.md
03:02:07,https://docs.oracle.com/en-us/iaas/Content/Rover/Object_Storage/functions.htm,200,8422,Rover__Object_Storage__functions.md
03:02:09,https://docs.oracle.com/en-us/iaas/Content/Rover/Object_Storage/object_storage_overview.htm,200,41973,Rover__Object_Storage__object_storage_overview.md
03:02:11,https://docs.oracle.com/en-us/iaas/Content/Rover/Provisioning/provisioning-a-roving-edge-device.htm,200,35504,Rover__Provisioning__provisioning-a-roving-edge-device.md
03:02:12,https://docs.oracle.com/en-us/iaas/Content/Rover/Setup-RED/assemble-roving-edge-ultra.htm,200,7239,Rover__Setup-RED__assemble-roving-edge-ultra.md
03:02:13,https://docs.oracle.com/en-us/iaas/Content/Rover/Setup-RED/cable-device.htm,200,9690,Rover__Setup-RED__cable-device.md
03:02:15,https://docs.oracle.com/en-us/iaas/Content/Rover/Setup-RED/downloading-the-root-ca-certificate.htm,200,23479,Rover__Setup-RED__downloading-the-root-ca-certificate.md
03:02:17,https://docs.oracle.com/en-us/iaas/Content/Rover/Setup-RED/finish-the-set-up-for-preprovisioned-devices.htm,200,12841,Rover__Setup-RED__finish-the-set-up-for-preprovisioned-devices.md
03:02:18,https://docs.oracle.com/en-us/iaas/Content/Rover/Setup-RED/install-overview.htm,200,18538,Rover__Setup-RED__install-overview.md
03:02:19,https://docs.oracle.com/en-us/iaas/Content/Rover/Setup-RED/managing-device-nodes.htm,200,6685,Rover__Setup-RED__managing-device-nodes.md
03:02:20,https://docs.oracle.com/en-us/iaas/Content/Rover/Setup-RED/mounting-the-device-in-a-rack.htm,200,8949,Rover__Setup-RED__mounting-the-device-in-a-rack.md
03:02:21,https://docs.oracle.com/en-us/iaas/Content/Rover/Setup-RED/power-on-device.htm,200,6651,Rover__Setup-RED__power-on-device.md
03:02:23,https://docs.oracle.com/en-us/iaas/Content/Rover/Setup-RED/rear_panel_identification.htm,200,22060,Rover__Setup-RED__rear_panel_identification.md
03:02:23,https://docs.oracle.com/en-us/iaas/Content/Rover/Setup-RED/receiving-and-inspecting.htm,200,14215,Rover__Setup-RED__receiving-and-inspecting.md
03:02:24,https://docs.oracle.com/en-us/iaas/Content/Rover/Setup-RED/removing-a-ruggedized-case-end-cap.htm,200,7792,Rover__Setup-RED__removing-a-ruggedized-case-end-cap.md
03:02:25,https://docs.oracle.com/en-us/iaas/Content/Rover/Setup-RED/setting-up-terminal-emulation.htm,200,10167,Rover__Setup-RED__setting-up-terminal-emulation.md
03:02:26,https://docs.oracle.com/en-us/iaas/Content/Rover/Setup-RED/unlock-the-device.htm,200,7943,Rover__Setup-RED__unlock-the-device.md
03:02:28,https://docs.oracle.com/en-us/iaas/Content/Rover/Ultra/change_ultra_compartment.htm,200,8849,Rover__Ultra__change_ultra_compartment.md
03:02:29,https://docs.oracle.com/en-us/iaas/Content/Rover/Ultra/create_ultra.htm,200,17495,Rover__Ultra__create_ultra.md
03:02:31,https://docs.oracle.com/en-us/iaas/Content/Rover/Ultra/delete_ultra.htm,200,7663,Rover__Ultra__delete_ultra.md
03:02:31,https://docs.oracle.com/en-us/iaas/Content/Rover/Ultra/get_ultra.htm,200,7654,Rover__Ultra__get_ultra.md
03:02:33,https://docs.oracle.com/en-us/iaas/Content/Rover/Ultra/list_ultra.htm,200,8050,Rover__Ultra__list_ultra.md
03:02:34,https://docs.oracle.com/en-us/iaas/Content/Rover/Ultra/list_ultra_shape.htm,200,7001,Rover__Ultra__list_ultra_shape.md
03:02:35,https://docs.oracle.com/en-us/iaas/Content/Rover/Ultra/request_ultra.htm,200,7620,Rover__Ultra__request_ultra.md
03:02:36,https://docs.oracle.com/en-us/iaas/Content/Rover/Ultra/ultra_management.htm,200,9218,Rover__Ultra__ultra_management.md
03:02:37,https://docs.oracle.com/en-us/iaas/Content/Rover/Ultra/update_ultra.htm,200,8260,Rover__Ultra__update_ultra.md
03:02:38,https://docs.oracle.com/en-us/iaas/Content/Rover/certificate-management.htm,200,8983,Rover__certificate-management.md
03:02:39,https://docs.oracle.com/en-us/iaas/Content/Rover/compartments.htm,200,6753,Rover__compartments.md
03:02:40,https://docs.oracle.com/en-us/iaas/Content/Rover/contacting_oracle_support.htm,200,7374,Rover__contacting_oracle_support.md
03:02:41,https://docs.oracle.com/en-us/iaas/Content/Rover/country_support.htm,200,11061,Rover__country_support.md
03:02:42,https://docs.oracle.com/en-us/iaas/Content/Rover/create-certificate-node.htm,200,10283,Rover__create-certificate-node.md
03:02:43,https://docs.oracle.com/en-us/iaas/Content/Rover/create-certificate-offline.htm,200,17774,Rover__create-certificate-offline.md
03:02:44,https://docs.oracle.com/en-us/iaas/Content/Rover/create-or-identify-compartments.htm,200,6700,Rover__create-or-identify-compartments.md
03:02:45,https://docs.oracle.com/en-us/iaas/Content/Rover/device-logging.htm,200,10296,Rover__device-logging.md
03:02:46,https://docs.oracle.com/en-us/iaas/Content/Rover/device_specifications.htm,200,32664,Rover__device_specifications.md
03:02:47,https://docs.oracle.com/en-us/iaas/Content/Rover/device_vm.htm,200,13376,Rover__device_vm.md
03:02:48,https://docs.oracle.com/en-us/iaas/Content/Rover/exporting_marketplace_listings.htm,200,12633,Rover__exporting_marketplace_listings.md
03:02:50,https://docs.oracle.com/en-us/iaas/Content/Rover/get-ca-bundle.htm,200,7714,Rover__get-ca-bundle.md
03:02:51,https://docs.oracle.com/en-us/iaas/Content/Rover/home.htm,200,13151,Rover__home.md
03:02:51,https://docs.oracle.com/en-us/iaas/Content/Rover/key_concepts.htm,200,17310,Rover__key_concepts.md
03:02:52,https://docs.oracle.com/en-us/iaas/Content/Rover/known-issues.htm,200,23600,Rover__known-issues.md
03:02:54,https://docs.oracle.com/en-us/iaas/Content/Rover/master_key_management.htm,200,7852,Rover__master_key_management.md
03:02:54,https://docs.oracle.com/en-us/iaas/Content/Rover/overview.htm,200,22896,Rover__overview.md
03:02:55,https://docs.oracle.com/en-us/iaas/Content/Rover/recover_key.htm,200,8404,Rover__recover_key.md
03:02:56,https://docs.oracle.com/en-us/iaas/Content/Rover/renew-certificate-node.htm,200,8990,Rover__renew-certificate-node.md
03:02:57,https://docs.oracle.com/en-us/iaas/Content/Rover/renew-certificate-offline.htm,200,18586,Rover__renew-certificate-offline.md
03:02:58,https://docs.oracle.com/en-us/iaas/Content/Rover/requesting-and-receiving-devices.htm,200,12343,Rover__requesting-and-receiving-devices.md
03:02:59,https://docs.oracle.com/en-us/iaas/Content/Rover/service_limits.htm,200,6287,Rover__service_limits.md
03:03:00,https://docs.oracle.com/en-us/iaas/Content/Rover/shred_master_key.htm,200,7196,Rover__shred_master_key.md
03:03:01,https://docs.oracle.com/en-us/iaas/Content/Rover/subscribing-to-release-notes-rss-feed.htm,200,6286,Rover__subscribing-to-release-notes-rss-feed.md
03:03:02,https://docs.oracle.com/en-us/iaas/Content/Rover/troubleshooting.htm,200,68780,Rover__troubleshooting.md
03:03:03,https://docs.oracle.com/en-us/iaas/Content/Rover/update-certificate-details.htm,200,11254,Rover__update-certificate-details.md
03:03:04,https://docs.oracle.com/en-us/iaas/Content/Rover/usage_guidelines.htm,200,8415,Rover__usage_guidelines.md
03:03:05,https://docs.oracle.com/en-us/iaas/Content/Rover/usb_device_usage.htm,200,9845,Rover__usb_device_usage.md
03:03:07,https://docs.oracle.com/en-us/iaas/Content/Rover/view-certificate.htm,200,7649,Rover__view-certificate.md
03:03:08,https://docs.oracle.com/en-us/iaas/Content/Rover/view_pdf.htm,200,5888,Rover__view_pdf.md
03:03:09,https://docs.oracle.com/en-us/iaas/Content/Search/Concepts/freetextsearch.htm,200,13703,Search__Concepts__freetextsearch.md
03:03:10,https://docs.oracle.com/en-us/iaas/Content/Search/Concepts/known-issues.htm,200,7582,Search__Concepts__known-issues.md
03:03:12,https://docs.oracle.com/en-us/iaas/Content/Search/Concepts/queryoverview.htm,200,109987,Search__Concepts__queryoverview.md
03:03:13,https://docs.oracle.com/en-us/iaas/Content/Search/Concepts/querysyntax.htm,200,48485,Search__Concepts__querysyntax.md
03:03:15,https://docs.oracle.com/en-us/iaas/Content/Search/Concepts/samplequeries.htm,200,18728,Search__Concepts__samplequeries.md
03:03:16,https://docs.oracle.com/en-us/iaas/Content/Search/Concepts/troubleshootingsearch.htm,200,6084,Search__Concepts__troubleshootingsearch.md
03:03:16,https://docs.oracle.com/en-us/iaas/Content/Search/Tasks/copy-resource-collection.htm,200,9487,Search__Tasks__copy-resource-collection.md
03:03:17,https://docs.oracle.com/en-us/iaas/Content/Search/Tasks/create-resource-collection.htm,200,9838,Search__Tasks__create-resource-collection.md
03:03:18,https://docs.oracle.com/en-us/iaas/Content/Search/Tasks/delete-resource-collection.htm,200,7568,Search__Tasks__delete-resource-collection.md
03:03:20,https://docs.oracle.com/en-us/iaas/Content/Search/Tasks/delete-resources.htm,200,10180,Search__Tasks__delete-resources.md
03:03:20,https://docs.oracle.com/en-us/iaas/Content/Search/Tasks/dual-stack-endpoints.htm,200,7983,Search__Tasks__dual-stack-endpoints.md
03:03:22,https://docs.oracle.com/en-us/iaas/Content/Search/Tasks/get-resource-collection.htm,200,9397,Search__Tasks__get-resource-collection.md
03:03:23,https://docs.oracle.com/en-us/iaas/Content/Search/Tasks/list-resource-collections.htm,200,7037,Search__Tasks__list-resource-collections.md
03:03:24,https://docs.oracle.com/en-us/iaas/Content/Search/Tasks/manage-tags.htm,200,11413,Search__Tasks__manage-tags.md
03:03:25,https://docs.oracle.com/en-us/iaas/Content/Search/Tasks/migrate-resource-collection.htm,200,7795,Search__Tasks__migrate-resource-collection.md
03:03:26,https://docs.oracle.com/en-us/iaas/Content/Search/Tasks/move-resource-collection.htm,200,7947,Search__Tasks__move-resource-collection.md
03:03:27,https://docs.oracle.com/en-us/iaas/Content/Search/Tasks/move-resources.htm,200,10439,Search__Tasks__move-resources.md
03:03:28,https://docs.oracle.com/en-us/iaas/Content/Search/Tasks/performingbulkresourceactions.htm,200,6645,Search__Tasks__performingbulkresourceactions.md
03:03:29,https://docs.oracle.com/en-us/iaas/Content/Search/Tasks/queryingresources.htm,200,16934,Search__Tasks__queryingresources.md
03:03:30,https://docs.oracle.com/en-us/iaas/Content/Search/Tasks/queryingresources_topic-Changing_Filters.htm,200,10045,Search__Tasks__queryingresources_topic-Changing_Filters.md
03:03:31,https://docs.oracle.com/en-us/iaas/Content/Search/Tasks/queryingresources_topic-Clearing_Filters.htm,200,9824,Search__Tasks__queryingresources_topic-Clearing_Filters.md
03:03:33,https://docs.oracle.com/en-us/iaas/Content/Search/Tasks/queryingresources_topic-Filtering_Results.htm,200,17189,Search__Tasks__queryingresources_topic-Filtering_Results.md
03:03:34,https://docs.oracle.com/en-us/iaas/Content/Search/Tasks/queryingresources_topic-Getting_Resource_Type_Details.htm,200,7053,Search__Tasks__queryingresources_topic-Getting_Resource_Type_Details.md
03:03:35,https://docs.oracle.com/en-us/iaas/Content/Search/Tasks/queryingresources_topic-Getting_Result_Details.htm,200,7565,Search__Tasks__queryingresources_topic-Getting_Result_Details.md
03:03:36,https://docs.oracle.com/en-us/iaas/Content/Search/Tasks/queryingresources_topic-Listing_Supported_Resource_Types.htm,200,7193,Search__Tasks__queryingresources_topic-Listing_Supported_Resource_Types.md
03:03:37,https://docs.oracle.com/en-us/iaas/Content/Search/Tasks/queryingresources_topic-Sorting_Results.htm,200,9173,Search__Tasks__queryingresources_topic-Sorting_Results.md
03:03:39,https://docs.oracle.com/en-us/iaas/Content/Search/Tasks/queryingresources_topic-Switching_Search_Modes.htm,200,9553,Search__Tasks__queryingresources_topic-Switching_Search_Modes.md
03:03:39,https://docs.oracle.com/en-us/iaas/Content/Search/Tasks/queryingresources_topic-To_perform_a_free_text_search.htm,200,12174,Search__Tasks__queryingresources_topic-To_perform_a_free_text_search.md
03:03:40,https://docs.oracle.com/en-us/iaas/Content/Search/Tasks/queryingresources_topic-To_reuse_recent_search_terms.htm,200,9848,Search__Tasks__queryingresources_topic-To_reuse_recent_search_terms.md
03:03:41,https://docs.oracle.com/en-us/iaas/Content/Search/Tasks/queryingresources_topic-To_run_a_custom_freeform_query_to_find_a_resource.htm,200,14345,Search__Tasks__queryingresources_topic-To_run_a_custom_freeform_query_to_find_a_resource.md
03:03:42,https://docs.oracle.com/en-us/iaas/Content/Search/Tasks/queryingresources_topic-To_run_a_sample_query_to_find_a_resource.htm,200,7852,Search__Tasks__queryingresources_topic-To_run_a_sample_query_to_find_a_resource.md
03:03:44,https://docs.oracle.com/en-us/iaas/Content/Search/Tasks/searchingdocumentation.htm,200,6761,Search__Tasks__searchingdocumentation.md
03:03:44,https://docs.oracle.com/en-us/iaas/Content/Search/Tasks/searchingdocumentation_topic-Clearing_Filters.htm,200,7403,Search__Tasks__searchingdocumentation_topic-Clearing_Filters.md
03:03:46,https://docs.oracle.com/en-us/iaas/Content/Search/Tasks/searchingdocumentation_topic-Filtering_Results.htm,200,8931,Search__Tasks__searchingdocumentation_topic-Filtering_Results.md
03:03:47,https://docs.oracle.com/en-us/iaas/Content/Search/Tasks/searchingdocumentation_topic-Sorting_Results.htm,200,7468,Search__Tasks__searchingdocumentation_topic-Sorting_Results.md
03:03:48,https://docs.oracle.com/en-us/iaas/Content/Search/Tasks/searchingmarketplace.htm,200,6468,Search__Tasks__searchingmarketplace.md
03:03:49,https://docs.oracle.com/en-us/iaas/Content/Search/Tasks/searchingservices.htm,200,6751,Search__Tasks__searchingservices.md
03:03:50,https://docs.oracle.com/en-us/iaas/Content/Search/Tasks/searchingservices_topic-Clearing_Filters.htm,200,7751,Search__Tasks__searchingservices_topic-Clearing_Filters.md
03:03:51,https://docs.oracle.com/en-us/iaas/Content/Search/Tasks/searchingservices_topic-Filtering_Results.htm,200,9251,Search__Tasks__searchingservices_topic-Filtering_Results.md
03:03:52,https://docs.oracle.com/en-us/iaas/Content/Search/Tasks/searchingservices_topic-Sorting_Results.htm,200,7791,Search__Tasks__searchingservices_topic-Sorting_Results.md
03:03:53,https://docs.oracle.com/en-us/iaas/Content/Search/Tasks/update-resource-collection.htm,200,10406,Search__Tasks__update-resource-collection.md
03:03:55,https://docs.oracle.com/en-us/iaas/Content/Search/Tasks/view-work-requests.htm,200,9177,Search__Tasks__view-work-requests.md
03:03:55,https://docs.oracle.com/en-us/iaas/Content/Search/Tasks/workingwithresourcecollections.htm,200,11620,Search__Tasks__workingwithresourcecollections.md
03:03:57,https://docs.oracle.com/en-us/iaas/Content/Search/Troubleshooting/noresults.htm,200,7508,Search__Troubleshooting__noresults.md
03:03:58,https://docs.oracle.com/en-us/iaas/Content/Search/home.htm,200,10303,Search__home.md
03:03:59,https://docs.oracle.com/en-us/iaas/Content/Security/Concepts/security_core_services.htm,200,25454,Security__Concepts__security_core_services.md
03:04:00,https://docs.oracle.com/en-us/iaas/Content/Security/Concepts/security_features.htm,200,43992,Security__Concepts__security_features.md
03:04:02,https://docs.oracle.com/en-us/iaas/Content/Security/Concepts/security_guide.htm,200,10168,Security__Concepts__security_guide.md
03:04:03,https://docs.oracle.com/en-us/iaas/Content/Security/Concepts/security_overview.htm,200,36441,Security__Concepts__security_overview.md
03:04:04,https://docs.oracle.com/en-us/iaas/Content/Security/Reference/apigw_security.htm,200,11239,Security__Reference__apigw_security.md
03:04:05,https://docs.oracle.com/en-us/iaas/Content/Security/Reference/autonomous_recovery_security.htm,200,8680,Security__Reference__autonomous_recovery_security.md
03:04:07,https://docs.oracle.com/en-us/iaas/Content/Security/Reference/bastion_security.htm,200,31406,Security__Reference__bastion_security.md
03:04:08,https://docs.oracle.com/en-us/iaas/Content/Security/Reference/batch_security.htm,200,13103,Security__Reference__batch_security.md
03:04:09,https://docs.oracle.com/en-us/iaas/Content/Security/Reference/blockstorage_security.htm,200,39169,Security__Reference__blockstorage_security.md
03:04:11,https://docs.oracle.com/en-us/iaas/Content/Security/Reference/cloud-guard_security.htm,200,10098,Security__Reference__cloud-guard_security.md
03:04:11,https://docs.oracle.com/en-us/iaas/Content/Security/Reference/cloud-migration_security.htm,200,12839,Security__Reference__cloud-migration_security.md
03:04:13,https://docs.oracle.com/en-us/iaas/Content/Security/Reference/cloudadvisor-security.htm,200,11559,Security__Reference__cloudadvisor-security.md
03:04:14,https://docs.oracle.com/en-us/iaas/Content/Security/Reference/clusterplacementgroups_security.htm,200,12697,Security__Reference__clusterplacementgroups_security.md
03:04:15,https://docs.oracle.com/en-us/iaas/Content/Security/Reference/compute_security.htm,200,49462,Security__Reference__compute_security.md
03:04:16,https://docs.oracle.com/en-us/iaas/Content/Security/Reference/configuration_security.htm,200,11611,Security__Reference__configuration_security.md
03:04:17,https://docs.oracle.com/en-us/iaas/Content/Security/Reference/configuration_tasks.htm,200,114448,Security__Reference__configuration_tasks.md
03:04:18,https://docs.oracle.com/en-us/iaas/Content/Security/Reference/dashboards-security.htm,200,13645,Security__Reference__dashboards-security.md
03:04:19,https://docs.oracle.com/en-us/iaas/Content/Security/Reference/datacatalog_security.htm,200,11118,Security__Reference__datacatalog_security.md
03:04:20,https://docs.oracle.com/en-us/iaas/Content/Security/Reference/dataintegration_security.htm,200,8207,Security__Reference__dataintegration_security.md
03:04:21,https://docs.oracle.com/en-us/iaas/Content/Security/Reference/dbaas_security.htm,200,19093,Security__Reference__dbaas_security.md
03:04:22,https://docs.oracle.com/en-us/iaas/Content/Security/Reference/determining_the_tenancy_type.htm,200,10302,Security__Reference__determining_the_tenancy_type.md
03:04:23,https://docs.oracle.com/en-us/iaas/Content/Security/Reference/devops_security.htm,200,8004,Security__Reference__devops_security.md
03:04:24,https://docs.oracle.com/en-us/iaas/Content/Security/Reference/document-understanding-security.htm,200,14448,Security__Reference__document-understanding-security.md
03:04:25,https://docs.oracle.com/en-us/iaas/Content/Security/Reference/email_security.htm,200,7013,Security__Reference__email_security.md
03:04:26,https://docs.oracle.com/en-us/iaas/Content/Security/Reference/filestorage_security.htm,200,26151,Security__Reference__filestorage_security.md
03:04:27,https://docs.oracle.com/en-us/iaas/Content/Security/Reference/goldengate_security.htm,200,12539,Security__Reference__goldengate_security.md
03:04:28,https://docs.oracle.com/en-us/iaas/Content/Security/Reference/healthchecks_security.htm,200,14089,Security__Reference__healthchecks_security.md
03:04:29,https://docs.oracle.com/en-us/iaas/Content/Security/Reference/iam_security.htm,200,8534,Security__Reference__iam_security.md
03:04:30,https://docs.oracle.com/en-us/iaas/Content/Security/Reference/iam_security_topic-IAM_Credentials.htm,200,8655,Security__Reference__iam_security_topic-IAM_Credentials.md
03:04:31,https://docs.oracle.com/en-us/iaas/Content/Security/Reference/iam_security_topic-IAM_Federation.htm,200,9096,Security__Reference__iam_security_topic-IAM_Federation.md
03:04:33,https://docs.oracle.com/en-us/iaas/Content/Security/Reference/iam_security_topic-IAM_MFA.htm,200,12262,Security__Reference__iam_security_topic-IAM_MFA.md
03:04:34,https://docs.oracle.com/en-us/iaas/Content/Security/Reference/iam_security_topic-IAM_Security_Policies.htm,200,18952,Security__Reference__iam_security_topic-IAM_Security_Policies.md
03:04:35,https://docs.oracle.com/en-us/iaas/Content/Security/Reference/iam_security_topic-IAM_Tenancy_and_Compartments.htm,200,9646,Security__Reference__iam_security_topic-IAM_Tenancy_and_Compartments.md
03:04:37,https://docs.oracle.com/en-us/iaas/Content/Security/Reference/iam_security_topic-IAM_Users_and_Groups.htm,200,7082,Security__Reference__iam_security_topic-IAM_Users_and_Groups.md
03:04:38,https://docs.oracle.com/en-us/iaas/Content/Security/Reference/iam_security_topic-Security_Policy_Examples.htm,200,15472,Security__Reference__iam_security_topic-Security_Policy_Examples.md
03:04:39,https://docs.oracle.com/en-us/iaas/Content/Security/Reference/iam_security_topic-Useful_CLI_Commands.htm,200,7723,Security__Reference__iam_security_topic-Useful_CLI_Commands.md
03:04:40,https://docs.oracle.com/en-us/iaas/Content/Security/Reference/iam_security_topic-iam_mfa_identity_domains_signon_policy.htm,200,24610,Security__Reference__iam_security_topic-iam_mfa_identity_domains_signon_policy.md
03:04:42,https://docs.oracle.com/en-us/iaas/Content/Security/Reference/iam_security_topic-iam_mfa_no_identity_domains.htm,200,24604,Security__Reference__iam_security_topic-iam_mfa_no_identity_domains.md
03:04:43,https://docs.oracle.com/en-us/iaas/Content/Security/Reference/iam_security_topic-iam_mfa_no_identity_domains_no_policy.htm,200,34938,Security__Reference__iam_security_topic-iam_mfa_no_identity_domains_no_policy.md
03:04:44,https://docs.oracle.com/en-us/iaas/Content/Security/Reference/iam_security_topic-iam_mfa_with_identity_domains.htm,200,34560,Security__Reference__iam_security_topic-iam_mfa_with_identity_domains.md
03:04:46,https://docs.oracle.com/en-us/iaas/Content/Security/Reference/iam_security_topic-using_cloud-guard.htm,200,8380,Security__Reference__iam_security_topic-using_cloud-guard.md
03:04:47,https://docs.oracle.com/en-us/iaas/Content/Security/Reference/iam_security_topic_update_default_security_policy_using_required_consent_overview.htm,200,52647,Security__Reference__iam_security_topic_update_default_security_policy_using_required_consent_overview.md
03:04:48,https://docs.oracle.com/en-us/iaas/Content/Security/Reference/java_security.htm,200,17008,Security__Reference__java_security.md
03:04:49,https://docs.oracle.com/en-us/iaas/Content/Security/Reference/lustre_security.htm,200,21079,Security__Reference__lustre_security.md
03:04:51,https://docs.oracle.com/en-us/iaas/Content/Security/Reference/media_services_security.htm,200,6947,Security__Reference__media_services_security.md
03:04:51,https://docs.oracle.com/en-us/iaas/Content/Security/Reference/monitoring_security.htm,200,26251,Security__Reference__monitoring_security.md
03:04:52,https://docs.oracle.com/en-us/iaas/Content/Security/Reference/network-firewall_security.htm,200,16916,Security__Reference__network-firewall_security.md
03:04:54,https://docs.oracle.com/en-us/iaas/Content/Security/Reference/networking_security.htm,200,28451,Security__Reference__networking_security.md
03:04:55,https://docs.oracle.com/en-us/iaas/Content/Security/Reference/notifications_security.htm,200,14187,Security__Reference__notifications_security.md
03:04:57,https://docs.oracle.com/en-us/iaas/Content/Security/Reference/objectstorage_security.htm,200,52273,Security__Reference__objectstorage_security.md
03:04:58,https://docs.oracle.com/en-us/iaas/Content/Security/Reference/occ_security.htm,200,11192,Security__Reference__occ_security.md
03:04:59,https://docs.oracle.com/en-us/iaas/Content/Security/Reference/oke_security.htm,200,33402,Security__Reference__oke_security.md
03:05:00,https://docs.oracle.com/en-us/iaas/Content/Security/Reference/process_automation_security.htm,200,12076,Security__Reference__process_automation_security.md
03:05:01,https://docs.oracle.com/en-us/iaas/Content/Security/Reference/queue_security.htm,200,20849,Security__Reference__queue_security.md
03:05:02,https://docs.oracle.com/en-us/iaas/Content/Security/Reference/resourcemanager_security.htm,200,36471,Security__Reference__resourcemanager_security.md
03:05:03,https://docs.oracle.com/en-us/iaas/Content/Security/Reference/responses_to_vulnerabilities.htm,200,6002,Security__Reference__responses_to_vulnerabilities.md
03:05:04,https://docs.oracle.com/en-us/iaas/Content/Security/Reference/scanning_security.htm,200,22599,Security__Reference__scanning_security.md
03:05:05,https://docs.oracle.com/en-us/iaas/Content/Security/Reference/sch_security.htm,200,40676,Security__Reference__sch_security.md
03:05:06,https://docs.oracle.com/en-us/iaas/Content/Security/Reference/securing-compute-cloud-at-customer.htm,200,5968,Security__Reference__securing-compute-cloud-at-customer.md
03:05:07,https://docs.oracle.com/en-us/iaas/Content/Security/Reference/securing-osmh.htm,200,5557,Security__Reference__securing-osmh.md
03:05:08,https://docs.oracle.com/en-us/iaas/Content/Security/Reference/securing-sd.htm,200,5537,Security__Reference__securing-sd.md
03:05:09,https://docs.oracle.com/en-us/iaas/Content/Security/Reference/securing-weblogic.htm,200,5580,Security__Reference__securing-weblogic.md
03:05:10,https://docs.oracle.com/en-us/iaas/Content/Security/Reference/securityadvisor_security.htm,200,6863,Security__Reference__securityadvisor_security.md
03:05:11,https://docs.oracle.com/en-us/iaas/Content/Security/Reference/securityzone_security.htm,200,19119,Security__Reference__securityzone_security.md
03:05:12,https://docs.oracle.com/en-us/iaas/Content/Security/Reference/streaming_security.htm,200,7609,Security__Reference__streaming_security.md
03:05:13,https://docs.oracle.com/en-us/iaas/Content/Security/Reference/support-management.htm,200,12827,Security__Reference__support-management.md
03:05:14,https://docs.oracle.com/en-us/iaas/Content/Security/Reference/tagging_security.htm,200,14252,Security__Reference__tagging_security.md
03:05:15,https://docs.oracle.com/en-us/iaas/Content/Security/Reference/threatintel_security.htm,200,10539,Security__Reference__threatintel_security.md
03:05:17,https://docs.oracle.com/en-us/iaas/Content/Security/Reference/vmware_security.htm,200,19354,Security__Reference__vmware_security.md
03:05:18,https://docs.oracle.com/en-us/iaas/Content/Security/Reference/waf_security.htm,200,11289,Security__Reference__waf_security.md
03:05:19,https://docs.oracle.com/en-us/iaas/Content/Security/Tasks/securing_your_tenancy.htm,200,15486,Security__Tasks__securing_your_tenancy.md
03:05:20,https://docs.oracle.com/en-us/iaas/Content/SecurityAdvisor/Concepts/get-started.htm,200,18619,SecurityAdvisor__Concepts__get-started.md
03:05:21,https://docs.oracle.com/en-us/iaas/Content/SecurityAdvisor/Concepts/known-issues.htm,200,5261,SecurityAdvisor__Concepts__known-issues.md
03:05:22,https://docs.oracle.com/en-us/iaas/Content/SecurityAdvisor/Concepts/securityadvisoroverview.htm,200,15005,SecurityAdvisor__Concepts__securityadvisoroverview.md
03:05:23,https://docs.oracle.com/en-us/iaas/Content/SecurityAdvisor/Tasks/creatingsecureblockvolume.htm,200,14391,SecurityAdvisor__Tasks__creatingsecureblockvolume.md
03:05:25,https://docs.oracle.com/en-us/iaas/Content/SecurityAdvisor/Tasks/creatingsecurebucket.htm,200,14522,SecurityAdvisor__Tasks__creatingsecurebucket.md
03:05:26,https://docs.oracle.com/en-us/iaas/Content/SecurityAdvisor/Tasks/creatingsecurefilesystem.htm,200,17269,SecurityAdvisor__Tasks__creatingsecurefilesystem.md
03:05:27,https://docs.oracle.com/en-us/iaas/Content/SecurityAdvisor/Tasks/creatingsecurevirtualmachine.htm,200,19706,SecurityAdvisor__Tasks__creatingsecurevirtualmachine.md
03:05:29,https://docs.oracle.com/en-us/iaas/Content/SecurityAdvisor/home.htm,200,9999,SecurityAdvisor__home.md
03:05:29,https://docs.oracle.com/en-us/iaas/Content/Streaming/Concepts/accessing-streaming.htm,200,12781,Streaming__Concepts__accessing-streaming.md
03:05:31,https://docs.oracle.com/en-us/iaas/Content/Streaming/Concepts/partitioningastream.htm,200,12952,Streaming__Concepts__partitioningastream.md
03:05:32,https://docs.oracle.com/en-us/iaas/Content/Streaming/Concepts/streaminggettingstarted.htm,200,13263,Streaming__Concepts__streaminggettingstarted.md
03:05:33,https://docs.oracle.com/en-us/iaas/Content/Streaming/Concepts/streamingoverview.htm,200,20253,Streaming__Concepts__streamingoverview.md
03:05:34,https://docs.oracle.com/en-us/iaas/Content/Streaming/Concepts/streamingoverview_topic-Limits_on_Streaming_Resources.htm,200,15361,Streaming__Concepts__streamingoverview_topic-Limits_on_Streaming_Resources.md
03:05:35,https://docs.oracle.com/en-us/iaas/Content/Streaming/Concepts/streamsecurity.htm,200,10899,Streaming__Concepts__streamsecurity.md
03:05:37,https://docs.oracle.com/en-us/iaas/Content/Streaming/Reference/metric-ref.htm,200,15681,Streaming__Reference__metric-ref.md
03:05:38,https://docs.oracle.com/en-us/iaas/Content/Streaming/Reference/streamingmetrics.htm,200,13014,Streaming__Reference__streamingmetrics.md
03:05:39,https://docs.oracle.com/en-us/iaas/Content/Streaming/Reference/troubleshootingstreaming.htm,200,28148,Streaming__Reference__troubleshootingstreaming.md
03:05:40,https://docs.oracle.com/en-us/iaas/Content/Streaming/Tasks/accessing-streaming-resources-across-tenancies.htm,200,10925,Streaming__Tasks__accessing-streaming-resources-across-tenancies.md
03:05:41,https://docs.oracle.com/en-us/iaas/Content/Streaming/Tasks/change-compartment-connect-harness.htm,200,9055,Streaming__Tasks__change-compartment-connect-harness.md
03:05:42,https://docs.oracle.com/en-us/iaas/Content/Streaming/Tasks/change-compartment-stream-pool.htm,200,11577,Streaming__Tasks__change-compartment-stream-pool.md
03:05:43,https://docs.oracle.com/en-us/iaas/Content/Streaming/Tasks/commit-consumer-group.htm,200,8262,Streaming__Tasks__commit-consumer-group.md
03:05:45,https://docs.oracle.com/en-us/iaas/Content/Streaming/Tasks/consuming.htm,200,12634,Streaming__Tasks__consuming.md
03:05:46,https://docs.oracle.com/en-us/iaas/Content/Streaming/Tasks/create-connect-harness.htm,200,12916,Streaming__Tasks__create-connect-harness.md
03:05:47,https://docs.oracle.com/en-us/iaas/Content/Streaming/Tasks/create-cursor.htm,200,8203,Streaming__Tasks__create-cursor.md
03:05:48,https://docs.oracle.com/en-us/iaas/Content/Streaming/Tasks/create-group-cursor.htm,200,7878,Streaming__Tasks__create-group-cursor.md
03:05:50,https://docs.oracle.com/en-us/iaas/Content/Streaming/Tasks/creating-stream-pools.htm,200,19140,Streaming__Tasks__creating-stream-pools.md
03:05:50,https://docs.oracle.com/en-us/iaas/Content/Streaming/Tasks/creatingstreamsandstreampools_create-stream.htm,200,16530,Streaming__Tasks__creatingstreamsandstreampools_create-stream.md
03:05:52,https://docs.oracle.com/en-us/iaas/Content/Streaming/Tasks/delete-connect-harness.htm,200,8776,Streaming__Tasks__delete-connect-harness.md
03:05:53,https://docs.oracle.com/en-us/iaas/Content/Streaming/Tasks/delete-stream-pool.htm,200,11405,Streaming__Tasks__delete-stream-pool.md
03:05:54,https://docs.oracle.com/en-us/iaas/Content/Streaming/Tasks/deleting-streams.htm,200,11471,Streaming__Tasks__deleting-streams.md
03:05:55,https://docs.oracle.com/en-us/iaas/Content/Streaming/Tasks/developing-kafka.htm,200,7226,Streaming__Tasks__developing-kafka.md
03:05:56,https://docs.oracle.com/en-us/iaas/Content/Streaming/Tasks/developing.htm,200,11494,Streaming__Tasks__developing.md
03:05:57,https://docs.oracle.com/en-us/iaas/Content/Streaming/Tasks/get-connect-harness.htm,200,8321,Streaming__Tasks__get-connect-harness.md
03:05:58,https://docs.oracle.com/en-us/iaas/Content/Streaming/Tasks/get-consumer-group.htm,200,7464,Streaming__Tasks__get-consumer-group.md
03:05:59,https://docs.oracle.com/en-us/iaas/Content/Streaming/Tasks/get-message.htm,200,8929,Streaming__Tasks__get-message.md
03:06:00,https://docs.oracle.com/en-us/iaas/Content/Streaming/Tasks/get-stream-pool.htm,200,11270,Streaming__Tasks__get-stream-pool.md
03:06:01,https://docs.oracle.com/en-us/iaas/Content/Streaming/Tasks/get-stream.htm,200,11186,Streaming__Tasks__get-stream.md
03:06:02,https://docs.oracle.com/en-us/iaas/Content/Streaming/Tasks/kafkacompatibility.htm,200,14182,Streaming__Tasks__kafkacompatibility.md
03:06:03,https://docs.oracle.com/en-us/iaas/Content/Streaming/Tasks/kafkacompatibility_topic-Configuration.htm,200,14839,Streaming__Tasks__kafkacompatibility_topic-Configuration.md
03:06:04,https://docs.oracle.com/en-us/iaas/Content/Streaming/Tasks/kafkacompatibility_topic-Kafka_Connect.htm,200,17793,Streaming__Tasks__kafkacompatibility_topic-Kafka_Connect.md
03:06:05,https://docs.oracle.com/en-us/iaas/Content/Streaming/Tasks/list-connect-harness.htm,200,11206,Streaming__Tasks__list-connect-harness.md
03:06:06,https://docs.oracle.com/en-us/iaas/Content/Streaming/Tasks/list-stream-pools.htm,200,12927,Streaming__Tasks__list-stream-pools.md
03:06:07,https://docs.oracle.com/en-us/iaas/Content/Streaming/Tasks/listing-streams.htm,200,14126,Streaming__Tasks__listing-streams.md
03:06:08,https://docs.oracle.com/en-us/iaas/Content/Streaming/Tasks/manage-security-attributes.htm,200,10353,Streaming__Tasks__manage-security-attributes.md
03:06:10,https://docs.oracle.com/en-us/iaas/Content/Streaming/Tasks/managing-stream-pools.htm,200,15370,Streaming__Tasks__managing-stream-pools.md
03:06:11,https://docs.oracle.com/en-us/iaas/Content/Streaming/Tasks/managingkafkaconnectharnesses.htm,200,8076,Streaming__Tasks__managingkafkaconnectharnesses.md
03:06:12,https://docs.oracle.com/en-us/iaas/Content/Streaming/Tasks/managingstreams.htm,200,12914,Streaming__Tasks__managingstreams.md
03:06:13,https://docs.oracle.com/en-us/iaas/Content/Streaming/Tasks/moving-streams.htm,200,10290,Streaming__Tasks__moving-streams.md
03:06:14,https://docs.oracle.com/en-us/iaas/Content/Streaming/Tasks/publishing.htm,200,15756,Streaming__Tasks__publishing.md
03:06:15,https://docs.oracle.com/en-us/iaas/Content/Streaming/Tasks/publishingmessages.htm,200,9664,Streaming__Tasks__publishingmessages.md
03:06:16,https://docs.oracle.com/en-us/iaas/Content/Streaming/Tasks/query-metric.htm,200,12465,Streaming__Tasks__query-metric.md
03:06:17,https://docs.oracle.com/en-us/iaas/Content/Streaming/Tasks/send-heartbeat-consumer-group.htm,200,8021,Streaming__Tasks__send-heartbeat-consumer-group.md
03:06:18,https://docs.oracle.com/en-us/iaas/Content/Streaming/Tasks/show-recent-messages.htm,200,6926,Streaming__Tasks__show-recent-messages.md
03:06:19,https://docs.oracle.com/en-us/iaas/Content/Streaming/Tasks/streaming-kafka-dotnet-client-quickstart.htm,200,24571,Streaming__Tasks__streaming-kafka-dotnet-client-quickstart.md
03:06:20,https://docs.oracle.com/en-us/iaas/Content/Streaming/Tasks/streaming-kafka-java-client-quickstart.htm,200,24609,Streaming__Tasks__streaming-kafka-java-client-quickstart.md
03:06:21,https://docs.oracle.com/en-us/iaas/Content/Streaming/Tasks/streaming-kafka-python-client-quickstart.htm,200,22010,Streaming__Tasks__streaming-kafka-python-client-quickstart.md
03:06:23,https://docs.oracle.com/en-us/iaas/Content/Streaming/Tasks/streaming-quickstart-oci-sdk-for-dotnet.htm,200,25086,Streaming__Tasks__streaming-quickstart-oci-sdk-for-dotnet.md
03:06:24,https://docs.oracle.com/en-us/iaas/Content/Streaming/Tasks/streaming-quickstart-oci-sdk-for-go.htm,200,20271,Streaming__Tasks__streaming-quickstart-oci-sdk-for-go.md
03:06:25,https://docs.oracle.com/en-us/iaas/Content/Streaming/Tasks/streaming-quickstart-oci-sdk-for-java.htm,200,26654,Streaming__Tasks__streaming-quickstart-oci-sdk-for-java.md
03:06:27,https://docs.oracle.com/en-us/iaas/Content/Streaming/Tasks/streaming-quickstart-oci-sdk-for-javascript.htm,200,20453,Streaming__Tasks__streaming-quickstart-oci-sdk-for-javascript.md
03:06:28,https://docs.oracle.com/en-us/iaas/Content/Streaming/Tasks/streaming-quickstart-oci-sdk-for-python.htm,200,19950,Streaming__Tasks__streaming-quickstart-oci-sdk-for-python.md
03:06:29,https://docs.oracle.com/en-us/iaas/Content/Streaming/Tasks/streaming-quickstart-oci-sdk-for-typescript.htm,200,22344,Streaming__Tasks__streaming-quickstart-oci-sdk-for-typescript.md
03:06:30,https://docs.oracle.com/en-us/iaas/Content/Streaming/Tasks/update-connect-harness.htm,200,9700,Streaming__Tasks__update-connect-harness.md
03:06:31,https://docs.oracle.com/en-us/iaas/Content/Streaming/Tasks/update-consumer-group.htm,200,7602,Streaming__Tasks__update-consumer-group.md
03:06:32,https://docs.oracle.com/en-us/iaas/Content/Streaming/Tasks/update-the-encryption-key-assigned-to-a-stream-pool.htm,200,10782,Streaming__Tasks__update-the-encryption-key-assigned-to-a-stream-pool.md
03:06:33,https://docs.oracle.com/en-us/iaas/Content/Streaming/Tasks/updating-stream-pools.htm,200,16108,Streaming__Tasks__updating-stream-pools.md
03:06:34,https://docs.oracle.com/en-us/iaas/Content/Streaming/Tasks/updating-streams.htm,200,10124,Streaming__Tasks__updating-streams.md
03:06:35,https://docs.oracle.com/en-us/iaas/Content/Streaming/Tasks/using_a_single_consumer.htm,200,14631,Streaming__Tasks__using_a_single_consumer.md
03:06:37,https://docs.oracle.com/en-us/iaas/Content/Streaming/Tasks/using_consumer_groups.htm,200,20421,Streaming__Tasks__using_consumer_groups.md
03:06:38,https://docs.oracle.com/en-us/iaas/Content/Streaming/Tasks/view-chart-namespace.htm,200,9264,Streaming__Tasks__view-chart-namespace.md
03:06:39,https://docs.oracle.com/en-us/iaas/Content/Streaming/Tasks/view-chart-resource.htm,200,7543,Streaming__Tasks__view-chart-resource.md
03:06:40,https://docs.oracle.com/en-us/iaas/Content/Streaming/Tasks/view-chart.htm,200,6528,Streaming__Tasks__view-chart.md
03:06:41,https://docs.oracle.com/en-us/iaas/Content/Streaming/home.htm,200,12610,Streaming__home.md
03:06:42,https://docs.oracle.com/en-us/iaas/Content/Streaming/known_issues_Streaming.htm,200,5585,Streaming__known_issues_Streaming.md
03:06:43,https://docs.oracle.com/en-us/iaas/Content/Tagging/Concepts/list-tag-defaults.htm,200,7700,Tagging__Concepts__list-tag-defaults.md
03:06:44,https://docs.oracle.com/en-us/iaas/Content/Tagging/Concepts/list-tag-key-definition.htm,200,7513,Tagging__Concepts__list-tag-key-definition.md
03:06:45,https://docs.oracle.com/en-us/iaas/Content/Tagging/Concepts/list-tagnamespace.htm,200,7564,Tagging__Concepts__list-tagnamespace.md
03:06:46,https://docs.oracle.com/en-us/iaas/Content/Tagging/Concepts/taggingoverview.htm,200,45916,Tagging__Concepts__taggingoverview.md
03:06:47,https://docs.oracle.com/en-us/iaas/Content/Tagging/Concepts/understandingautomaticdefaulttags.htm,200,8471,Tagging__Concepts__understandingautomaticdefaulttags.md
03:06:48,https://docs.oracle.com/en-us/iaas/Content/Tagging/Concepts/understandingfreeformtags.htm,200,12540,Tagging__Concepts__understandingfreeformtags.md
03:06:50,https://docs.oracle.com/en-us/iaas/Content/Tagging/Concepts/understandingstandardtags.htm,200,10634,Tagging__Concepts__understandingstandardtags.md
03:06:51,https://docs.oracle.com/en-us/iaas/Content/Tagging/Concepts/workrequests_tag-key-definitions.htm,200,7546,Tagging__Concepts__workrequests_tag-key-definitions.md
03:06:52,https://docs.oracle.com/en-us/iaas/Content/Tagging/Tasks/Create_tag_key_definition.htm,200,8945,Tagging__Tasks__Create_tag_key_definition.md
03:06:53,https://docs.oracle.com/en-us/iaas/Content/Tagging/Tasks/Update_tag_key_definition.htm,200,8223,Tagging__Tasks__Update_tag_key_definition.md
03:06:54,https://docs.oracle.com/en-us/iaas/Content/Tagging/Tasks/knownissues_tagging.htm,200,10159,Tagging__Tasks__knownissues_tagging.md
03:06:55,https://docs.oracle.com/en-us/iaas/Content/Tagging/Tasks/managing_resourcelocks.htm,200,9211,Tagging__Tasks__managing_resourcelocks.md
03:06:57,https://docs.oracle.com/en-us/iaas/Content/Tagging/Tasks/managingaccesswithtags.htm,200,79034,Tagging__Tasks__managingaccesswithtags.md
03:06:59,https://docs.oracle.com/en-us/iaas/Content/Tagging/Tasks/managingtagdefaults.htm,200,20594,Tagging__Tasks__managingtagdefaults.md
03:06:59,https://docs.oracle.com/en-us/iaas/Content/Tagging/Tasks/managingtagdefaults_topic-To_create_a_tag_default.htm,200,8815,Tagging__Tasks__managingtagdefaults_topic-To_create_a_tag_default.md
03:07:01,https://docs.oracle.com/en-us/iaas/Content/Tagging/Tasks/managingtagdefaults_topic-To_delete_a_tag_default.htm,200,7879,Tagging__Tasks__managingtagdefaults_topic-To_delete_a_tag_default.md
03:07:02,https://docs.oracle.com/en-us/iaas/Content/Tagging/Tasks/managingtagdefaults_topic-To_update_the_default_value_of_a_tag_default.htm,200,8533,Tagging__Tasks__managingtagdefaults_topic-To_update_the_default_value_of_a_tag_default.md
03:07:04,https://docs.oracle.com/en-us/iaas/Content/Tagging/Tasks/managingtagdefaults_topic-Using_the_API.htm,200,7403,Tagging__Tasks__managingtagdefaults_topic-Using_the_API.md
03:07:04,https://docs.oracle.com/en-us/iaas/Content/Tagging/Tasks/managingtagsandtagnamespaces.htm,200,27503,Tagging__Tasks__managingtagsandtagnamespaces.md
03:07:06,https://docs.oracle.com/en-us/iaas/Content/Tagging/Tasks/managingtagsandtagnamespaces_topic-Managing_Key_Definitions.htm,200,7221,Tagging__Tasks__managingtagsandtagnamespaces_topic-Managing_Key_Definitions.md
03:07:07,https://docs.oracle.com/en-us/iaas/Content/Tagging/Tasks/managingtagsandtagnamespaces_topic-Managing_Tag_Namespaces.htm,200,7628,Tagging__Tasks__managingtagsandtagnamespaces_topic-Managing_Tag_Namespaces.md
03:07:08,https://docs.oracle.com/en-us/iaas/Content/Tagging/Tasks/managingtagsandtagnamespaces_topic-To_create_a_tag_namespace.htm,200,8187,Tagging__Tasks__managingtagsandtagnamespaces_topic-To_create_a_tag_namespace.md
03:07:09,https://docs.oracle.com/en-us/iaas/Content/Tagging/Tasks/managingtagsandtagnamespaces_topic-To_delete_a_tag_key_definition.htm,200,8790,Tagging__Tasks__managingtagsandtagnamespaces_topic-To_delete_a_tag_key_definition.md
03:07:10,https://docs.oracle.com/en-us/iaas/Content/Tagging/Tasks/managingtagsandtagnamespaces_topic-To_delete_a_tag_namespace.htm,200,8678,Tagging__Tasks__managingtagsandtagnamespaces_topic-To_delete_a_tag_namespace.md
03:07:11,https://docs.oracle.com/en-us/iaas/Content/Tagging/Tasks/managingtagsandtagnamespaces_topic-To_import-standard-tags.htm,200,8475,Tagging__Tasks__managingtagsandtagnamespaces_topic-To_import-standard-tags.md
03:07:12,https://docs.oracle.com/en-us/iaas/Content/Tagging/Tasks/managingtagsandtagnamespaces_topic-To_monitor_a_work_request_for_a_deleted_tag.htm,200,7717,Tagging__Tasks__managingtagsandtagnamespaces_topic-To_monitor_a_work_request_for_a_deleted_tag.md
03:07:13,https://docs.oracle.com/en-us/iaas/Content/Tagging/Tasks/managingtagsandtagnamespaces_topic-To_move_a_tag_namespace_to_a_different_compartment.htm,200,8079,Tagging__Tasks__managingtagsandtagnamespaces_topic-To_move_a_tag_namespace_to_a_different_compartment.md
03:07:15,https://docs.oracle.com/en-us/iaas/Content/Tagging/Tasks/managingtagsandtagnamespaces_topic-To_reactivate_a_tag_key_definition.htm,200,8273,Tagging__Tasks__managingtagsandtagnamespaces_topic-To_reactivate_a_tag_key_definition.md
03:07:16,https://docs.oracle.com/en-us/iaas/Content/Tagging/Tasks/managingtagsandtagnamespaces_topic-To_reactivate_a_tag_namespace.htm,200,7841,Tagging__Tasks__managingtagsandtagnamespaces_topic-To_reactivate_a_tag_namespace.md
03:07:17,https://docs.oracle.com/en-us/iaas/Content/Tagging/Tasks/managingtagsandtagnamespaces_topic-To_retire_a_tag_key_definition.htm,200,8233,Tagging__Tasks__managingtagsandtagnamespaces_topic-To_retire_a_tag_key_definition.md
03:07:17,https://docs.oracle.com/en-us/iaas/Content/Tagging/Tasks/managingtagsandtagnamespaces_topic-To_retire_a_tag_namespace.htm,200,7813,Tagging__Tasks__managingtagsandtagnamespaces_topic-To_retire_a_tag_namespace.md
03:07:19,https://docs.oracle.com/en-us/iaas/Content/Tagging/Tasks/managingtagsandtagnamespaces_topic-To_update_a_tag_namespaces_description.htm,200,7053,Tagging__Tasks__managingtagsandtagnamespaces_topic-To_update_a_tag_namespaces_description.md
03:07:20,https://docs.oracle.com/en-us/iaas/Content/Tagging/Tasks/managingtagsandtagnamespaces_topic-Using_the_API.htm,200,7461,Tagging__Tasks__managingtagsandtagnamespaces_topic-Using_the_API.md
03:07:21,https://docs.oracle.com/en-us/iaas/Content/Tagging/Tasks/managingtagsandtagnamespaces_topic-Using_the_Console.htm,200,6071,Tagging__Tasks__managingtagsandtagnamespaces_topic-Using_the_Console.md
03:07:22,https://docs.oracle.com/en-us/iaas/Content/Tagging/Tasks/troubleshooting_tagging.htm,200,7160,Tagging__Tasks__troubleshooting_tagging.md
03:07:24,https://docs.oracle.com/en-us/iaas/Content/Tagging/Tasks/usingpredefinedvalues.htm,200,12260,Tagging__Tasks__usingpredefinedvalues.md
03:07:25,https://docs.oracle.com/en-us/iaas/Content/Tagging/Tasks/usingtagvariables.htm,200,10938,Tagging__Tasks__usingtagvariables.md
03:07:26,https://docs.oracle.com/en-us/iaas/Content/Tagging/home.htm,200,10624,Tagging__home.md
03:07:27,https://docs.oracle.com/en-us/iaas/Content/ToolsConfig.htm,200,6287,ToolsConfig.md
03:07:28,https://docs.oracle.com/en-us/iaas/Content/TrafficManagement/Concepts/overview.htm,200,24879,TrafficManagement__Concepts__overview.md
03:07:29,https://docs.oracle.com/en-us/iaas/Content/TrafficManagement/Concepts/trafficmanagementapi.htm,200,48467,TrafficManagement__Concepts__trafficmanagementapi.md
03:07:30,https://docs.oracle.com/en-us/iaas/Content/TrafficManagement/Reference/trafficmanagementgeo.htm,200,66789,TrafficManagement__Reference__trafficmanagementgeo.md
03:07:31,https://docs.oracle.com/en-us/iaas/Content/TrafficManagement/Tasks/create-tm-policy-asn.htm,200,12547,TrafficManagement__Tasks__create-tm-policy-asn.md
03:07:32,https://docs.oracle.com/en-us/iaas/Content/TrafficManagement/Tasks/create-tm-policy-failover.htm,200,12377,TrafficManagement__Tasks__create-tm-policy-failover.md
03:07:33,https://docs.oracle.com/en-us/iaas/Content/TrafficManagement/Tasks/create-tm-policy-geo.htm,200,12962,TrafficManagement__Tasks__create-tm-policy-geo.md
03:07:35,https://docs.oracle.com/en-us/iaas/Content/TrafficManagement/Tasks/create-tm-policy-ip.htm,200,12603,TrafficManagement__Tasks__create-tm-policy-ip.md
03:07:36,https://docs.oracle.com/en-us/iaas/Content/TrafficManagement/Tasks/create-tm-policy-lb.htm,200,11476,TrafficManagement__Tasks__create-tm-policy-lb.md
03:07:36,https://docs.oracle.com/en-us/iaas/Content/TrafficManagement/Tasks/tm-attach-create.htm,200,9965,TrafficManagement__Tasks__tm-attach-create.md
03:07:37,https://docs.oracle.com/en-us/iaas/Content/TrafficManagement/Tasks/tm-attach-delete.htm,200,9216,TrafficManagement__Tasks__tm-attach-delete.md
03:07:38,https://docs.oracle.com/en-us/iaas/Content/TrafficManagement/Tasks/tm-attach-list.htm,200,8498,TrafficManagement__Tasks__tm-attach-list.md
03:07:40,https://docs.oracle.com/en-us/iaas/Content/TrafficManagement/Tasks/tm-policy-attach-get.htm,200,8912,TrafficManagement__Tasks__tm-policy-attach-get.md
03:07:40,https://docs.oracle.com/en-us/iaas/Content/TrafficManagement/Tasks/tm-policy-delete.htm,200,8343,TrafficManagement__Tasks__tm-policy-delete.md
03:07:41,https://docs.oracle.com/en-us/iaas/Content/TrafficManagement/Tasks/tm-policy-edit.htm,200,9458,TrafficManagement__Tasks__tm-policy-edit.md
03:07:43,https://docs.oracle.com/en-us/iaas/Content/TrafficManagement/Tasks/tm-policy-get.htm,200,8183,TrafficManagement__Tasks__tm-policy-get.md
03:07:44,https://docs.oracle.com/en-us/iaas/Content/TrafficManagement/Tasks/tm-policy-list.htm,200,11366,TrafficManagement__Tasks__tm-policy-list.md
03:07:44,https://docs.oracle.com/en-us/iaas/Content/TrafficManagement/Tasks/tm-policy-move.htm,200,8677,TrafficManagement__Tasks__tm-policy-move.md
03:07:46,https://docs.oracle.com/en-us/iaas/Content/VMware/Concepts/billing-options.htm,200,10238,VMware__Concepts__billing-options.md
03:07:47,https://docs.oracle.com/en-us/iaas/Content/VMware/Concepts/managing-licenses.htm,200,8880,VMware__Concepts__managing-licenses.md
03:07:48,https://docs.oracle.com/en-us/iaas/Content/VMware/Concepts/ocvsmanaging-esxi-hosts.htm,200,9903,VMware__Concepts__ocvsmanaging-esxi-hosts.md
03:07:49,https://docs.oracle.com/en-us/iaas/Content/VMware/Concepts/ocvsoverview.htm,200,70081,VMware__Concepts__ocvsoverview.md
03:07:50,https://docs.oracle.com/en-us/iaas/Content/VMware/Concepts/swap-billing.htm,200,21957,VMware__Concepts__swap-billing.md
03:07:51,https://docs.oracle.com/en-us/iaas/Content/VMware/Concepts/upgrade.htm,200,7286,VMware__Concepts__upgrade.md
03:07:51,https://docs.oracle.com/en-us/iaas/Content/VMware/Concepts/upgrade7.htm,200,15287,VMware__Concepts__upgrade7.md
03:07:53,https://docs.oracle.com/en-us/iaas/Content/VMware/Concepts/upgrade8.htm,200,25398,VMware__Concepts__upgrade8.md
03:07:54,https://docs.oracle.com/en-us/iaas/Content/VMware/Concepts/upgrading-vmware-hcx.htm,200,11462,VMware__Concepts__upgrading-vmware-hcx.md
03:07:55,https://docs.oracle.com/en-us/iaas/Content/VMware/Concepts/vmware-notifications.htm,200,19978,VMware__Concepts__vmware-notifications.md
03:07:56,https://docs.oracle.com/en-us/iaas/Content/VMware/Concepts/work-requests.htm,200,8958,VMware__Concepts__work-requests.md
03:07:58,https://docs.oracle.com/en-us/iaas/Content/VMware/Reference/iam-policy-reference.htm,200,21641,VMware__Reference__iam-policy-reference.md
03:07:59,https://docs.oracle.com/en-us/iaas/Content/VMware/Reference/ocvssecurityrules.htm,200,11003,VMware__Reference__ocvssecurityrules.md
03:08:01,https://docs.oracle.com/en-us/iaas/Content/VMware/Tasks/cluster-add.htm,200,24453,VMware__Tasks__cluster-add.md
03:08:02,https://docs.oracle.com/en-us/iaas/Content/VMware/Tasks/cluster-delete.htm,200,8812,VMware__Tasks__cluster-delete.md
03:08:03,https://docs.oracle.com/en-us/iaas/Content/VMware/Tasks/cluster-edit.htm,200,10889,VMware__Tasks__cluster-edit.md
03:08:04,https://docs.oracle.com/en-us/iaas/Content/VMware/Tasks/cluster-get.htm,200,7637,VMware__Tasks__cluster-get.md
03:08:05,https://docs.oracle.com/en-us/iaas/Content/VMware/Tasks/cluster-list.htm,200,7553,VMware__Tasks__cluster-list.md
03:08:07,https://docs.oracle.com/en-us/iaas/Content/VMware/Tasks/clusters.htm,200,9837,VMware__Tasks__clusters.md
03:08:08,https://docs.oracle.com/en-us/iaas/Content/VMware/Tasks/datastore-addToCluster.htm,200,8001,VMware__Tasks__datastore-addToCluster.md
03:08:08,https://docs.oracle.com/en-us/iaas/Content/VMware/Tasks/datastore-change-compartment.htm,200,7940,VMware__Tasks__datastore-change-compartment.md
03:08:10,https://docs.oracle.com/en-us/iaas/Content/VMware/Tasks/datastore-cluster-attach-and-detach.htm,200,7438,VMware__Tasks__datastore-cluster-attach-and-detach.md
03:08:11,https://docs.oracle.com/en-us/iaas/Content/VMware/Tasks/datastore-cluster-change-compartment.htm,200,7859,VMware__Tasks__datastore-cluster-change-compartment.md
03:08:12,https://docs.oracle.com/en-us/iaas/Content/VMware/Tasks/datastore-cluster-delete.htm,200,8005,VMware__Tasks__datastore-cluster-delete.md
03:08:13,https://docs.oracle.com/en-us/iaas/Content/VMware/Tasks/datastore-cluster-get.htm,200,7415,VMware__Tasks__datastore-cluster-get.md
03:08:14,https://docs.oracle.com/en-us/iaas/Content/VMware/Tasks/datastore-cluster-list.htm,200,6944,VMware__Tasks__datastore-cluster-list.md
03:08:15,https://docs.oracle.com/en-us/iaas/Content/VMware/Tasks/datastore-cluster-update.htm,200,7680,VMware__Tasks__datastore-cluster-update.md
03:08:16,https://docs.oracle.com/en-us/iaas/Content/VMware/Tasks/datastore-clusters-create.htm,200,9600,VMware__Tasks__datastore-clusters-create.md
03:08:17,https://docs.oracle.com/en-us/iaas/Content/VMware/Tasks/datastore-clusters-managing.htm,200,7952,VMware__Tasks__datastore-clusters-managing.md
03:08:18,https://docs.oracle.com/en-us/iaas/Content/VMware/Tasks/datastore-create.htm,200,11904,VMware__Tasks__datastore-create.md
03:08:19,https://docs.oracle.com/en-us/iaas/Content/VMware/Tasks/datastore-delete.htm,200,8587,VMware__Tasks__datastore-delete.md
03:08:20,https://docs.oracle.com/en-us/iaas/Content/VMware/Tasks/datastore-get.htm,200,7302,VMware__Tasks__datastore-get.md
03:08:21,https://docs.oracle.com/en-us/iaas/Content/VMware/Tasks/datastore-list.htm,200,6782,VMware__Tasks__datastore-list.md
03:08:22,https://docs.oracle.com/en-us/iaas/Content/VMware/Tasks/datastore-removeFromCluster.htm,200,8096,VMware__Tasks__datastore-removeFromCluster.md
03:08:23,https://docs.oracle.com/en-us/iaas/Content/VMware/Tasks/datastore-update.htm,200,7576,VMware__Tasks__datastore-update.md
03:08:24,https://docs.oracle.com/en-us/iaas/Content/VMware/Tasks/datastores-managing.htm,200,6541,VMware__Tasks__datastores-managing.md
03:08:25,https://docs.oracle.com/en-us/iaas/Content/VMware/Tasks/datastores.htm,200,8681,VMware__Tasks__datastores.md
03:08:26,https://docs.oracle.com/en-us/iaas/Content/VMware/Tasks/esxi-host-create.htm,200,15275,VMware__Tasks__esxi-host-create.md
03:08:28,https://docs.oracle.com/en-us/iaas/Content/VMware/Tasks/esxi-host-delete.htm,200,8624,VMware__Tasks__esxi-host-delete.md
03:08:29,https://docs.oracle.com/en-us/iaas/Content/VMware/Tasks/esxi-host-get.htm,200,7873,VMware__Tasks__esxi-host-get.md
03:08:29,https://docs.oracle.com/en-us/iaas/Content/VMware/Tasks/esxi-host-list.htm,200,8377,VMware__Tasks__esxi-host-list.md
03:08:30,https://docs.oracle.com/en-us/iaas/Content/VMware/Tasks/esxi-host-replace.htm,200,11395,VMware__Tasks__esxi-host-replace.md
03:08:32,https://docs.oracle.com/en-us/iaas/Content/VMware/Tasks/esxi-host-swap-billing.htm,200,9240,VMware__Tasks__esxi-host-swap-billing.md
03:08:33,https://docs.oracle.com/en-us/iaas/Content/VMware/Tasks/esxi-host-update.htm,200,11213,VMware__Tasks__esxi-host-update.md
03:08:34,https://docs.oracle.com/en-us/iaas/Content/VMware/Tasks/get-work-request-details.htm,200,7975,VMware__Tasks__get-work-request-details.md
03:08:36,https://docs.oracle.com/en-us/iaas/Content/VMware/Tasks/license-allocation-create.htm,200,10471,VMware__Tasks__license-allocation-create.md
03:08:37,https://docs.oracle.com/en-us/iaas/Content/VMware/Tasks/license-allocation-list.htm,200,11023,VMware__Tasks__license-allocation-list.md
03:08:38,https://docs.oracle.com/en-us/iaas/Content/VMware/Tasks/license-create.htm,200,13652,VMware__Tasks__license-create.md
03:08:39,https://docs.oracle.com/en-us/iaas/Content/VMware/Tasks/license-edit.htm,200,12506,VMware__Tasks__license-edit.md
03:08:40,https://docs.oracle.com/en-us/iaas/Content/VMware/Tasks/license-list.htm,200,10950,VMware__Tasks__license-list.md
03:08:41,https://docs.oracle.com/en-us/iaas/Content/VMware/Tasks/list-sddc-work-requests.htm,200,8380,VMware__Tasks__list-sddc-work-requests.md
03:08:42,https://docs.oracle.com/en-us/iaas/Content/VMware/Tasks/list-work-request-error.htm,200,8082,VMware__Tasks__list-work-request-error.md
03:08:43,https://docs.oracle.com/en-us/iaas/Content/VMware/Tasks/list-work-request-logs.htm,200,7790,VMware__Tasks__list-work-request-logs.md
03:08:44,https://docs.oracle.com/en-us/iaas/Content/VMware/Tasks/ocvs-management-app-adding-datastore.htm,200,10486,VMware__Tasks__ocvs-management-app-adding-datastore.md
03:08:45,https://docs.oracle.com/en-us/iaas/Content/VMware/Tasks/ocvs-management-app-adding-host.htm,200,12298,VMware__Tasks__ocvs-management-app-adding-host.md
03:08:46,https://docs.oracle.com/en-us/iaas/Content/VMware/Tasks/ocvs-management-app-install.htm,200,34793,VMware__Tasks__ocvs-management-app-install.md
03:08:48,https://docs.oracle.com/en-us/iaas/Content/VMware/Tasks/ocvs-management-app-jobs.htm,200,6531,VMware__Tasks__ocvs-management-app-jobs.md
03:08:49,https://docs.oracle.com/en-us/iaas/Content/VMware/Tasks/ocvs-management-app-metrics.htm,200,7288,VMware__Tasks__ocvs-management-app-metrics.md
03:08:51,https://docs.oracle.com/en-us/iaas/Content/VMware/Tasks/ocvs-management-app-terminate.htm,200,6600,VMware__Tasks__ocvs-management-app-terminate.md
03:08:53,https://docs.oracle.com/en-us/iaas/Content/VMware/Tasks/ocvs-management-app-troubleshooting.htm,200,67588,VMware__Tasks__ocvs-management-app-troubleshooting.md
03:08:54,https://docs.oracle.com/en-us/iaas/Content/VMware/Tasks/ocvs-management-app.htm,200,9107,VMware__Tasks__ocvs-management-app.md
03:08:55,https://docs.oracle.com/en-us/iaas/Content/VMware/Tasks/ocvsconfigconnectivity.htm,200,10763,VMware__Tasks__ocvsconfigconnectivity.md
03:08:56,https://docs.oracle.com/en-us/iaas/Content/VMware/Tasks/ocvsconfigconnectivity_topic-Configuring_Connectivity_to_Other_Resources_in_the_VCN.htm,200,12188,VMware__Tasks__ocvsconfigconnectivity_topic-Configuring_Connectivity_to_Other_Resources_in_the_VCN.md
03:08:58,https://docs.oracle.com/en-us/iaas/Content/VMware/Tasks/ocvsconfigconnectivity_topic-Configuring_Connectivity_to_Your_Onpremises_Network.htm,200,11461,VMware__Tasks__ocvsconfigconnectivity_topic-Configuring_Connectivity_to_Your_Onpremises_Network.md
03:08:59,https://docs.oracle.com/en-us/iaas/Content/VMware/Tasks/ocvsconfigconnectivity_topic-Configuring_Connectivity_to_the_Internet_Through_a_NAT_Gateway.htm,200,11109,VMware__Tasks__ocvsconfigconnectivity_topic-Configuring_Connectivity_to_the_Internet_Through_a_NAT_Gateway.md
03:09:00,https://docs.oracle.com/en-us/iaas/Content/VMware/Tasks/ocvsconfigconnectivity_topic-Configuring_Connectivity_to_the_Oracle_Services_Network.htm,200,11593,VMware__Tasks__ocvsconfigconnectivity_topic-Configuring_Connectivity_to_the_Oracle_Services_Network.md
03:09:01,https://docs.oracle.com/en-us/iaas/Content/VMware/Tasks/ocvsmanagingl2net.htm,200,11045,VMware__Tasks__ocvsmanagingl2net.md
03:09:02,https://docs.oracle.com/en-us/iaas/Content/VMware/Tasks/ocvsmanagingsddc.htm,200,14440,VMware__Tasks__ocvsmanagingsddc.md
03:09:03,https://docs.oracle.com/en-us/iaas/Content/VMware/Tasks/ocvssettingupsddc.htm,200,40347,VMware__Tasks__ocvssettingupsddc.md
03:09:05,https://docs.oracle.com/en-us/iaas/Content/VMware/Tasks/sddc-cancel-downgrade-hcx.htm,200,8452,VMware__Tasks__sddc-cancel-downgrade-hcx.md
03:09:06,https://docs.oracle.com/en-us/iaas/Content/VMware/Tasks/sddc-delete.htm,200,9265,VMware__Tasks__sddc-delete.md
03:09:06,https://docs.oracle.com/en-us/iaas/Content/VMware/Tasks/sddc-downgrade-hcx.htm,200,11243,VMware__Tasks__sddc-downgrade-hcx.md
03:09:08,https://docs.oracle.com/en-us/iaas/Content/VMware/Tasks/sddc-get.htm,200,7799,VMware__Tasks__sddc-get.md
03:09:09,https://docs.oracle.com/en-us/iaas/Content/VMware/Tasks/sddc-list.htm,200,10696,VMware__Tasks__sddc-list.md
03:09:10,https://docs.oracle.com/en-us/iaas/Content/VMware/Tasks/sddc-move.htm,200,8895,VMware__Tasks__sddc-move.md
03:09:11,https://docs.oracle.com/en-us/iaas/Content/VMware/Tasks/sddc-update.htm,200,11433,VMware__Tasks__sddc-update.md
03:09:12,https://docs.oracle.com/en-us/iaas/Content/VMware/Tasks/sddc-upgrade-hcx.htm,200,9449,VMware__Tasks__sddc-upgrade-hcx.md
03:09:13,https://docs.oracle.com/en-us/iaas/Content/VMware/Tasks/vlan-add-external-access.htm,200,8876,VMware__Tasks__vlan-add-external-access.md
03:09:15,https://docs.oracle.com/en-us/iaas/Content/VMware/Tasks/vlan-create.htm,200,16170,VMware__Tasks__vlan-create.md
03:09:15,https://docs.oracle.com/en-us/iaas/Content/VMware/Tasks/vlan-delete.htm,200,7953,VMware__Tasks__vlan-delete.md
03:09:17,https://docs.oracle.com/en-us/iaas/Content/VMware/Tasks/vlan-get.htm,200,7990,VMware__Tasks__vlan-get.md
03:09:18,https://docs.oracle.com/en-us/iaas/Content/VMware/Tasks/vlan-list.htm,200,7599,VMware__Tasks__vlan-list.md
03:09:19,https://docs.oracle.com/en-us/iaas/Content/VMware/Tasks/vlan-modify-external-access.htm,200,8592,VMware__Tasks__vlan-modify-external-access.md
03:09:20,https://docs.oracle.com/en-us/iaas/Content/VMware/Tasks/vlan-move.htm,200,8080,VMware__Tasks__vlan-move.md
03:09:21,https://docs.oracle.com/en-us/iaas/Content/VMware/Tasks/vlan-remove-external-access.htm,200,7630,VMware__Tasks__vlan-remove-external-access.md
03:09:22,https://docs.oracle.com/en-us/iaas/Content/VMware/Tasks/vlan-update.htm,200,7796,VMware__Tasks__vlan-update.md
03:09:23,https://docs.oracle.com/en-us/iaas/Content/VMware/home.htm,200,12220,VMware__home.md
03:09:24,https://docs.oracle.com/en-us/iaas/Content/VMware/known-issues.htm,200,7397,VMware__known-issues.md
03:09:25,https://docs.oracle.com/en-us/iaas/Content/WAF/AccessControl/access_control_management.htm,200,9499,WAF__AccessControl__access_control_management.md
03:09:26,https://docs.oracle.com/en-us/iaas/Content/WAF/AccessControl/change_action_request_control.htm,200,8414,WAF__AccessControl__change_action_request_control.md
03:09:27,https://docs.oracle.com/en-us/iaas/Content/WAF/AccessControl/change_action_response_control.htm,200,8426,WAF__AccessControl__change_action_response_control.md
03:09:28,https://docs.oracle.com/en-us/iaas/Content/WAF/AccessControl/create_access_rule_request_control.htm,200,11729,WAF__AccessControl__create_access_rule_request_control.md
03:09:29,https://docs.oracle.com/en-us/iaas/Content/WAF/AccessControl/create_access_rule_response_control.htm,200,11617,WAF__AccessControl__create_access_rule_response_control.md
03:09:30,https://docs.oracle.com/en-us/iaas/Content/WAF/AccessControl/delete_access_rule_request_control.htm,200,7607,WAF__AccessControl__delete_access_rule_request_control.md
03:09:31,https://docs.oracle.com/en-us/iaas/Content/WAF/AccessControl/delete_access_rule_response_control.htm,200,7618,WAF__AccessControl__delete_access_rule_response_control.md
03:09:33,https://docs.oracle.com/en-us/iaas/Content/WAF/AccessControl/get_access_rule_request_control.htm,200,8055,WAF__AccessControl__get_access_rule_request_control.md
03:09:34,https://docs.oracle.com/en-us/iaas/Content/WAF/AccessControl/get_access_rule_response_control.htm,200,8068,WAF__AccessControl__get_access_rule_response_control.md
03:09:36,https://docs.oracle.com/en-us/iaas/Content/WAF/AccessControl/list_request_control.htm,200,11101,WAF__AccessControl__list_request_control.md
03:09:36,https://docs.oracle.com/en-us/iaas/Content/WAF/AccessControl/list_response_control.htm,200,11158,WAF__AccessControl__list_response_control.md
03:09:37,https://docs.oracle.com/en-us/iaas/Content/WAF/AccessControl/reorder_action_request_control.htm,200,8300,WAF__AccessControl__reorder_action_request_control.md
03:09:38,https://docs.oracle.com/en-us/iaas/Content/WAF/AccessControl/reorder_action_response_control.htm,200,8308,WAF__AccessControl__reorder_action_response_control.md
03:09:39,https://docs.oracle.com/en-us/iaas/Content/WAF/AccessControl/request_control_management.htm,200,7616,WAF__AccessControl__request_control_management.md
03:09:41,https://docs.oracle.com/en-us/iaas/Content/WAF/AccessControl/response_control_management.htm,200,7694,WAF__AccessControl__response_control_management.md
03:09:41,https://docs.oracle.com/en-us/iaas/Content/WAF/AccessControl/update_access_rule_request_control.htm,200,8145,WAF__AccessControl__update_access_rule_request_control.md
03:09:42,https://docs.oracle.com/en-us/iaas/Content/WAF/AccessControl/update_access_rule_response_control.htm,200,8173,WAF__AccessControl__update_access_rule_response_control.md
03:09:43,https://docs.oracle.com/en-us/iaas/Content/WAF/AccessRules/create_access_rule.htm,200,13411,WAF__AccessRules__create_access_rule.md
03:09:44,https://docs.oracle.com/en-us/iaas/Content/WAF/AccessRules/delete_access_rule.htm,200,9480,WAF__AccessRules__delete_access_rule.md
03:09:45,https://docs.oracle.com/en-us/iaas/Content/WAF/AccessRules/list_access_rule.htm,200,8143,WAF__AccessRules__list_access_rule.md
03:09:47,https://docs.oracle.com/en-us/iaas/Content/WAF/AccessRules/update_access_rule.htm,200,10106,WAF__AccessRules__update_access_rule.md
03:09:48,https://docs.oracle.com/en-us/iaas/Content/WAF/Actions/actions_management.htm,200,8129,WAF__Actions__actions_management.md
03:09:49,https://docs.oracle.com/en-us/iaas/Content/WAF/Actions/create_action.htm,200,9731,WAF__Actions__create_action.md
03:09:50,https://docs.oracle.com/en-us/iaas/Content/WAF/Actions/delete_action.htm,200,7341,WAF__Actions__delete_action.md
03:09:51,https://docs.oracle.com/en-us/iaas/Content/WAF/Actions/get_action.htm,200,7538,WAF__Actions__get_action.md
03:09:52,https://docs.oracle.com/en-us/iaas/Content/WAF/Actions/list_actions.htm,200,10813,WAF__Actions__list_actions.md
03:09:53,https://docs.oracle.com/en-us/iaas/Content/WAF/Actions/update_action.htm,200,8137,WAF__Actions__update_action.md
03:09:54,https://docs.oracle.com/en-us/iaas/Content/WAF/Bot/address_rate_limiting.htm,200,10520,WAF__Bot__address_rate_limiting.md
03:09:55,https://docs.oracle.com/en-us/iaas/Content/WAF/Bot/captcha_fingerprint_challenge.htm,200,6676,WAF__Bot__captcha_fingerprint_challenge.md
03:09:57,https://docs.oracle.com/en-us/iaas/Content/WAF/Bot/delete_CAPTCHA_challenge.htm,200,10370,WAF__Bot__delete_CAPTCHA_challenge.md
03:09:58,https://docs.oracle.com/en-us/iaas/Content/WAF/Bot/device_fingerprint_challenge.htm,200,20571,WAF__Bot__device_fingerprint_challenge.md
03:09:59,https://docs.oracle.com/en-us/iaas/Content/WAF/Bot/edit_CAPTCHA_challenge.htm,200,10649,WAF__Bot__edit_CAPTCHA_challenge.md
03:10:00,https://docs.oracle.com/en-us/iaas/Content/WAF/Bot/get_human_interaction_challenge.htm,200,10077,WAF__Bot__get_human_interaction_challenge.md
03:10:01,https://docs.oracle.com/en-us/iaas/Content/WAF/Bot/get_javascript_challenge.htm,200,9869,WAF__Bot__get_javascript_challenge.md
03:10:02,https://docs.oracle.com/en-us/iaas/Content/WAF/Bot/good_bot_allowlist.htm,200,10695,WAF__Bot__good_bot_allowlist.md
03:10:03,https://docs.oracle.com/en-us/iaas/Content/WAF/Bot/human_interaction_challenge.htm,200,6627,WAF__Bot__human_interaction_challenge.md
03:10:04,https://docs.oracle.com/en-us/iaas/Content/WAF/Bot/javascript_challenge.htm,200,7092,WAF__Bot__javascript_challenge.md
03:10:05,https://docs.oracle.com/en-us/iaas/Content/WAF/Bot/list_CAPTCHA_challenge.htm,200,9106,WAF__Bot__list_CAPTCHA_challenge.md
03:10:06,https://docs.oracle.com/en-us/iaas/Content/WAF/Bot/publishing_changes.htm,200,12170,WAF__Bot__publishing_changes.md
03:10:07,https://docs.oracle.com/en-us/iaas/Content/WAF/Bot/update_CAPTCHA_challenge.htm,200,11403,WAF__Bot__update_CAPTCHA_challenge.md
03:10:08,https://docs.oracle.com/en-us/iaas/Content/WAF/Bot/update_human_interaction_challenge.htm,200,15317,WAF__Bot__update_human_interaction_challenge.md
03:10:10,https://docs.oracle.com/en-us/iaas/Content/WAF/Bot/update_javascript_challenge.htm,200,15714,WAF__Bot__update_javascript_challenge.md
03:10:11,https://docs.oracle.com/en-us/iaas/Content/WAF/Certificates/certificates_management.htm,200,11907,WAF__Certificates__certificates_management.md
03:10:12,https://docs.oracle.com/en-us/iaas/Content/WAF/Certificates/change-compartment_certificate.htm,200,9810,WAF__Certificates__change-compartment_certificate.md
03:10:14,https://docs.oracle.com/en-us/iaas/Content/WAF/Certificates/create_certificate.htm,200,10544,WAF__Certificates__create_certificate.md
03:10:15,https://docs.oracle.com/en-us/iaas/Content/WAF/Certificates/delete_certificate.htm,200,9222,WAF__Certificates__delete_certificate.md
03:10:16,https://docs.oracle.com/en-us/iaas/Content/WAF/Certificates/get_certificate.htm,200,9001,WAF__Certificates__get_certificate.md
03:10:17,https://docs.oracle.com/en-us/iaas/Content/WAF/Certificates/list_certificate.htm,200,8859,WAF__Certificates__list_certificate.md
03:10:18,https://docs.oracle.com/en-us/iaas/Content/WAF/Certificates/update_certificate.htm,200,9823,WAF__Certificates__update_certificate.md
03:10:19,https://docs.oracle.com/en-us/iaas/Content/WAF/Concepts/ddos.htm,200,10027,WAF__Concepts__ddos.md
03:10:21,https://docs.oracle.com/en-us/iaas/Content/WAF/Concepts/gettingstarted.htm,200,58354,WAF__Concepts__gettingstarted.md
03:10:22,https://docs.oracle.com/en-us/iaas/Content/WAF/Concepts/overview.htm,200,15912,WAF__Concepts__overview.md
03:10:23,https://docs.oracle.com/en-us/iaas/Content/WAF/Concepts/understanding_conditions.htm,200,69396,WAF__Concepts__understanding_conditions.md
03:10:24,https://docs.oracle.com/en-us/iaas/Content/WAF/Concepts/waftuning.htm,200,39549,WAF__Concepts__waftuning.md
03:10:25,https://docs.oracle.com/en-us/iaas/Content/WAF/EdgePolicyResources/legacy_waf.htm,200,8900,WAF__EdgePolicyResources__legacy_waf.md
03:10:26,https://docs.oracle.com/en-us/iaas/Content/WAF/Firewall/change-compartment_firewall.htm,200,8984,WAF__Firewall__change-compartment_firewall.md
03:10:28,https://docs.oracle.com/en-us/iaas/Content/WAF/Firewall/create_firewall.htm,200,10879,WAF__Firewall__create_firewall.md
03:10:28,https://docs.oracle.com/en-us/iaas/Content/WAF/Firewall/delete_firewall.htm,200,8235,WAF__Firewall__delete_firewall.md
03:10:29,https://docs.oracle.com/en-us/iaas/Content/WAF/Firewall/firewall_management.htm,200,7458,WAF__Firewall__firewall_management.md
03:10:31,https://docs.oracle.com/en-us/iaas/Content/WAF/Firewall/get_firewall.htm,200,8391,WAF__Firewall__get_firewall.md
03:10:32,https://docs.oracle.com/en-us/iaas/Content/WAF/Firewall/list_firewall.htm,200,11409,WAF__Firewall__list_firewall.md
03:10:33,https://docs.oracle.com/en-us/iaas/Content/WAF/Firewall/list_firewall_logs.htm,200,8090,WAF__Firewall__list_firewall_logs.md
03:10:34,https://docs.oracle.com/en-us/iaas/Content/WAF/Firewall/update_firewall.htm,200,9218,WAF__Firewall__update_firewall.md
03:10:35,https://docs.oracle.com/en-us/iaas/Content/WAF/Firewall/view_firewall_metrics.htm,200,9212,WAF__Firewall__view_firewall_metrics.md
03:10:37,https://docs.oracle.com/en-us/iaas/Content/WAF/IPAddressList/change-compartment_ipaddress_list.htm,200,9351,WAF__IPAddressList__change-compartment_ipaddress_list.md
03:10:38,https://docs.oracle.com/en-us/iaas/Content/WAF/IPAddressList/create_ipaddress_list.htm,200,10354,WAF__IPAddressList__create_ipaddress_list.md
03:10:39,https://docs.oracle.com/en-us/iaas/Content/WAF/IPAddressList/delete_ipaddress_list.htm,200,8754,WAF__IPAddressList__delete_ipaddress_list.md
03:10:39,https://docs.oracle.com/en-us/iaas/Content/WAF/IPAddressList/get_ipaddress_list.htm,200,8914,WAF__IPAddressList__get_ipaddress_list.md
03:10:41,https://docs.oracle.com/en-us/iaas/Content/WAF/IPAddressList/list_ipaddress_list.htm,200,8555,WAF__IPAddressList__list_ipaddress_list.md
03:10:42,https://docs.oracle.com/en-us/iaas/Content/WAF/IPAddressList/update_ipaddress_list.htm,200,9203,WAF__IPAddressList__update_ipaddress_list.md
03:10:43,https://docs.oracle.com/en-us/iaas/Content/WAF/IPAddressWhitelists/create_IP_address_whitelist.htm,200,11967,WAF__IPAddressWhitelists__create_IP_address_whitelist.md
03:10:44,https://docs.oracle.com/en-us/iaas/Content/WAF/IPAddressWhitelists/delete_IP_address_whitelist.htm,200,11535,WAF__IPAddressWhitelists__delete_IP_address_whitelist.md
03:10:45,https://docs.oracle.com/en-us/iaas/Content/WAF/IPAddressWhitelists/list_IP_address_whitelist.htm,200,9762,WAF__IPAddressWhitelists__list_IP_address_whitelist.md
03:10:46,https://docs.oracle.com/en-us/iaas/Content/WAF/IPAddressWhitelists/update_IP_address_whitelist.htm,200,12022,WAF__IPAddressWhitelists__update_IP_address_whitelist.md
03:10:48,https://docs.oracle.com/en-us/iaas/Content/WAF/NetworkAddressLists/change-compartment_network-address-list.htm,200,9058,WAF__NetworkAddressLists__change-compartment_network-address-list.md
03:10:49,https://docs.oracle.com/en-us/iaas/Content/WAF/NetworkAddressLists/create_network-address-list.htm,200,10645,WAF__NetworkAddressLists__create_network-address-list.md
03:10:50,https://docs.oracle.com/en-us/iaas/Content/WAF/NetworkAddressLists/create_vcn-network-address-list.htm,200,7139,WAF__NetworkAddressLists__create_vcn-network-address-list.md
03:10:51,https://docs.oracle.com/en-us/iaas/Content/WAF/NetworkAddressLists/delete_network-address-list.htm,200,8365,WAF__NetworkAddressLists__delete_network-address-list.md
03:10:52,https://docs.oracle.com/en-us/iaas/Content/WAF/NetworkAddressLists/get_network-address-list.htm,200,8077,WAF__NetworkAddressLists__get_network-address-list.md
03:10:53,https://docs.oracle.com/en-us/iaas/Content/WAF/NetworkAddressLists/list_network-address-list.htm,200,12256,WAF__NetworkAddressLists__list_network-address-list.md
03:10:54,https://docs.oracle.com/en-us/iaas/Content/WAF/NetworkAddressLists/network-address-list_management.htm,200,7705,WAF__NetworkAddressLists__network-address-list_management.md
03:10:55,https://docs.oracle.com/en-us/iaas/Content/WAF/NetworkAddressLists/update_network-address-list.htm,200,8554,WAF__NetworkAddressLists__update_network-address-list.md
03:10:56,https://docs.oracle.com/en-us/iaas/Content/WAF/NetworkAddressLists/update_vcn-network-address-list.htm,200,7267,WAF__NetworkAddressLists__update_vcn-network-address-list.md
03:10:57,https://docs.oracle.com/en-us/iaas/Content/WAF/Origin/add_origin.htm,200,12012,WAF__Origin__add_origin.md
03:10:58,https://docs.oracle.com/en-us/iaas/Content/WAF/Origin/custom_headers.htm,200,9981,WAF__Origin__custom_headers.md
03:10:59,https://docs.oracle.com/en-us/iaas/Content/WAF/Origin/delete_origin.htm,200,10147,WAF__Origin__delete_origin.md
03:11:00,https://docs.oracle.com/en-us/iaas/Content/WAF/Origin/update_origin.htm,200,10026,WAF__Origin__update_origin.md
03:11:01,https://docs.oracle.com/en-us/iaas/Content/WAF/Policies/change-compartment_waf-policy.htm,200,8488,WAF__Policies__change-compartment_waf-policy.md
03:11:03,https://docs.oracle.com/en-us/iaas/Content/WAF/Policies/create_waf-policy.htm,200,11605,WAF__Policies__create_waf-policy.md
03:11:04,https://docs.oracle.com/en-us/iaas/Content/WAF/Policies/delete_waf-policy.htm,200,7781,WAF__Policies__delete_waf-policy.md
03:11:05,https://docs.oracle.com/en-us/iaas/Content/WAF/Policies/get_waf-policy.htm,200,7627,WAF__Policies__get_waf-policy.md
03:11:06,https://docs.oracle.com/en-us/iaas/Content/WAF/Policies/getting_started_with_waf-policies.htm,200,19091,WAF__Policies__getting_started_with_waf-policies.md
03:11:08,https://docs.oracle.com/en-us/iaas/Content/WAF/Policies/list_waf-policy.htm,200,12579,WAF__Policies__list_waf-policy.md
03:11:09,https://docs.oracle.com/en-us/iaas/Content/WAF/Policies/update_waf-policy.htm,200,8475,WAF__Policies__update_waf-policy.md
03:11:09,https://docs.oracle.com/en-us/iaas/Content/WAF/Policies/waf-policy_management.htm,200,9204,WAF__Policies__waf-policy_management.md
03:11:10,https://docs.oracle.com/en-us/iaas/Content/WAF/Protections/create_request_control.htm,200,17297,WAF__Protections__create_request_control.md
03:11:12,https://docs.oracle.com/en-us/iaas/Content/WAF/Protections/delete_request_protection_rule.htm,200,7402,WAF__Protections__delete_request_protection_rule.md
03:11:13,https://docs.oracle.com/en-us/iaas/Content/WAF/Protections/get-protection-rule-settings.htm,200,7579,WAF__Protections__get-protection-rule-settings.md
03:11:14,https://docs.oracle.com/en-us/iaas/Content/WAF/Protections/get_request_protection_rule.htm,200,7600,WAF__Protections__get_request_protection_rule.md
03:11:15,https://docs.oracle.com/en-us/iaas/Content/WAF/Protections/list_protection-capability.htm,200,8377,WAF__Protections__list_protection-capability.md
03:11:17,https://docs.oracle.com/en-us/iaas/Content/WAF/Protections/list_protection-capability_group-tags.htm,200,8861,WAF__Protections__list_protection-capability_group-tags.md
03:11:17,https://docs.oracle.com/en-us/iaas/Content/WAF/Protections/list_request_protection_rules.htm,200,10883,WAF__Protections__list_request_protection_rules.md
03:11:18,https://docs.oracle.com/en-us/iaas/Content/WAF/Protections/protections_management.htm,200,334076,WAF__Protections__protections_management.md
03:11:19,https://docs.oracle.com/en-us/iaas/Content/WAF/Protections/request-body-inspection.htm,200,10140,WAF__Protections__request-body-inspection.md
03:11:21,https://docs.oracle.com/en-us/iaas/Content/WAF/Protections/setting_up_logging_analytics.htm,200,6834,WAF__Protections__setting_up_logging_analytics.md
03:11:22,https://docs.oracle.com/en-us/iaas/Content/WAF/Protections/update_request_protection_rule.htm,200,10732,WAF__Protections__update_request_protection_rule.md
03:11:23,https://docs.oracle.com/en-us/iaas/Content/WAF/RateLimiting/change_action_rate_limiting.htm,200,8106,WAF__RateLimiting__change_action_rate_limiting.md
03:11:24,https://docs.oracle.com/en-us/iaas/Content/WAF/RateLimiting/create_rate_limiting_rule.htm,200,12535,WAF__RateLimiting__create_rate_limiting_rule.md
03:11:25,https://docs.oracle.com/en-us/iaas/Content/WAF/RateLimiting/delete_rate_limiting_rule.htm,200,7794,WAF__RateLimiting__delete_rate_limiting_rule.md
03:11:26,https://docs.oracle.com/en-us/iaas/Content/WAF/RateLimiting/get_rate_limiting_rule.htm,200,7580,WAF__RateLimiting__get_rate_limiting_rule.md
03:11:28,https://docs.oracle.com/en-us/iaas/Content/WAF/RateLimiting/list_rate_limiting_rule.htm,200,10758,WAF__RateLimiting__list_rate_limiting_rule.md
03:11:29,https://docs.oracle.com/en-us/iaas/Content/WAF/RateLimiting/rate_limiting_rule_management.htm,200,7194,WAF__RateLimiting__rate_limiting_rule_management.md
03:11:30,https://docs.oracle.com/en-us/iaas/Content/WAF/RateLimiting/update_rate_limiting_rule.htm,200,8401,WAF__RateLimiting__update_rate_limiting_rule.md
03:11:31,https://docs.oracle.com/en-us/iaas/Content/WAF/Reference/httpheaders.htm,200,12584,WAF__Reference__httpheaders.md
03:11:32,https://docs.oracle.com/en-us/iaas/Content/WAF/Reference/metricsalarms.htm,200,23339,WAF__Reference__metricsalarms.md
03:11:33,https://docs.oracle.com/en-us/iaas/Content/WAF/Reference/protectionruleids.htm,200,386596,WAF__Reference__protectionruleids.md
03:11:34,https://docs.oracle.com/en-us/iaas/Content/WAF/Tasks/accepting_recommendations.htm,200,8730,WAF__Tasks__accepting_recommendations.md
03:11:35,https://docs.oracle.com/en-us/iaas/Content/WAF/Tasks/access-rules.htm,200,11695,WAF__Tasks__access-rules.md
03:11:36,https://docs.oracle.com/en-us/iaas/Content/WAF/Tasks/apply_action_to_protection_rule.htm,200,9548,WAF__Tasks__apply_action_to_protection_rule.md
03:11:37,https://docs.oracle.com/en-us/iaas/Content/WAF/Tasks/botmanagement.htm,200,7900,WAF__Tasks__botmanagement.md
03:11:38,https://docs.oracle.com/en-us/iaas/Content/WAF/Tasks/cachingrules.htm,200,20630,WAF__Tasks__cachingrules.md
03:11:39,https://docs.oracle.com/en-us/iaas/Content/WAF/Tasks/customprotectionrules.htm,200,26466,WAF__Tasks__customprotectionrules.md
03:11:40,https://docs.oracle.com/en-us/iaas/Content/WAF/Tasks/discarding_changes.htm,200,8378,WAF__Tasks__discarding_changes.md
03:11:42,https://docs.oracle.com/en-us/iaas/Content/WAF/Tasks/ip-address-whitelist.htm,200,5889,WAF__Tasks__ip-address-whitelist.md
03:11:43,https://docs.oracle.com/en-us/iaas/Content/WAF/Tasks/ipaddresslist.htm,200,5963,WAF__Tasks__ipaddresslist.md
03:11:44,https://docs.oracle.com/en-us/iaas/Content/WAF/Tasks/logs.htm,200,24270,WAF__Tasks__logs.md
03:11:45,https://docs.oracle.com/en-us/iaas/Content/WAF/Tasks/managingwaf.htm,200,21262,WAF__Tasks__managingwaf.md
03:11:47,https://docs.oracle.com/en-us/iaas/Content/WAF/Tasks/originmanagement.htm,200,8130,WAF__Tasks__originmanagement.md
03:11:48,https://docs.oracle.com/en-us/iaas/Content/WAF/Tasks/originmanagement_topic-health_checks.htm,200,11851,WAF__Tasks__originmanagement_topic-health_checks.md
03:11:49,https://docs.oracle.com/en-us/iaas/Content/WAF/Tasks/originmanagement_topic-load_balancing.htm,200,11449,WAF__Tasks__originmanagement_topic-load_balancing.md
03:11:50,https://docs.oracle.com/en-us/iaas/Content/WAF/Tasks/publishing_changes.htm,200,8444,WAF__Tasks__publishing_changes.md
03:11:50,https://docs.oracle.com/en-us/iaas/Content/WAF/Tasks/threatintel.htm,200,14154,WAF__Tasks__threatintel.md
03:11:51,https://docs.oracle.com/en-us/iaas/Content/WAF/Tasks/update_rule_settings.htm,200,9687,WAF__Tasks__update_rule_settings.md
03:11:53,https://docs.oracle.com/en-us/iaas/Content/WAF/Tasks/wafaccesscontrol.htm,200,6171,WAF__Tasks__wafaccesscontrol.md
03:11:54,https://docs.oracle.com/en-us/iaas/Content/WAF/Tasks/wafprotectionrules.htm,200,15975,WAF__Tasks__wafprotectionrules.md
03:11:55,https://docs.oracle.com/en-us/iaas/Content/WAF/WorkRequest/get_work-request.htm,200,7030,WAF__WorkRequest__get_work-request.md
03:11:56,https://docs.oracle.com/en-us/iaas/Content/WAF/WorkRequest/list_work-request.htm,200,7123,WAF__WorkRequest__list_work-request.md
03:11:58,https://docs.oracle.com/en-us/iaas/Content/WAF/WorkRequest/list_work-request_error.htm,200,7109,WAF__WorkRequest__list_work-request_error.md
03:11:59,https://docs.oracle.com/en-us/iaas/Content/WAF/WorkRequest/list_work-request_log.htm,200,6874,WAF__WorkRequest__list_work-request_log.md
03:12:00,https://docs.oracle.com/en-us/iaas/Content/WAF/WorkRequest/work-request_management.htm,200,6904,WAF__WorkRequest__work-request_management.md
03:12:01,https://docs.oracle.com/en-us/iaas/Content/WAF/home.htm,200,11847,WAF__home.md
03:12:02,https://docs.oracle.com/en-us/iaas/Content/WAF/known_issues_WAF.htm,200,9883,WAF__known_issues_WAF.md
03:12:03,https://docs.oracle.com/en-us/iaas/Content/WAF/troubleshooting_edge_policies.htm,200,14690,WAF__troubleshooting_edge_policies.md
03:12:04,https://docs.oracle.com/en-us/iaas/Content/WAF/troubleshooting_waf.htm,200,6282,WAF__troubleshooting_waf.md
03:12:05,https://docs.oracle.com/en-us/iaas/Content/WAF/troubleshooting_web_application_firewall_policies.htm,200,7173,WAF__troubleshooting_web_application_firewall_policies.md
03:12:07,https://docs.oracle.com/en-us/iaas/Content/Whats-new-in-api-access-control.html,404,15118,
03:12:08,https://docs.oracle.com/en-us/iaas/Content/a2a-client-client-agent.html,404,15118,
03:12:09,https://docs.oracle.com/en-us/iaas/Content/a2a-concepts.html,404,15118,
03:12:10,https://docs.oracle.com/en-us/iaas/Content/a2a-protocol.html,404,15118,
03:12:12,https://docs.oracle.com/en-us/iaas/Content/a2a-server-remote-agent.html,404,15118,
03:12:13,https://docs.oracle.com/en-us/iaas/Content/a2a-task.html,404,15118,
03:12:15,https://docs.oracle.com/en-us/iaas/Content/about-automatic-backup-recovery-service.html,404,15118,
03:12:16,https://docs.oracle.com/en-us/iaas/Content/about-automatic-backup-recovery.html,404,15118,
03:12:18,https://docs.oracle.com/en-us/iaas/Content/about-automatic-recovery.html,404,15118,
03:12:19,https://docs.oracle.com/en-us/iaas/Content/about-autonomous-database-workloads.html,404,15118,
03:12:20,https://docs.oracle.com/en-us/iaas/Content/about-connecting-client.html,404,15118,
03:12:22,https://docs.oracle.com/en-us/iaas/Content/about-disaster-recovery.html,404,15118,
03:12:23,https://docs.oracle.com/en-us/iaas/Content/about-iam-authentication.html,404,15118,
03:12:25,https://docs.oracle.com/en-us/iaas/Content/about-iam-policies-for-dr.html,404,15118,
03:12:26,https://docs.oracle.com/en-us/iaas/Content/about-mcp-server.html,404,15118,
03:12:27,https://docs.oracle.com/en-us/iaas/Content/about-policy-locking.html,404,15118,
03:12:29,https://docs.oracle.com/en-us/iaas/Content/about-protected-databases.html,404,15118,
03:12:30,https://docs.oracle.com/en-us/iaas/Content/about-real-time.html,404,15118,
03:12:31,https://docs.oracle.com/en-us/iaas/Content/about-recovery-service-events.html,404,15118,
03:12:33,https://docs.oracle.com/en-us/iaas/Content/about-recovery-service-metrics.html,404,15118,
03:12:35,https://docs.oracle.com/en-us/iaas/Content/about-recovery-service-subnet.html,404,15118,
03:12:36,https://docs.oracle.com/en-us/iaas/Content/about-recovery-service.html,404,15118,
03:12:37,https://docs.oracle.com/en-us/iaas/Content/about-select-ai-agents.html,404,15118,
03:12:38,https://docs.oracle.com/en-us/iaas/Content/about-user-managed-key.html,404,15118,
03:12:39,https://docs.oracle.com/en-us/iaas/Content/about-work-requests.html,404,15118,
03:12:40,https://docs.oracle.com/en-us/iaas/Content/acces-instance-settings.html,404,15118,
03:12:41,https://docs.oracle.com/en-us/iaas/Content/access-ai-concierge-preview.html,404,15118,
03:12:42,https://docs.oracle.com/en-us/iaas/Content/access-atp-pe-instance.html,404,15118,
03:12:44,https://docs.oracle.com/en-us/iaas/Content/access-audit-diagnostic-logs-oracle-analytics-cloud-using-console.html,404,15118,
03:12:45,https://docs.oracle.com/en-us/iaas/Content/access-backends-using-custom-components.html,404,15118,
03:12:46,https://docs.oracle.com/en-us/iaas/Content/access-backends-using-rest-service-component.html,404,15118,
03:12:47,https://docs.oracle.com/en-us/iaas/Content/access-control-rules-autonomous.html,404,15118,
03:12:49,https://docs.oracle.com/en-us/iaas/Content/access-dashboards-ma.html,404,15118,
03:12:50,https://docs.oracle.com/en-us/iaas/Content/access-dashboards.html,404,15118,
03:12:51,https://docs.oracle.com/en-us/iaas/Content/access-database-management-administration.html,404,15118,
03:12:52,https://docs.oracle.com/en-us/iaas/Content/access-database-management-overview-mysql.html,404,15118,
03:12:53,https://docs.oracle.com/en-us/iaas/Content/access-database-management-overview.html,404,15118,
03:12:55,https://docs.oracle.com/en-us/iaas/Content/access-denied-messages.html,404,15118,
03:12:56,https://docs.oracle.com/en-us/iaas/Content/access-desktops-interface.htm,404,15118,
03:12:57,https://docs.oracle.com/en-us/iaas/Content/access-governance-cp-package.html,404,15118,
03:12:59,https://docs.oracle.com/en-us/iaas/Content/access-governance/about-application-roles.htm,200,31741,access-governance__about-application-roles.md
03:13:00,https://docs.oracle.com/en-us/iaas/Content/access-governance/access-bundles.htm,200,7074,access-governance__access-bundles.md
03:13:01,https://docs.oracle.com/en-us/iaas/Content/access-governance/access-controls.htm,200,8359,access-governance__access-controls.md
03:13:02,https://docs.oracle.com/en-us/iaas/Content/access-governance/access-governance-overview.htm,200,12486,access-governance__access-governance-overview.md
03:13:03,https://docs.oracle.com/en-us/iaas/Content/access-governance/access-reviews-overview.htm,200,50078,access-governance__access-reviews-overview.md
03:13:04,https://docs.oracle.com/en-us/iaas/Content/access-governance/admin-settings.htm,200,27267,access-governance__admin-settings.md
03:13:05,https://docs.oracle.com/en-us/iaas/Content/access-governance/administer.htm,200,7957,access-governance__administer.md
03:13:06,https://docs.oracle.com/en-us/iaas/Content/access-governance/affiliations-configure-affiliations.htm,200,23527,access-governance__affiliations-configure-affiliations.md
03:13:07,https://docs.oracle.com/en-us/iaas/Content/access-governance/affiliations.htm,200,6463,access-governance__affiliations.md
03:13:08,https://docs.oracle.com/en-us/iaas/Content/access-governance/agent-administration.htm,200,52038,access-governance__agent-administration.md
03:13:09,https://docs.oracle.com/en-us/iaas/Content/access-governance/ai-powered-access-bundle-generation-for-orchestrated-systems.htm,200,14839,access-governance__ai-powered-access-bundle-generation-for-orchestrated-systems.md
03:13:10,https://docs.oracle.com/en-us/iaas/Content/access-governance/application-roles-and-responsibilities-reference.htm,200,21916,access-governance__application-roles-and-responsibilities-reference.md
03:13:11,https://docs.oracle.com/en-us/iaas/Content/access-governance/arcon-pam-integration-reference.htm,200,24140,access-governance__arcon-pam-integration-reference.md
03:13:12,https://docs.oracle.com/en-us/iaas/Content/access-governance/atlassian-jira-integration-reference.htm,200,15832,access-governance__atlassian-jira-integration-reference.md
03:13:14,https://docs.oracle.com/en-us/iaas/Content/access-governance/audit-event-types.htm,200,95153,access-governance__audit-event-types.md
03:13:15,https://docs.oracle.com/en-us/iaas/Content/access-governance/before-you-begin.htm,200,21063,access-governance__before-you-begin.md
03:13:17,https://docs.oracle.com/en-us/iaas/Content/access-governance/birthright-access.htm,200,23472,access-governance__birthright-access.md
03:13:18,https://docs.oracle.com/en-us/iaas/Content/access-governance/bundle-create-access-bundle.htm,200,27271,access-governance__bundle-create-access-bundle.md
03:13:19,https://docs.oracle.com/en-us/iaas/Content/access-governance/configure-and-manage-event-based-access-reviews.htm,200,33515,access-governance__configure-and-manage-event-based-access-reviews.md
03:13:20,https://docs.oracle.com/en-us/iaas/Content/access-governance/configure-event-data-publisher-in-oracle-access-governance.htm,200,37779,access-governance__configure-event-data-publisher-in-oracle-access-governance.md
03:13:21,https://docs.oracle.com/en-us/iaas/Content/access-governance/configure-generic-rest-standard.htm,200,63284,access-governance__configure-generic-rest-standard.md
03:13:22,https://docs.oracle.com/en-us/iaas/Content/access-governance/configure-integration-between-oracle-access-governance-and-arcon-pam.htm,200,25218,access-governance__configure-integration-between-oracle-access-governance-and-arcon-pam.md
03:13:23,https://docs.oracle.com/en-us/iaas/Content/access-governance/configure-integration-between-oracle-access-governance-and-atlassian-jira.htm,200,28582,access-governance__configure-integration-between-oracle-access-governance-and-atlassian-jira.md
03:13:25,https://docs.oracle.com/en-us/iaas/Content/access-governance/configure-integration-between-oracle-access-governance-and-microsoft-active.htm,200,41119,access-governance__configure-integration-between-oracle-access-governance-and-microsoft-active.md
03:13:27,https://docs.oracle.com/en-us/iaas/Content/access-governance/configure-integration-between-oracle-access-governance-and-oracle-cerner-mil.htm,200,21082,access-governance__configure-integration-between-oracle-access-governance-and-oracle-cerner-mil.md
03:13:28,https://docs.oracle.com/en-us/iaas/Content/access-governance/configure-integration-between-oracle-access-governance-and-oracle-fusion-cl.htm,200,38616,access-governance__configure-integration-between-oracle-access-governance-and-oracle-fusion-cl.md
03:13:29,https://docs.oracle.com/en-us/iaas/Content/access-governance/configure-integration-between-oracle-access-governance-and-peoplesoft.htm,200,28312,access-governance__configure-integration-between-oracle-access-governance-and-peoplesoft.md
03:13:31,https://docs.oracle.com/en-us/iaas/Content/access-governance/configure-integration-between-oracle-access-governance-and-prisma-cloud.htm,200,23796,access-governance__configure-integration-between-oracle-access-governance-and-prisma-cloud.md
03:13:32,https://docs.oracle.com/en-us/iaas/Content/access-governance/configure-integration-between-oracle-access-governance-and-sap-ariba.htm,200,40701,access-governance__configure-integration-between-oracle-access-governance-and-sap-ariba.md
03:13:33,https://docs.oracle.com/en-us/iaas/Content/access-governance/configure-integration-between-oracle-access-governance-and-sap-fieldglass.htm,200,17072,access-governance__configure-integration-between-oracle-access-governance-and-sap-fieldglass.md
03:13:34,https://docs.oracle.com/en-us/iaas/Content/access-governance/configure-integration-between-oracle-access-governance-and-sap-s4hana.htm,200,27225,access-governance__configure-integration-between-oracle-access-governance-and-sap-s4hana.md
03:13:36,https://docs.oracle.com/en-us/iaas/Content/access-governance/configure-integration-between-oracle-access-governance-and-sap-successfactor.htm,200,29550,access-governance__configure-integration-between-oracle-access-governance-and-sap-successfactor.md
03:13:36,https://docs.oracle.com/en-us/iaas/Content/access-governance/configure-integration-between-oracle-access-governance-and-servicenow-um.htm,200,27691,access-governance__configure-integration-between-oracle-access-governance-and-servicenow-um.md
03:13:38,https://docs.oracle.com/en-us/iaas/Content/access-governance/configure-integration-between-oracle-access-governance-and-workday.htm,200,26068,access-governance__configure-integration-between-oracle-access-governance-and-workday.md
03:13:39,https://docs.oracle.com/en-us/iaas/Content/access-governance/configure-integration-with-oracle-cx.htm,200,29779,access-governance__configure-integration-with-oracle-cx.md
03:13:40,https://docs.oracle.com/en-us/iaas/Content/access-governance/configure-integration-with-wms.htm,200,29622,access-governance__configure-integration-with-wms.md
03:13:42,https://docs.oracle.com/en-us/iaas/Content/access-governance/configure-notification-settings.htm,200,20097,access-governance__configure-notification-settings.md
03:13:43,https://docs.oracle.com/en-us/iaas/Content/access-governance/configure-rmc-segregation-of-duties.htm,200,9976,access-governance__configure-rmc-segregation-of-duties.md
03:13:45,https://docs.oracle.com/en-us/iaas/Content/access-governance/configure-settings-for-an-orchestrated-system.htm,200,93956,access-governance__configure-settings-for-an-orchestrated-system.md
03:13:46,https://docs.oracle.com/en-us/iaas/Content/access-governance/cpq-configure-integration-with-cpq.htm,200,42679,access-governance__cpq-configure-integration-with-cpq.md
03:13:47,https://docs.oracle.com/en-us/iaas/Content/access-governance/cpq-integrate-with-cpq.htm,200,16895,access-governance__cpq-integrate-with-cpq.md
03:13:48,https://docs.oracle.com/en-us/iaas/Content/access-governance/create-approval-workflow.htm,200,25091,access-governance__create-approval-workflow.md
03:13:49,https://docs.oracle.com/en-us/iaas/Content/access-governance/create-identity-access-review-campaigns.htm,200,29157,access-governance__create-identity-access-review-campaigns.md
03:13:50,https://docs.oracle.com/en-us/iaas/Content/access-governance/create-identity-collection-review-campaigns.htm,200,24633,access-governance__create-identity-collection-review-campaigns.md
03:13:51,https://docs.oracle.com/en-us/iaas/Content/access-governance/create-identity-collections.htm,200,24380,access-governance__create-identity-collections.md
03:13:53,https://docs.oracle.com/en-us/iaas/Content/access-governance/create-ownership-reviews.htm,200,22443,access-governance__create-ownership-reviews.md
03:13:54,https://docs.oracle.com/en-us/iaas/Content/access-governance/create-policy-review-campaigns.htm,200,22346,access-governance__create-policy-review-campaigns.md
03:13:55,https://docs.oracle.com/en-us/iaas/Content/access-governance/data-browser-operations.htm,200,16182,access-governance__data-browser-operations.md
03:13:56,https://docs.oracle.com/en-us/iaas/Content/access-governance/data-browser-overview.htm,200,20408,access-governance__data-browser-overview.md
03:13:57,https://docs.oracle.com/en-us/iaas/Content/access-governance/data-feed.htm,200,29124,access-governance__data-feed.md
03:13:58,https://docs.oracle.com/en-us/iaas/Content/access-governance/database-application-tables-integration-reference.htm,200,53157,access-governance__database-application-tables-integration-reference.md
03:14:00,https://docs.oracle.com/en-us/iaas/Content/access-governance/db-user-postgresql-configure-integration-with-database-user-management-postgresql.htm,200,31574,access-governance__db-user-postgresql-configure-integration-with-database-user-management-postgresql.md
03:14:01,https://docs.oracle.com/en-us/iaas/Content/access-governance/develop-custom-scripts-for-database-application-tables-mssql-using-groovy.htm,200,52531,access-governance__develop-custom-scripts-for-database-application-tables-mssql-using-groovy.md
03:14:02,https://docs.oracle.com/en-us/iaas/Content/access-governance/develop-custom-scripts-for-database-application-tables-mysql-using-groovy.htm,200,55266,access-governance__develop-custom-scripts-for-database-application-tables-mysql-using-groovy.md
03:14:04,https://docs.oracle.com/en-us/iaas/Content/access-governance/develop-custom-scripts-for-database-application-tables-oracle-using-groovy.htm,200,56283,access-governance__develop-custom-scripts-for-database-application-tables-oracle-using-groovy.md
03:14:05,https://docs.oracle.com/en-us/iaas/Content/access-governance/diagnostic-service-logs-in-oracle-access-governance-overview.htm,200,8549,access-governance__diagnostic-service-logs-in-oracle-access-governance-overview.md
03:14:07,https://docs.oracle.com/en-us/iaas/Content/access-governance/diagnostic-service-logs-structure-and-properties-description.htm,200,13396,access-governance__diagnostic-service-logs-structure-and-properties-description.md
03:14:08,https://docs.oracle.com/en-us/iaas/Content/access-governance/enforce-preventive-access-control-conditions.htm,200,13919,access-governance__enforce-preventive-access-control-conditions.md
03:14:09,https://docs.oracle.com/en-us/iaas/Content/access-governance/enterprise-wide-access-profile-reference.htm,200,39661,access-governance__enterprise-wide-access-profile-reference.md
03:14:11,https://docs.oracle.com/en-us/iaas/Content/access-governance/epm-reference.htm,200,17533,access-governance__epm-reference.md
03:14:12,https://docs.oracle.com/en-us/iaas/Content/access-governance/event-data-publishing-reference-schema-and-samples.htm,200,161855,access-governance__event-data-publishing-reference-schema-and-samples.md
03:14:12,https://docs.oracle.com/en-us/iaas/Content/access-governance/explore-access-insights.htm,200,27248,access-governance__explore-access-insights.md
03:14:13,https://docs.oracle.com/en-us/iaas/Content/access-governance/generate-event-based-access-reviews-report.htm,200,17909,access-governance__generate-event-based-access-reviews-report.md
03:14:14,https://docs.oracle.com/en-us/iaas/Content/access-governance/generic-rest-reference-standard.htm,200,20462,access-governance__generic-rest-reference-standard.md
03:14:15,https://docs.oracle.com/en-us/iaas/Content/access-governance/generic-rest-reference.htm,200,66487,access-governance__generic-rest-reference.md
03:14:16,https://docs.oracle.com/en-us/iaas/Content/access-governance/getting-started.htm,200,7729,access-governance__getting-started.md
03:14:18,https://docs.oracle.com/en-us/iaas/Content/access-governance/glossary.htm,200,27980,access-governance__glossary.md
03:14:19,https://docs.oracle.com/en-us/iaas/Content/access-governance/home.htm,200,16144,access-governance__home.md
03:14:20,https://docs.oracle.com/en-us/iaas/Content/access-governance/identity-collections.htm,200,6140,access-governance__identity-collections.md
03:14:21,https://docs.oracle.com/en-us/iaas/Content/access-governance/identity-orchestration-components-and-process-flow.htm,200,43126,access-governance__identity-orchestration-components-and-process-flow.md
03:14:22,https://docs.oracle.com/en-us/iaas/Content/access-governance/identity-orchestration-overview.htm,200,16759,access-governance__identity-orchestration-overview.md
03:14:23,https://docs.oracle.com/en-us/iaas/Content/access-governance/identity-orchestration-process-flow.htm,200,13056,access-governance__identity-orchestration-process-flow.md
03:14:25,https://docs.oracle.com/en-us/iaas/Content/access-governance/infinity-configure-integrate-infinity.htm,200,17158,access-governance__infinity-configure-integrate-infinity.md
03:14:26,https://docs.oracle.com/en-us/iaas/Content/access-governance/integrate-oracle-access-governance-with-microsoft-active-directory.htm,200,12666,access-governance__integrate-oracle-access-governance-with-microsoft-active-directory.md
03:14:27,https://docs.oracle.com/en-us/iaas/Content/access-governance/integrate-oracle-access-governance-with-oracle-apex.htm,200,12327,access-governance__integrate-oracle-access-governance-with-oracle-apex.md
03:14:29,https://docs.oracle.com/en-us/iaas/Content/access-governance/integrate-orchestrated-systems.htm,200,17186,access-governance__integrate-orchestrated-systems.md
03:14:30,https://docs.oracle.com/en-us/iaas/Content/access-governance/integrate-with-arcon-pam.htm,200,12668,access-governance__integrate-with-arcon-pam.md
03:14:31,https://docs.oracle.com/en-us/iaas/Content/access-governance/integrate-with-atlassian-jira.htm,200,13261,access-governance__integrate-with-atlassian-jira.md
03:14:32,https://docs.oracle.com/en-us/iaas/Content/access-governance/integrate-with-database-application-tables-mssql.htm,200,43102,access-governance__integrate-with-database-application-tables-mssql.md
03:14:34,https://docs.oracle.com/en-us/iaas/Content/access-governance/integrate-with-database-application-tables-mysql.htm,200,43530,access-governance__integrate-with-database-application-tables-mysql.md
03:14:35,https://docs.oracle.com/en-us/iaas/Content/access-governance/integrate-with-database-application-tables-oracle.htm,200,49352,access-governance__integrate-with-database-application-tables-oracle.md
03:14:36,https://docs.oracle.com/en-us/iaas/Content/access-governance/integrate-with-database-application-tables.htm,200,20586,access-governance__integrate-with-database-application-tables.md
03:14:37,https://docs.oracle.com/en-us/iaas/Content/access-governance/integrate-with-database-user-management-db2.htm,200,24926,access-governance__integrate-with-database-user-management-db2.md
03:14:38,https://docs.oracle.com/en-us/iaas/Content/access-governance/integrate-with-database-user-management-mssql.htm,200,25267,access-governance__integrate-with-database-user-management-mssql.md
03:14:40,https://docs.oracle.com/en-us/iaas/Content/access-governance/integrate-with-database-user-management-mysql.htm,200,24970,access-governance__integrate-with-database-user-management-mysql.md
03:14:41,https://docs.oracle.com/en-us/iaas/Content/access-governance/integrate-with-database-user-management-oracle.htm,200,35822,access-governance__integrate-with-database-user-management-oracle.md
03:14:42,https://docs.oracle.com/en-us/iaas/Content/access-governance/integrate-with-eloqua.htm,200,26734,access-governance__integrate-with-eloqua.md
03:14:43,https://docs.oracle.com/en-us/iaas/Content/access-governance/integrate-with-flat-file.htm,200,62910,access-governance__integrate-with-flat-file.md
03:14:45,https://docs.oracle.com/en-us/iaas/Content/access-governance/integrate-with-fusion-cloud-applications.htm,200,30388,access-governance__integrate-with-fusion-cloud-applications.md
03:14:46,https://docs.oracle.com/en-us/iaas/Content/access-governance/integrate-with-generic-rest-standard.htm,200,15710,access-governance__integrate-with-generic-rest-standard.md
03:14:47,https://docs.oracle.com/en-us/iaas/Content/access-governance/integrate-with-generic-rest.htm,200,38609,access-governance__integrate-with-generic-rest.md
03:14:48,https://docs.oracle.com/en-us/iaas/Content/access-governance/integrate-with-microsoft-entra-id.htm,200,54995,access-governance__integrate-with-microsoft-entra-id.md
03:14:49,https://docs.oracle.com/en-us/iaas/Content/access-governance/integrate-with-microsoft-teams.htm,200,22417,access-governance__integrate-with-microsoft-teams.md
03:14:50,https://docs.oracle.com/en-us/iaas/Content/access-governance/integrate-with-oracle-cx.htm,200,15634,access-governance__integrate-with-oracle-cx.md
03:14:52,https://docs.oracle.com/en-us/iaas/Content/access-governance/integrate-with-oracle-e-business-employee-reconciliation-hrms.htm,200,31465,access-governance__integrate-with-oracle-e-business-employee-reconciliation-hrms.md
03:14:54,https://docs.oracle.com/en-us/iaas/Content/access-governance/integrate-with-oracle-e-business-user-management-um.htm,200,30864,access-governance__integrate-with-oracle-e-business-user-management-um.md
03:14:55,https://docs.oracle.com/en-us/iaas/Content/access-governance/integrate-with-oracle-enterprise-performance-management-epm.htm,200,13096,access-governance__integrate-with-oracle-enterprise-performance-management-epm.md
03:14:56,https://docs.oracle.com/en-us/iaas/Content/access-governance/integrate-with-oracle-health-ehr-formerly-cerner-millennium.htm,200,17998,access-governance__integrate-with-oracle-health-ehr-formerly-cerner-millennium.md
03:14:58,https://docs.oracle.com/en-us/iaas/Content/access-governance/integrate-with-oracle-identity-governance.htm,200,40635,access-governance__integrate-with-oracle-identity-governance.md
03:14:59,https://docs.oracle.com/en-us/iaas/Content/access-governance/integrate-with-oracle-internet-directory.htm,200,44863,access-governance__integrate-with-oracle-internet-directory.md
03:15:01,https://docs.oracle.com/en-us/iaas/Content/access-governance/integrate-with-oracle-netsuite.htm,200,37679,access-governance__integrate-with-oracle-netsuite.md
03:15:02,https://docs.oracle.com/en-us/iaas/Content/access-governance/integrate-with-oracle-primavera.htm,200,29143,access-governance__integrate-with-oracle-primavera.md
03:15:03,https://docs.oracle.com/en-us/iaas/Content/access-governance/integrate-with-oracle-siebel-crm.htm,200,38820,access-governance__integrate-with-oracle-siebel-crm.md
03:15:04,https://docs.oracle.com/en-us/iaas/Content/access-governance/integrate-with-oracle-unified-directory.htm,200,42116,access-governance__integrate-with-oracle-unified-directory.md
03:15:05,https://docs.oracle.com/en-us/iaas/Content/access-governance/integrate-with-peoplesoft.htm,200,27584,access-governance__integrate-with-peoplesoft.md
03:15:06,https://docs.oracle.com/en-us/iaas/Content/access-governance/integrate-with-prisma-cloud.htm,200,10375,access-governance__integrate-with-prisma-cloud.md
03:15:08,https://docs.oracle.com/en-us/iaas/Content/access-governance/integrate-with-sap-ariba.htm,200,22722,access-governance__integrate-with-sap-ariba.md
03:15:09,https://docs.oracle.com/en-us/iaas/Content/access-governance/integrate-with-sap-fieldglass.htm,200,15213,access-governance__integrate-with-sap-fieldglass.md
03:15:10,https://docs.oracle.com/en-us/iaas/Content/access-governance/integrate-with-sap-s4hana.htm,200,16171,access-governance__integrate-with-sap-s4hana.md
03:15:11,https://docs.oracle.com/en-us/iaas/Content/access-governance/integrate-with-sap-successfactors.htm,200,11757,access-governance__integrate-with-sap-successfactors.md
03:15:13,https://docs.oracle.com/en-us/iaas/Content/access-governance/integrate-with-servicenow-um.htm,200,14189,access-governance__integrate-with-servicenow-um.md
03:15:14,https://docs.oracle.com/en-us/iaas/Content/access-governance/integrate-with-wms-cloud.htm,200,10407,access-governance__integrate-with-wms-cloud.md
03:15:15,https://docs.oracle.com/en-us/iaas/Content/access-governance/integrate-with-workday.htm,200,13342,access-governance__integrate-with-workday.md
03:15:17,https://docs.oracle.com/en-us/iaas/Content/access-governance/integrate.htm,200,10062,access-governance__integrate.md
03:15:18,https://docs.oracle.com/en-us/iaas/Content/access-governance/jml-process.htm,200,32898,access-governance__jml-process.md
03:15:19,https://docs.oracle.com/en-us/iaas/Content/access-governance/key-features.htm,200,24846,access-governance__key-features.md
03:15:20,https://docs.oracle.com/en-us/iaas/Content/access-governance/manage-access-bundles.htm,200,11240,access-governance__manage-access-bundles.md
03:15:21,https://docs.oracle.com/en-us/iaas/Content/access-governance/manage-access-guardrails.htm,200,33823,access-governance__manage-access-guardrails.md
03:15:23,https://docs.oracle.com/en-us/iaas/Content/access-governance/manage-access-review-campaigns.htm,200,30719,access-governance__manage-access-review-campaigns.md
03:15:24,https://docs.oracle.com/en-us/iaas/Content/access-governance/manage-ai-powered-access-bundle-generation.htm,200,28800,access-governance__manage-ai-powered-access-bundle-generation.md
03:15:25,https://docs.oracle.com/en-us/iaas/Content/access-governance/manage-approval-workflow.htm,200,12119,access-governance__manage-approval-workflow.md
03:15:26,https://docs.oracle.com/en-us/iaas/Content/access-governance/manage-approvals.htm,200,15935,access-governance__manage-approvals.md
03:15:28,https://docs.oracle.com/en-us/iaas/Content/access-governance/manage-delegation-preferences.htm,200,16086,access-governance__manage-delegation-preferences.md
03:15:29,https://docs.oracle.com/en-us/iaas/Content/access-governance/manage-diagnostic-service-logs-in-oracle-access-governance.htm,200,26659,access-governance__manage-diagnostic-service-logs-in-oracle-access-governance.md
03:15:30,https://docs.oracle.com/en-us/iaas/Content/access-governance/manage-global-key-values.htm,200,15736,access-governance__manage-global-key-values.md
03:15:31,https://docs.oracle.com/en-us/iaas/Content/access-governance/manage-identities.htm,200,67525,access-governance__manage-identities.md
03:15:33,https://docs.oracle.com/en-us/iaas/Content/access-governance/manage-identity-attributes.htm,200,51846,access-governance__manage-identity-attributes.md
03:15:34,https://docs.oracle.com/en-us/iaas/Content/access-governance/manage-identity-collections.htm,200,17614,access-governance__manage-identity-collections.md
03:15:35,https://docs.oracle.com/en-us/iaas/Content/access-governance/manage-integrations-with-orchestrated-system.htm,200,21214,access-governance__manage-integrations-with-orchestrated-system.md
03:15:36,https://docs.oracle.com/en-us/iaas/Content/access-governance/manage-policies.htm,200,13896,access-governance__manage-policies.md
03:15:38,https://docs.oracle.com/en-us/iaas/Content/access-governance/manage-roles.htm,200,17285,access-governance__manage-roles.md
03:15:38,https://docs.oracle.com/en-us/iaas/Content/access-governance/manage-service-instance.htm,200,20974,access-governance__manage-service-instance.md
03:15:40,https://docs.oracle.com/en-us/iaas/Content/access-governance/manage-unmatched-accounts.htm,200,12806,access-governance__manage-unmatched-accounts.md
03:15:41,https://docs.oracle.com/en-us/iaas/Content/access-governance/micro-certifications-event-driven-access-reviews.htm,200,14714,access-governance__micro-certifications-event-driven-access-reviews.md
03:15:42,https://docs.oracle.com/en-us/iaas/Content/access-governance/microsoft-ad-microsoft-active-directory-integration-reference.htm,200,42236,access-governance__microsoft-ad-microsoft-active-directory-integration-reference.md
03:15:43,https://docs.oracle.com/en-us/iaas/Content/access-governance/migrate-fusion-cloud-apps-credentials-to-oci-vault.htm,200,7491,access-governance__migrate-fusion-cloud-apps-credentials-to-oci-vault.md
03:15:44,https://docs.oracle.com/en-us/iaas/Content/access-governance/multi-affiliations.htm,200,15158,access-governance__multi-affiliations.md
03:15:45,https://docs.oracle.com/en-us/iaas/Content/access-governance/oci-iam-ociintegration.htm,200,59186,access-governance__oci-iam-ociintegration.md
03:15:46,https://docs.oracle.com/en-us/iaas/Content/access-governance/oracle-access-governance-integration-functional-overview.htm,200,22811,access-governance__oracle-access-governance-integration-functional-overview.md
03:15:48,https://docs.oracle.com/en-us/iaas/Content/access-governance/oracle-access-governance-licensing-plan.htm,200,17207,access-governance__oracle-access-governance-licensing-plan.md
03:15:49,https://docs.oracle.com/en-us/iaas/Content/access-governance/oracle-apex-configure-integration-with-oracle-apex.htm,200,41637,access-governance__oracle-apex-configure-integration-with-oracle-apex.md
03:15:50,https://docs.oracle.com/en-us/iaas/Content/access-governance/oracle-apex-oracle-apex-integration-reference.htm,200,20160,access-governance__oracle-apex-oracle-apex-integration-reference.md
03:15:51,https://docs.oracle.com/en-us/iaas/Content/access-governance/oracle-cpq-integrate-with-cpq.htm,200,25531,access-governance__oracle-cpq-integrate-with-cpq.md
03:15:53,https://docs.oracle.com/en-us/iaas/Content/access-governance/oracle-cx-integration-reference.htm,200,19519,access-governance__oracle-cx-integration-reference.md
03:15:54,https://docs.oracle.com/en-us/iaas/Content/access-governance/oracle-epm-configure-integration-epm.htm,200,35966,access-governance__oracle-epm-configure-integration-epm.md
03:15:55,https://docs.oracle.com/en-us/iaas/Content/access-governance/oracle-fusion-cloud-application-integration-reference.htm,200,95701,access-governance__oracle-fusion-cloud-application-integration-reference.md
03:15:56,https://docs.oracle.com/en-us/iaas/Content/access-governance/oracle-health-ehr-formerly-cerner-millennium-integration-reference.htm,200,27285,access-governance__oracle-health-ehr-formerly-cerner-millennium-integration-reference.md
03:15:57,https://docs.oracle.com/en-us/iaas/Content/access-governance/oracle-infinity-integrate-with-infinity.htm,200,15429,access-governance__oracle-infinity-integrate-with-infinity.md
03:15:58,https://docs.oracle.com/en-us/iaas/Content/access-governance/oracle-infinity-oracle-infinity-integration-reference.htm,200,14573,access-governance__oracle-infinity-oracle-infinity-integration-reference.md
03:15:59,https://docs.oracle.com/en-us/iaas/Content/access-governance/oracle-otm-configure-integration-otmgtm.htm,200,27682,access-governance__oracle-otm-configure-integration-otmgtm.md
03:16:01,https://docs.oracle.com/en-us/iaas/Content/access-governance/oracle-otm-gtm-integration-reference.htm,200,30733,access-governance__oracle-otm-gtm-integration-reference.md
03:16:02,https://docs.oracle.com/en-us/iaas/Content/access-governance/oracle-otm-integrate-with-otm-gtm.htm,200,17277,access-governance__oracle-otm-integrate-with-otm-gtm.md
03:16:03,https://docs.oracle.com/en-us/iaas/Content/access-governance/oracle-unity-integration-reference.htm,200,18832,access-governance__oracle-unity-integration-reference.md
03:16:05,https://docs.oracle.com/en-us/iaas/Content/access-governance/peoplesoft-integration-reference.htm,200,109006,access-governance__peoplesoft-integration-reference.md
03:16:06,https://docs.oracle.com/en-us/iaas/Content/access-governance/perform-access-reviews-section.htm,200,6717,access-governance__perform-access-reviews-section.md
03:16:07,https://docs.oracle.com/en-us/iaas/Content/access-governance/perform-access-reviews.htm,200,30864,access-governance__perform-access-reviews.md
03:16:08,https://docs.oracle.com/en-us/iaas/Content/access-governance/postgresql-database-user-management-postgresql-integration-reference.htm,200,18025,access-governance__postgresql-database-user-management-postgresql-integration-reference.md
03:16:09,https://docs.oracle.com/en-us/iaas/Content/access-governance/postgresql-integrate-oracle-access-governance-with-database-user-management-post.htm,200,14706,access-governance__postgresql-integrate-oracle-access-governance-with-database-user-management-post.md
03:16:11,https://docs.oracle.com/en-us/iaas/Content/access-governance/prepare-fusion-cloud-apps-for-integration.htm,200,38742,access-governance__prepare-fusion-cloud-apps-for-integration.md
03:16:12,https://docs.oracle.com/en-us/iaas/Content/access-governance/prerequisites-cx.htm,200,29225,access-governance__prerequisites-cx.md
03:16:13,https://docs.oracle.com/en-us/iaas/Content/access-governance/prisma-cloud-integration-reference.htm,200,17505,access-governance__prisma-cloud-integration-reference.md
03:16:14,https://docs.oracle.com/en-us/iaas/Content/access-governance/reference.htm,200,6050,access-governance__reference.md
03:16:15,https://docs.oracle.com/en-us/iaas/Content/access-governance/reports-overview.htm,200,27053,access-governance__reports-overview.md
03:16:17,https://docs.oracle.com/en-us/iaas/Content/access-governance/request-access.htm,200,15066,access-governance__request-access.md
03:16:17,https://docs.oracle.com/en-us/iaas/Content/access-governance/revision-management.htm,200,17466,access-governance__revision-management.md
03:16:18,https://docs.oracle.com/en-us/iaas/Content/access-governance/revoke-access-early-termination.htm,200,15278,access-governance__revoke-access-early-termination.md
03:16:20,https://docs.oracle.com/en-us/iaas/Content/access-governance/sap-fieldglass-reference.htm,200,24782,access-governance__sap-fieldglass-reference.md
03:16:21,https://docs.oracle.com/en-us/iaas/Content/access-governance/sap-successfactors-integration-reference.htm,200,50704,access-governance__sap-successfactors-integration-reference.md
03:16:22,https://docs.oracle.com/en-us/iaas/Content/access-governance/sap-user-configure-integration-with-sap-user-management-um.htm,200,35933,access-governance__sap-user-configure-integration-with-sap-user-management-um.md
03:16:23,https://docs.oracle.com/en-us/iaas/Content/access-governance/sap-user-integrate-oracle-access-governance-with-sap-user-management-um.htm,200,14325,access-governance__sap-user-integrate-oracle-access-governance-with-sap-user-management-um.md
03:16:25,https://docs.oracle.com/en-us/iaas/Content/access-governance/sap-user-sap-user-management-um-integration-reference.htm,200,31509,access-governance__sap-user-sap-user-management-um-integration-reference.md
03:16:26,https://docs.oracle.com/en-us/iaas/Content/access-governance/sapariba-integrationreference.htm,200,20466,access-governance__sapariba-integrationreference.md
03:16:27,https://docs.oracle.com/en-us/iaas/Content/access-governance/saphana-integrationreference.htm,200,18371,access-governance__saphana-integrationreference.md
03:16:29,https://docs.oracle.com/en-us/iaas/Content/access-governance/schema-json-file-reference.htm,200,35270,access-governance__schema-json-file-reference.md
03:16:30,https://docs.oracle.com/en-us/iaas/Content/access-governance/self-service.htm,200,6268,access-governance__self-service.md
03:16:32,https://docs.oracle.com/en-us/iaas/Content/access-governance/service-administration.htm,200,6381,access-governance__service-administration.md
03:16:33,https://docs.oracle.com/en-us/iaas/Content/access-governance/servicenow-self-service-using-servicenow-for-administrators.htm,200,15884,access-governance__servicenow-self-service-using-servicenow-for-administrators.md
03:16:34,https://docs.oracle.com/en-us/iaas/Content/access-governance/servicenow-self-service-using-servicenow-for-end-users.htm,200,18468,access-governance__servicenow-self-service-using-servicenow-for-end-users.md
03:16:36,https://docs.oracle.com/en-us/iaas/Content/access-governance/servicenow-um-integration-reference.htm,200,29084,access-governance__servicenow-um-integration-reference.md
03:16:37,https://docs.oracle.com/en-us/iaas/Content/access-governance/set-up-service-instance.htm,200,24707,access-governance__set-up-service-instance.md
03:16:38,https://docs.oracle.com/en-us/iaas/Content/access-governance/set-up-users.htm,200,30135,access-governance__set-up-users.md
03:16:39,https://docs.oracle.com/en-us/iaas/Content/access-governance/setup-oci-serverless-function-to-connect-with-rest-based-identity-aware-syst.htm,200,50843,access-governance__setup-oci-serverless-function-to-connect-with-rest-based-identity-aware-syst.md
03:16:41,https://docs.oracle.com/en-us/iaas/Content/access-governance/supported-integrations-in-oracle-access-governance.htm,200,41713,access-governance__supported-integrations-in-oracle-access-governance.md
03:16:42,https://docs.oracle.com/en-us/iaas/Content/access-governance/supported-languages-in-oracle-access-governance.htm,200,16400,access-governance__supported-languages-in-oracle-access-governance.md
03:16:43,https://docs.oracle.com/en-us/iaas/Content/access-governance/system-administration.htm,200,6714,access-governance__system-administration.md
03:16:45,https://docs.oracle.com/en-us/iaas/Content/access-governance/transformation-for-inbound-and-outbound-rules.htm,200,152513,access-governance__transformation-for-inbound-and-outbound-rules.md
03:16:46,https://docs.oracle.com/en-us/iaas/Content/access-governance/understanding-reviewers-actions-for-effective-access-certification.htm,200,24600,access-governance__understanding-reviewers-actions-for-effective-access-certification.md
03:16:47,https://docs.oracle.com/en-us/iaas/Content/access-governance/unity-configure-integrate-unity.htm,200,23803,access-governance__unity-configure-integrate-unity.md
03:16:48,https://docs.oracle.com/en-us/iaas/Content/access-governance/unity.htm,200,15817,access-governance__unity.md
03:16:49,https://docs.oracle.com/en-us/iaas/Content/access-governance/using-access-governence.htm,200,7131,access-governance__using-access-governence.md
03:16:51,https://docs.oracle.com/en-us/iaas/Content/access-governance/using-service-now.htm,200,21161,access-governance__using-service-now.md
03:16:52,https://docs.oracle.com/en-us/iaas/Content/access-governance/view-access-details-and-manage-account.htm,200,22449,access-governance__view-access-details-and-manage-account.md
03:16:53,https://docs.oracle.com/en-us/iaas/Content/access-governance/view-my-access-requests.htm,200,13369,access-governance__view-my-access-requests.md
03:16:55,https://docs.oracle.com/en-us/iaas/Content/access-governance/whats-new.htm,200,249631,access-governance__whats-new.md
03:16:56,https://docs.oracle.com/en-us/iaas/Content/access-governance/who-has-access-overview.htm,200,11591,access-governance__who-has-access-overview.md
03:16:57,https://docs.oracle.com/en-us/iaas/Content/access-governance/wms-integration-reference.htm,200,28780,access-governance__wms-integration-reference.md
03:16:59,https://docs.oracle.com/en-us/iaas/Content/access-governance/workday-integration-reference.htm,200,40737,access-governance__workday-integration-reference.md
03:17:00,https://docs.oracle.com/en-us/iaas/Content/access-governance/workflow-approval-workflow-overview.htm,200,25635,access-governance__workflow-approval-workflow-overview.md
03:17:00,https://docs.oracle.com/en-us/iaas/Content/access-governance/working-with-access-review-campaigns.htm,200,24766,access-governance__working-with-access-review-campaigns.md
03:17:02,https://docs.oracle.com/en-us/iaas/Content/access-metrics-oracle-analytics-cloud-using-console-instance-details.html,404,15118,
03:17:03,https://docs.oracle.com/en-us/iaas/Content/access-metrics-oracle-analytics-cloud-using-console-metrics-explorer.html,404,15118,
03:17:04,https://docs.oracle.com/en-us/iaas/Content/access-metrics-using-command-line.html,404,15118,
03:17:06,https://docs.oracle.com/en-us/iaas/Content/access-metrics-using-rest-api.html,404,15118,
03:17:07,https://docs.oracle.com/en-us/iaas/Content/access-oci-database-migration-service.html,404,15118,
03:17:08,https://docs.oracle.com/en-us/iaas/Content/access-operations-insights-warehouse.html,404,15118,
03:17:09,https://docs.oracle.com/en-us/iaas/Content/access-operations-insights.html,404,15118,
03:17:11,https://docs.oracle.com/en-us/iaas/Content/access-oracle-fusion-data-intelligence-mcp-server-preview.html,404,15118,
03:17:12,https://docs.oracle.com/en-us/iaas/Content/access-perf-hub-adb.html,404,15118,
03:17:13,https://docs.oracle.com/en-us/iaas/Content/access-perf-hub-base-db-and-exadata.html,404,15118,
03:17:14,https://docs.oracle.com/en-us/iaas/Content/access-perf-hub-external-db.html,404,15118,
03:17:15,https://docs.oracle.com/en-us/iaas/Content/access-process-automation-instance.html,404,15118,
03:17:17,https://docs.oracle.com/en-us/iaas/Content/access-service-gateway.html,404,15118,
03:17:18,https://docs.oracle.com/en-us/iaas/Content/access-set-up-oracle-data-safe.html,404,15118,
03:17:19,https://docs.oracle.com/en-us/iaas/Content/access-storage-servers.html,404,15118,
03:17:20,https://docs.oracle.com/en-us/iaas/Content/access-vcn-transit-routing.html,404,15118,
03:17:22,https://docs.oracle.com/en-us/iaas/Content/access-visual-builder-from-oci-console.html,404,15118,
03:17:23,https://docs.oracle.com/en-us/iaas/Content/access-visual-builder-studio-from-oracle-cloud-home-page---gen-2.html,404,15118,
03:17:25,https://docs.oracle.com/en-us/iaas/Content/access-your-service.html,404,15118,
03:17:26,https://docs.oracle.com/en-us/iaas/Content/access.html,404,15118,
03:17:27,https://docs.oracle.com/en-us/iaas/Content/access_governance_cp_t.html,404,15118,
03:17:29,https://docs.oracle.com/en-us/iaas/Content/accessing-data-object-explorers.html,404,15118,
03:17:30,https://docs.oracle.com/en-us/iaas/Content/accessing-database-actions.html,404,15118,
03:17:31,https://docs.oracle.com/en-us/iaas/Content/accessing-database-tools-resources-tenancies.html,404,15118,
03:17:32,https://docs.oracle.com/en-us/iaas/Content/accessing-disaster-recovery.html,404,15118,
03:17:33,https://docs.oracle.com/en-us/iaas/Content/accessing-host-capacity-planning-resources.html,404,15118,
03:17:34,https://docs.oracle.com/en-us/iaas/Content/accessing-object-data.html,404,15118,
03:17:35,https://docs.oracle.com/en-us/iaas/Content/accessing-related-services.html,404,15118,
03:17:37,https://docs.oracle.com/en-us/iaas/Content/actionable-insights.html,404,15118,
03:17:38,https://docs.oracle.com/en-us/iaas/Content/activate-data-pipeline-functional-area.html,404,15118,
03:17:39,https://docs.oracle.com/en-us/iaas/Content/activate-descriptive-flex-fields.html,404,15118,
03:17:41,https://docs.oracle.com/en-us/iaas/Content/activate-oracle-fusion-data-intelligence-subscription.html,404,15118,
03:17:42,https://docs.oracle.com/en-us/iaas/Content/activate-oracle-fusion-data-intelligence.html,404,15118,
03:17:43,https://docs.oracle.com/en-us/iaas/Content/activate-universal-credits-subscription.html,404,15118,
03:17:45,https://docs.oracle.com/en-us/iaas/Content/activating-your-oracle-fusion-intelligence-subscription.html,404,15118,
03:17:46,https://docs.oracle.com/en-us/iaas/Content/activity-auditing-overview.html,404,15118,
03:17:48,https://docs.oracle.com/en-us/iaas/Content/activity-auditing-resources.html,404,15118,
03:17:49,https://docs.oracle.com/en-us/iaas/Content/activity-auditing.html,404,15118,
03:17:50,https://docs.oracle.com/en-us/iaas/Content/adb-audit.html,404,15118,
03:17:52,https://docs.oracle.com/en-us/iaas/Content/adb-intro-to-adb.html,404,15118,
03:17:53,https://docs.oracle.com/en-us/iaas/Content/adb-on-exacc-new-features.html,404,15118,
03:17:54,https://docs.oracle.com/en-us/iaas/Content/adb-on-exacc.html,404,15118,
03:17:56,https://docs.oracle.com/en-us/iaas/Content/adbs-migration.html,404,15118,
03:17:57,https://docs.oracle.com/en-us/iaas/Content/adbsb-analyze.html,404,15118,
03:17:59,https://docs.oracle.com/en-us/iaas/Content/adbsb-cloud-support-and-identity-information.html,404,15118,
03:18:00,https://docs.oracle.com/en-us/iaas/Content/adbsb-develop.html,404,15118,
03:18:01,https://docs.oracle.com/en-us/iaas/Content/adbsb-features.html,404,15118,
03:18:02,https://docs.oracle.com/en-us/iaas/Content/adbsb-high-availability.html,404,15118,
03:18:03,https://docs.oracle.com/en-us/iaas/Content/adbsb-high-performance.html,404,15118,
03:18:05,https://docs.oracle.com/en-us/iaas/Content/adbsb-json-document-stores.html,404,15118,
03:18:06,https://docs.oracle.com/en-us/iaas/Content/adbsb-link-data.html,404,15118,
03:18:07,https://docs.oracle.com/en-us/iaas/Content/adbsb-monitor-and-manage-performance.html,404,15118,
03:18:09,https://docs.oracle.com/en-us/iaas/Content/adbsb-move-files.html,404,15118,
03:18:10,https://docs.oracle.com/en-us/iaas/Content/adbsb-overview.html,404,15118,
03:18:12,https://docs.oracle.com/en-us/iaas/Content/adbsb-quick-start.html,404,15118,
03:18:13,https://docs.oracle.com/en-us/iaas/Content/adbsb-reference.html,404,15118,
03:18:14,https://docs.oracle.com/en-us/iaas/Content/add-allowed-origins-domain.html,404,15118,
03:18:15,https://docs.oracle.com/en-us/iaas/Content/add-application-roles-group.html,404,15118,
03:18:16,https://docs.oracle.com/en-us/iaas/Content/add-autonomous-container-database-protection-group.html,404,15118,
03:18:17,https://docs.oracle.com/en-us/iaas/Content/add-autonomous-database-protection-group.html,404,15118,
03:18:18,https://docs.oracle.com/en-us/iaas/Content/add-built-free-vm---vis-apps.html,404,15118,
03:18:20,https://docs.oracle.com/en-us/iaas/Content/add-cloud-database.html,404,15118,
03:18:21,https://docs.oracle.com/en-us/iaas/Content/add-component-package-skill.html,404,15118,
03:18:22,https://docs.oracle.com/en-us/iaas/Content/add-compute-instance.html,404,15118,
03:18:23,https://docs.oracle.com/en-us/iaas/Content/add-connection-applications.html,404,15118,
03:18:25,https://docs.oracle.com/en-us/iaas/Content/add-connection-custom-backend.html,404,15118,
03:18:26,https://docs.oracle.com/en-us/iaas/Content/add-connection-integration-applications.html,404,15118,
03:18:27,https://docs.oracle.com/en-us/iaas/Content/add-connection-process-automation.html,404,15118,
03:18:28,https://docs.oracle.com/en-us/iaas/Content/add-connection-process-cloud-service.html,404,15118,
03:18:30,https://docs.oracle.com/en-us/iaas/Content/add-connections-extdbsystem.html,404,15118,
03:18:31,https://docs.oracle.com/en-us/iaas/Content/add-connections-ocdbsystem.html,404,15118,
03:18:32,https://docs.oracle.com/en-us/iaas/Content/add-connections-storage-servers.html,404,15118,
03:18:34,https://docs.oracle.com/en-us/iaas/Content/add-database-protection-group.html,404,15118,
03:18:35,https://docs.oracle.com/en-us/iaas/Content/add-deployment-vms.html,404,15118,
03:18:37,https://docs.oracle.com/en-us/iaas/Content/add-derived-columns.html,404,15118,
03:18:38,https://docs.oracle.com/en-us/iaas/Content/add-dimension.html,404,15118,
03:18:39,https://docs.oracle.com/en-us/iaas/Content/adm-package.html,404,15118,
03:18:41,https://docs.oracle.com/en-us/iaas/Content/adm_t.html,404,15118,
03:18:42,https://docs.oracle.com/en-us/iaas/Content/ai-document-package.html,404,15118,
03:18:43,https://docs.oracle.com/en-us/iaas/Content/ai-language-package.html,404,15118,
03:18:44,https://docs.oracle.com/en-us/iaas/Content/ai-speech-package.html,404,15118,
03:18:46,https://docs.oracle.com/en-us/iaas/Content/ai-vision-package.html,404,15118,
03:18:47,https://docs.oracle.com/en-us/iaas/Content/ai_document_t.html,404,15118,
03:18:48,https://docs.oracle.com/en-us/iaas/Content/ai_language_t.html,404,15118,
03:18:49,https://docs.oracle.com/en-us/iaas/Content/ai_speech_t.html,404,15118,
03:18:50,https://docs.oracle.com/en-us/iaas/Content/ai_vision_t.html,404,15118,
03:18:52,https://docs.oracle.com/en-us/iaas/Content/analytics-package.html,404,15118,
03:18:53,https://docs.oracle.com/en-us/iaas/Content/analytics_t.html,404,15118,
03:18:54,https://docs.oracle.com/en-us/iaas/Content/announcements-package.html,404,15118,
03:18:56,https://docs.oracle.com/en-us/iaas/Content/announcements_service_t.html,404,15118,
03:18:57,https://docs.oracle.com/en-us/iaas/Content/api-gateway-package.html,404,15118,
03:18:58,https://docs.oracle.com/en-us/iaas/Content/api-reference.html,404,15118,
03:19:00,https://docs.oracle.com/en-us/iaas/Content/apigateway_t.html,404,15118,
03:19:01,https://docs.oracle.com/en-us/iaas/Content/apm-config-package.html,404,15118,
03:19:02,https://docs.oracle.com/en-us/iaas/Content/apm-control-plane-package.html,404,15118,
03:19:04,https://docs.oracle.com/en-us/iaas/Content/apm-synthetics-package.html,404,15118,
03:19:05,https://docs.oracle.com/en-us/iaas/Content/apm-traces-package.html,404,15118,
03:19:06,https://docs.oracle.com/en-us/iaas/Content/apm_config_t.html,404,15118,
03:19:07,https://docs.oracle.com/en-us/iaas/Content/apm_control_plane_t.html,404,15118,
03:19:09,https://docs.oracle.com/en-us/iaas/Content/apm_synthetics_t.html,404,15118,
03:19:10,https://docs.oracle.com/en-us/iaas/Content/apm_traces_t.html,404,15118,
03:19:11,https://docs.oracle.com/en-us/iaas/Content/application-management-control-package.html,404,15118,
03:19:12,https://docs.oracle.com/en-us/iaas/Content/application-migration-package.html,404,15118,
03:19:14,https://docs.oracle.com/en-us/iaas/Content/application_migration_t.html,404,15118,
03:19:15,https://docs.oracle.com/en-us/iaas/Content/appmgmt_control_t.html,404,15118,
03:19:17,https://docs.oracle.com/en-us/iaas/Content/artifacts-package.html,404,15118,
03:19:18,https://docs.oracle.com/en-us/iaas/Content/artifacts_t.html,404,15118,
03:19:19,https://docs.oracle.com/en-us/iaas/Content/audit-package.html,404,15118,
03:19:21,https://docs.oracle.com/en-us/iaas/Content/audit_t.html,404,15118,
03:19:22,https://docs.oracle.com/en-us/iaas/Content/autoscaling-package.html,404,15118,
03:19:24,https://docs.oracle.com/en-us/iaas/Content/autoscaling_t.html,404,15118,
03:19:25,https://docs.oracle.com/en-us/iaas/Content/bastion-package.html,404,15118,
03:19:26,https://docs.oracle.com/en-us/iaas/Content/bastion_t.html,404,15118,
03:19:28,https://docs.oracle.com/en-us/iaas/Content/bds-package.html,404,15118,
03:19:29,https://docs.oracle.com/en-us/iaas/Content/bds_t.html,404,15118,
03:19:30,https://docs.oracle.com/en-us/iaas/Content/blockchain-package.html,404,15118,
03:19:32,https://docs.oracle.com/en-us/iaas/Content/blockchain_t.html,404,15118,
03:19:33,https://docs.oracle.com/en-us/iaas/Content/budget-package.html,404,15118,
03:19:34,https://docs.oracle.com/en-us/iaas/Content/budget_t.html,404,15118,
03:19:36,https://docs.oracle.com/en-us/iaas/Content/certificates-management-package.html,404,15118,
03:19:37,https://docs.oracle.com/en-us/iaas/Content/certificates-package.html,404,15118,
03:19:39,https://docs.oracle.com/en-us/iaas/Content/certificates_management_t.html,404,15118,
03:19:41,https://docs.oracle.com/en-us/iaas/Content/certificates_t.html,404,15118,
03:19:42,https://docs.oracle.com/en-us/iaas/Content/cims-package.html,404,15118,
03:19:43,https://docs.oracle.com/en-us/iaas/Content/cims_t.html,404,15118,
03:19:44,https://docs.oracle.com/en-us/iaas/Content/cloud-bridge-package.html,404,15118,
03:19:46,https://docs.oracle.com/en-us/iaas/Content/cloud-guard-package.html,404,15118,
03:19:47,https://docs.oracle.com/en-us/iaas/Content/cloud-migrations-package.html,404,15118,
03:19:48,https://docs.oracle.com/en-us/iaas/Content/cloud_bridge_t.html,404,15118,
03:19:49,https://docs.oracle.com/en-us/iaas/Content/cloud_guard_t.html,404,15118,
03:19:50,https://docs.oracle.com/en-us/iaas/Content/cloud_migrations_t.html,404,15118,
03:19:51,https://docs.oracle.com/en-us/iaas/Content/compute-cloud-customer-package.html,404,15118,
03:19:53,https://docs.oracle.com/en-us/iaas/Content/compute-instance-agent-package.html,404,15118,
03:19:54,https://docs.oracle.com/en-us/iaas/Content/compute_cloud_at_customer_t.html,404,15118,
03:19:55,https://docs.oracle.com/en-us/iaas/Content/compute_instance_agent_t.html,404,15118,
03:19:57,https://docs.oracle.com/en-us/iaas/Content/container-engine-package.html,404,15118,
03:19:58,https://docs.oracle.com/en-us/iaas/Content/container-instances-package.html,404,15118,
03:19:59,https://docs.oracle.com/en-us/iaas/Content/container_engine_t.html,404,15118,
03:20:01,https://docs.oracle.com/en-us/iaas/Content/container_instances_t.html,404,15118,
03:20:02,https://docs.oracle.com/en-us/iaas/Content/core-package.html,404,15118,
03:20:04,https://docs.oracle.com/en-us/iaas/Content/core_t.html,404,15118,
03:20:05,https://docs.oracle.com/en-us/iaas/Content/dashboard-package.html,404,15118,
03:20:06,https://docs.oracle.com/en-us/iaas/Content/dashboard_service_t.html,404,15118,
03:20:07,https://docs.oracle.com/en-us/iaas/Content/data-catalog-package.html,404,15118,
03:20:08,https://docs.oracle.com/en-us/iaas/Content/data-flow-package.html,404,15118,
03:20:09,https://docs.oracle.com/en-us/iaas/Content/data-integration-package.html,404,15118,
03:20:10,https://docs.oracle.com/en-us/iaas/Content/data-labeling-service-dataplane-package.html,404,15118,
03:20:12,https://docs.oracle.com/en-us/iaas/Content/data-labeling-service-package.html,404,15118,
03:20:14,https://docs.oracle.com/en-us/iaas/Content/data-safe-package.html,404,15118,
03:20:15,https://docs.oracle.com/en-us/iaas/Content/data-science-package.html,404,15118,
03:20:17,https://docs.oracle.com/en-us/iaas/Content/data_labeling_service_dataplane_t.html,404,15118,
03:20:18,https://docs.oracle.com/en-us/iaas/Content/data_labeling_service_t.html,404,15118,
03:20:19,https://docs.oracle.com/en-us/iaas/Content/database-management-package.html,404,15118,
03:20:20,https://docs.oracle.com/en-us/iaas/Content/database-migration-package.html,404,15118,
03:20:21,https://docs.oracle.com/en-us/iaas/Content/database-package.html,404,15118,
03:20:22,https://docs.oracle.com/en-us/iaas/Content/database-tools-package.html,404,15118,
03:20:24,https://docs.oracle.com/en-us/iaas/Content/database_management_t.html,404,15118,
03:20:25,https://docs.oracle.com/en-us/iaas/Content/database_migration_t.html,404,15118,
03:20:27,https://docs.oracle.com/en-us/iaas/Content/database_t.html,404,15118,
03:20:28,https://docs.oracle.com/en-us/iaas/Content/database_tools_t.html,404,15118,
03:20:29,https://docs.oracle.com/en-us/iaas/Content/datacatalog_t.html,404,15118,
03:20:31,https://docs.oracle.com/en-us/iaas/Content/dataflow_t.html,404,15118,
03:20:32,https://docs.oracle.com/en-us/iaas/Content/dataintegration_t.html,404,15118,
03:20:34,https://docs.oracle.com/en-us/iaas/Content/datasafe_t.html,404,15118,
03:20:35,https://docs.oracle.com/en-us/iaas/Content/datascience_t.html,404,15118,
03:20:36,https://docs.oracle.com/en-us/iaas/Content/dbms_cloud_oci_ac_config.html,404,15118,
03:20:38,https://docs.oracle.com/en-us/iaas/Content/dbms_cloud_oci_ac_config_t.html,404,15118,
03:20:39,https://docs.oracle.com/en-us/iaas/Content/dbms_cloud_oci_acp_apm_domain.html,404,15118,
03:20:40,https://docs.oracle.com/en-us/iaas/Content/dbms_cloud_oci_acp_apm_domain_t.html,404,15118,
03:20:42,https://docs.oracle.com/en-us/iaas/Content/dbms_cloud_oci_ad_audit.html,404,15118,
03:20:43,https://docs.oracle.com/en-us/iaas/Content/dbms_cloud_oci_ad_audit_t.html,404,15118,
03:20:44,https://docs.oracle.com/en-us/iaas/Content/dbms_cloud_oci_adm_application_dependency_management.html,404,15118,
03:20:46,https://docs.oracle.com/en-us/iaas/Content/dbms_cloud_oci_adm_application_dependency_management_t.html,404,15118,
03:20:47,https://docs.oracle.com/en-us/iaas/Content/dbms_cloud_oci_ag_api_gateway.html,404,15118,
03:20:48,https://docs.oracle.com/en-us/iaas/Content/dbms_cloud_oci_ag_api_gateway_t.html,404,15118,
03:20:49,https://docs.oracle.com/en-us/iaas/Content/dbms_cloud_oci_ag_deployment.html,404,15118,
03:20:50,https://docs.oracle.com/en-us/iaas/Content/dbms_cloud_oci_ag_deployment_t.html,404,15118,
03:20:51,https://docs.oracle.com/en-us/iaas/Content/dbms_cloud_oci_ag_gateway.html,404,15118,
03:20:53,https://docs.oracle.com/en-us/iaas/Content/dbms_cloud_oci_ag_gateway_t.html,404,15118,
03:20:54,https://docs.oracle.com/en-us/iaas/Content/dbms_cloud_oci_ag_subscribers.html,404,15118,
03:20:55,https://docs.oracle.com/en-us/iaas/Content/dbms_cloud_oci_ag_subscribers_t.html,404,15118,
03:20:56,https://docs.oracle.com/en-us/iaas/Content/dbms_cloud_oci_ag_usage_plans.html,404,15118,
03:20:57,https://docs.oracle.com/en-us/iaas/Content/dbms_cloud_oci_ag_usage_plans_t.html,404,15118,
03:20:59,https://docs.oracle.com/en-us/iaas/Content/dbms_cloud_oci_ag_work_requests.html,404,15118,
03:21:00,https://docs.oracle.com/en-us/iaas/Content/dbms_cloud_oci_ag_work_requests_t.html,404,15118,
03:21:02,https://docs.oracle.com/en-us/iaas/Content/dbms_cloud_oci_agc_access_governance_cp.html,404,15118,
03:21:03,https://docs.oracle.com/en-us/iaas/Content/dbms_cloud_oci_agc_access_governance_cp_t.html,404,15118,
03:21:05,https://docs.oracle.com/en-us/iaas/Content/dbms_cloud_oci_aid_ai_service_document.html,404,15118,
03:21:06,https://docs.oracle.com/en-us/iaas/Content/dbms_cloud_oci_aid_ai_service_document_t.html,404,15118,
03:21:07,https://docs.oracle.com/en-us/iaas/Content/dbms_cloud_oci_ail_ai_service_language.html,404,15118,
03:21:08,https://docs.oracle.com/en-us/iaas/Content/dbms_cloud_oci_ail_ai_service_language_t.html,404,15118,
03:21:09,https://docs.oracle.com/en-us/iaas/Content/dbms_cloud_oci_ais_ai_service_speech.html,404,15118,
03:21:11,https://docs.oracle.com/en-us/iaas/Content/dbms_cloud_oci_ais_ai_service_speech_t.html,404,15118,
03:21:12,https://docs.oracle.com/en-us/iaas/Content/dbms_cloud_oci_aiv_ai_service_vision.html,404,15118,
03:21:14,https://docs.oracle.com/en-us/iaas/Content/dbms_cloud_oci_aiv_ai_service_vision_t.html,404,15118,
03:21:15,https://docs.oracle.com/en-us/iaas/Content/dbms_cloud_oci_am_application_migration.html,404,15118,
03:21:16,https://docs.oracle.com/en-us/iaas/Content/dbms_cloud_oci_am_application_migration_t.html,404,15118,
03:21:17,https://docs.oracle.com/en-us/iaas/Content/dbms_cloud_oci_an_analytics.html,404,15118,
03:21:19,https://docs.oracle.com/en-us/iaas/Content/dbms_cloud_oci_an_analytics_t.html,404,15118,
03:21:20,https://docs.oracle.com/en-us/iaas/Content/dbms_cloud_oci_apc_appmgmt_control.html,404,15118,
03:21:21,https://docs.oracle.com/en-us/iaas/Content/dbms_cloud_oci_apc_appmgmt_control_t.html,404,15118,
03:21:23,https://docs.oracle.com/en-us/iaas/Content/dbms_cloud_oci_ar_artifacts.html,404,15118,
03:21:24,https://docs.oracle.com/en-us/iaas/Content/dbms_cloud_oci_ar_artifacts_t.html,404,15118,
03:21:25,https://docs.oracle.com/en-us/iaas/Content/dbms_cloud_oci_as_announcement.html,404,15118,
03:21:26,https://docs.oracle.com/en-us/iaas/Content/dbms_cloud_oci_as_announcement_subscription.html,404,15118,
03:21:28,https://docs.oracle.com/en-us/iaas/Content/dbms_cloud_oci_as_announcement_subscription_t.html,404,15118,
03:21:29,https://docs.oracle.com/en-us/iaas/Content/dbms_cloud_oci_as_announcement_t.html,404,15118,
03:21:30,https://docs.oracle.com/en-us/iaas/Content/dbms_cloud_oci_as_announcements_preferences.html,404,15118,
03:21:31,https://docs.oracle.com/en-us/iaas/Content/dbms_cloud_oci_as_announcements_preferences_t.html,404,15118,
03:21:32,https://docs.oracle.com/en-us/iaas/Content/dbms_cloud_oci_asc_auto_scaling.html,404,15118,
03:21:34,https://docs.oracle.com/en-us/iaas/Content/dbms_cloud_oci_asc_auto_scaling_t.html,404,15118,
03:21:36,https://docs.oracle.com/en-us/iaas/Content/dbms_cloud_oci_asy_apm_synthetic.html,404,15118,
03:21:37,https://docs.oracle.com/en-us/iaas/Content/dbms_cloud_oci_asy_apm_synthetic_t.html,404,15118,
03:21:38,https://docs.oracle.com/en-us/iaas/Content/dbms_cloud_oci_atr_query.html,404,15118,
03:21:40,https://docs.oracle.com/en-us/iaas/Content/dbms_cloud_oci_atr_query_t.html,404,15118,
03:21:42,https://docs.oracle.com/en-us/iaas/Content/dbms_cloud_oci_atr_trace.html,404,15118,
03:21:43,https://docs.oracle.com/en-us/iaas/Content/dbms_cloud_oci_atr_trace_t.html,404,15118,
03:21:44,https://docs.oracle.com/en-us/iaas/Content/dbms_cloud_oci_bc_blockchain_platform.html,404,15118,
03:21:45,https://docs.oracle.com/en-us/iaas/Content/dbms_cloud_oci_bc_blockchain_platform_t.html,404,15118,
03:21:46,https://docs.oracle.com/en-us/iaas/Content/dbms_cloud_oci_bd_budget.html,404,15118,
03:21:48,https://docs.oracle.com/en-us/iaas/Content/dbms_cloud_oci_bd_budget_t.html,404,15118,
03:21:49,https://docs.oracle.com/en-us/iaas/Content/dbms_cloud_oci_bds_bds.html,404,15118,
03:21:51,https://docs.oracle.com/en-us/iaas/Content/dbms_cloud_oci_bds_bds_t.html,404,15118,
03:21:53,https://docs.oracle.com/en-us/iaas/Content/dbms_cloud_oci_bt_bastion.html,404,15118,
03:21:54,https://docs.oracle.com/en-us/iaas/Content/dbms_cloud_oci_bt_bastion_t.html,404,15118,
03:21:55,https://docs.oracle.com/en-us/iaas/Content/dbms_cloud_oci_cb_discovery.html,404,15118,
03:21:56,https://docs.oracle.com/en-us/iaas/Content/dbms_cloud_oci_cb_discovery_t.html,404,15118,
03:21:57,https://docs.oracle.com/en-us/iaas/Content/dbms_cloud_oci_cb_inventory.html,404,15118,
03:21:59,https://docs.oracle.com/en-us/iaas/Content/dbms_cloud_oci_cb_inventory_t.html,404,15118,
03:22:00,https://docs.oracle.com/en-us/iaas/Content/dbms_cloud_oci_cb_ocb_agent_svc.html,404,15118,
03:22:01,https://docs.oracle.com/en-us/iaas/Content/dbms_cloud_oci_cb_ocb_agent_svc_t.html,404,15118,
03:22:02,https://docs.oracle.com/en-us/iaas/Content/dbms_cloud_oci_ccac_compute_cloud_at_customer.html,404,15118,
03:22:04,https://docs.oracle.com/en-us/iaas/Content/dbms_cloud_oci_ccac_compute_cloud_at_customer_t.html,404,15118,
03:22:05,https://docs.oracle.com/en-us/iaas/Content/dbms_cloud_oci_ce_container_engine.html,404,15118,
03:22:06,https://docs.oracle.com/en-us/iaas/Content/dbms_cloud_oci_ce_container_engine_t.html,404,15118,
03:22:07,https://docs.oracle.com/en-us/iaas/Content/dbms_cloud_oci_cert_certificates.html,404,15118,
03:22:09,https://docs.oracle.com/en-us/iaas/Content/dbms_cloud_oci_cert_certificates_t.html,404,15118,
03:22:10,https://docs.oracle.com/en-us/iaas/Content/dbms_cloud_oci_certm_certificates_management.html,404,15118,
03:22:12,https://docs.oracle.com/en-us/iaas/Content/dbms_cloud_oci_certm_certificates_management_t.html,404,15118,
03:22:13,https://docs.oracle.com/en-us/iaas/Content/dbms_cloud_oci_cg_cloud_guard.html,404,15118,
03:22:14,https://docs.oracle.com/en-us/iaas/Content/dbms_cloud_oci_cg_cloud_guard_t.html,404,15118,
03:22:15,https://docs.oracle.com/en-us/iaas/Content/dbms_cloud_oci_ci_incident.html,404,15118,
03:22:17,https://docs.oracle.com/en-us/iaas/Content/dbms_cloud_oci_ci_incident_t.html,404,15118,
03:22:18,https://docs.oracle.com/en-us/iaas/Content/dbms_cloud_oci_cia_compute_instance_agent.html,404,15118,
03:22:20,https://docs.oracle.com/en-us/iaas/Content/dbms_cloud_oci_cia_compute_instance_agent_t.html,404,15118,
03:22:21,https://docs.oracle.com/en-us/iaas/Content/dbms_cloud_oci_cia_plugin.html,404,15118,
03:22:22,https://docs.oracle.com/en-us/iaas/Content/dbms_cloud_oci_cia_plugin_t.html,404,15118,
03:22:23,https://docs.oracle.com/en-us/iaas/Content/dbms_cloud_oci_cia_pluginconfig.html,404,15118,
03:22:25,https://docs.oracle.com/en-us/iaas/Content/dbms_cloud_oci_cia_pluginconfig_t.html,404,15118,
03:22:26,https://docs.oracle.com/en-us/iaas/Content/dbms_cloud_oci_cin_container_instance.html,404,15118,
03:22:27,https://docs.oracle.com/en-us/iaas/Content/dbms_cloud_oci_cin_container_instance_t.html,404,15118,
03:22:28,https://docs.oracle.com/en-us/iaas/Content/dbms_cloud_oci_cm_migration.html,404,15118,
03:22:29,https://docs.oracle.com/en-us/iaas/Content/dbms_cloud_oci_cm_migration_t.html,404,15118,
03:22:31,https://docs.oracle.com/en-us/iaas/Content/dbms_cloud_oci_cr_blockstorage.html,404,15118,
03:22:32,https://docs.oracle.com/en-us/iaas/Content/dbms_cloud_oci_cr_blockstorage_t.html,404,15118,
03:22:33,https://docs.oracle.com/en-us/iaas/Content/dbms_cloud_oci_cr_compute.html,404,15118,
03:22:35,https://docs.oracle.com/en-us/iaas/Content/dbms_cloud_oci_cr_compute_management.html,404,15118,
03:22:36,https://docs.oracle.com/en-us/iaas/Content/dbms_cloud_oci_cr_compute_management_t.html,404,15118,
03:22:38,https://docs.oracle.com/en-us/iaas/Content/dbms_cloud_oci_cr_compute_t.html,404,15118,
03:22:39,https://docs.oracle.com/en-us/iaas/Content/dbms_cloud_oci_cr_virtual_network.html,404,15118,
03:22:40,https://docs.oracle.com/en-us/iaas/Content/dbms_cloud_oci_cr_virtual_network_t.html,404,15118,
03:22:42,https://docs.oracle.com/en-us/iaas/Content/dbms_cloud_oci_db_database.html,404,15118,
03:22:44,https://docs.oracle.com/en-us/iaas/Content/dbms_cloud_oci_db_database_t.html,404,15118,
03:22:45,https://docs.oracle.com/en-us/iaas/Content/dbms_cloud_oci_dbs_dashboard.html,404,15118,
03:22:46,https://docs.oracle.com/en-us/iaas/Content/dbms_cloud_oci_dbs_dashboard_group.html,404,15118,
03:22:47,https://docs.oracle.com/en-us/iaas/Content/dbms_cloud_oci_dbs_dashboard_group_t.html,404,15118,
03:22:49,https://docs.oracle.com/en-us/iaas/Content/dbms_cloud_oci_dbs_dashboard_t.html,404,15118,
03:22:50,https://docs.oracle.com/en-us/iaas/Content/dbms_cloud_oci_dc_data_catalog.html,404,15118,
03:22:51,https://docs.oracle.com/en-us/iaas/Content/dbms_cloud_oci_dc_data_catalog_t.html,404,15118,
03:22:52,https://docs.oracle.com/en-us/iaas/Content/dbms_cloud_oci_df_data_flow.html,404,15118,
03:22:53,https://docs.oracle.com/en-us/iaas/Content/dbms_cloud_oci_df_data_flow_t.html,404,15118,
03:22:55,https://docs.oracle.com/en-us/iaas/Content/dbms_cloud_oci_di_data_integration.html,404,15118,
03:22:56,https://docs.oracle.com/en-us/iaas/Content/dbms_cloud_oci_di_data_integration_t.html,404,15118,
03:22:57,https://docs.oracle.com/en-us/iaas/Content/dbms_cloud_oci_dls_data_labeling_management.html,404,15118,
03:22:58,https://docs.oracle.com/en-us/iaas/Content/dbms_cloud_oci_dls_data_labeling_management_t.html,404,15118,
03:23:00,https://docs.oracle.com/en-us/iaas/Content/dbms_cloud_oci_dlsd_data_labeling.html,404,15118,
03:23:02,https://docs.oracle.com/en-us/iaas/Content/dbms_cloud_oci_dlsd_data_labeling_t.html,404,15118,
03:23:03,https://docs.oracle.com/en-us/iaas/Content/dbms_cloud_oci_dm_db_management.html,404,15118,
03:23:04,https://docs.oracle.com/en-us/iaas/Content/dbms_cloud_oci_dm_db_management_t.html,404,15118,
03:23:06,https://docs.oracle.com/en-us/iaas/Content/dbms_cloud_oci_dm_diagnosability.html,404,15118,
03:23:07,https://docs.oracle.com/en-us/iaas/Content/dbms_cloud_oci_dm_diagnosability_t.html,404,15118,
03:23:08,https://docs.oracle.com/en-us/iaas/Content/dbms_cloud_oci_dm_managed_my_sql_databases.html,404,15118,
03:23:10,https://docs.oracle.com/en-us/iaas/Content/dbms_cloud_oci_dm_managed_my_sql_databases_t.html,404,15118,
03:23:11,https://docs.oracle.com/en-us/iaas/Content/dbms_cloud_oci_dm_perfhub.html,404,15118,
03:23:13,https://docs.oracle.com/en-us/iaas/Content/dbms_cloud_oci_dm_perfhub_t.html,404,15118,
03:23:14,https://docs.oracle.com/en-us/iaas/Content/dbms_cloud_oci_dm_sql_tuning.html,404,15118,
03:23:15,https://docs.oracle.com/en-us/iaas/Content/dbms_cloud_oci_dm_sql_tuning_t.html,404,15118,
03:23:17,https://docs.oracle.com/en-us/iaas/Content/dbms_cloud_oci_dmg_database_migration.html,404,15118,
03:23:18,https://docs.oracle.com/en-us/iaas/Content/dbms_cloud_oci_dmg_database_migration_t.html,404,15118,
03:23:19,https://docs.oracle.com/en-us/iaas/Content/dbms_cloud_oci_dns_dns.html,404,15118,
03:23:21,https://docs.oracle.com/en-us/iaas/Content/dbms_cloud_oci_dns_dns_t.html,404,15118,
03:23:22,https://docs.oracle.com/en-us/iaas/Content/dbms_cloud_oci_do_devops.html,404,15118,
03:23:24,https://docs.oracle.com/en-us/iaas/Content/dbms_cloud_oci_do_devops_t.html,404,15118,
03:23:25,https://docs.oracle.com/en-us/iaas/Content/dbms_cloud_oci_dr_disaster_recovery.html,404,15118,
03:23:26,https://docs.oracle.com/en-us/iaas/Content/dbms_cloud_oci_dr_disaster_recovery_t.html,404,15118,
03:23:28,https://docs.oracle.com/en-us/iaas/Content/dbms_cloud_oci_ds_data_safe.html,404,15118,
03:23:29,https://docs.oracle.com/en-us/iaas/Content/dbms_cloud_oci_ds_data_safe_t.html,404,15118,
03:23:30,https://docs.oracle.com/en-us/iaas/Content/dbms_cloud_oci_dsc_data_science.html,404,15118,
03:23:32,https://docs.oracle.com/en-us/iaas/Content/dbms_cloud_oci_dsc_data_science_t.html,404,15118,
03:23:33,https://docs.oracle.com/en-us/iaas/Content/dbms_cloud_oci_dt_database_tools.html,404,15118,
03:23:34,https://docs.oracle.com/en-us/iaas/Content/dbms_cloud_oci_dt_database_tools_t.html,404,15118,
03:23:35,https://docs.oracle.com/en-us/iaas/Content/dbms_cloud_oci_em_email.html,404,15118,
03:23:37,https://docs.oracle.com/en-us/iaas/Content/dbms_cloud_oci_em_email_t.html,404,15118,
03:23:38,https://docs.oracle.com/en-us/iaas/Content/dbms_cloud_oci_ev_events.html,404,15118,
03:23:39,https://docs.oracle.com/en-us/iaas/Content/dbms_cloud_oci_ev_events_t.html,404,15118,
03:23:40,https://docs.oracle.com/en-us/iaas/Content/dbms_cloud_oci_ew_em_warehouse.html,404,15118,
03:23:41,https://docs.oracle.com/en-us/iaas/Content/dbms_cloud_oci_ew_em_warehouse_t.html,404,15118,
03:23:43,https://docs.oracle.com/en-us/iaas/Content/dbms_cloud_oci_fa_fusion_applications.html,404,15118,
03:23:44,https://docs.oracle.com/en-us/iaas/Content/dbms_cloud_oci_fa_fusion_applications_t.html,404,15118,
03:23:46,https://docs.oracle.com/en-us/iaas/Content/dbms_cloud_oci_fnc_functions_invoke.html,404,15118,
03:23:47,https://docs.oracle.com/en-us/iaas/Content/dbms_cloud_oci_fnc_functions_invoke_t.html,404,15118,
03:23:48,https://docs.oracle.com/en-us/iaas/Content/dbms_cloud_oci_fnc_functions_management.html,404,15118,
03:23:49,https://docs.oracle.com/en-us/iaas/Content/dbms_cloud_oci_fnc_functions_management_t.html,404,15118,
03:23:51,https://docs.oracle.com/en-us/iaas/Content/dbms_cloud_oci_fs_file_storage.html,404,15118,
03:23:52,https://docs.oracle.com/en-us/iaas/Content/dbms_cloud_oci_fs_file_storage_t.html,404,15118,
03:23:53,https://docs.oracle.com/en-us/iaas/Content/dbms_cloud_oci_fsu_fleet_software_update.html,404,15118,
03:23:55,https://docs.oracle.com/en-us/iaas/Content/dbms_cloud_oci_fsu_fleet_software_update_t.html,404,15118,
03:23:56,https://docs.oracle.com/en-us/iaas/Content/dbms_cloud_oci_ga_generative_ai.html,404,15118,
03:23:57,https://docs.oracle.com/en-us/iaas/Content/dbms_cloud_oci_ga_generative_ai_t.html,404,15118,
03:23:58,https://docs.oracle.com/en-us/iaas/Content/dbms_cloud_oci_gac_generic_artifacts_content.html,404,15118,
03:23:59,https://docs.oracle.com/en-us/iaas/Content/dbms_cloud_oci_gac_generic_artifacts_content_t.html,404,15118,
03:24:00,https://docs.oracle.com/en-us/iaas/Content/dbms_cloud_oci_gai_generative_ai_inference.html,404,15118,
03:24:02,https://docs.oracle.com/en-us/iaas/Content/dbms_cloud_oci_gai_generative_ai_inference_t.html,404,15118,
03:24:03,https://docs.oracle.com/en-us/iaas/Content/dbms_cloud_oci_gg_golden_gate.html,404,15118,
03:24:04,https://docs.oracle.com/en-us/iaas/Content/dbms_cloud_oci_gg_golden_gate_t.html,404,15118,
03:24:06,https://docs.oracle.com/en-us/iaas/Content/dbms_cloud_oci_grcp_governance_rule.html,404,15118,
03:24:08,https://docs.oracle.com/en-us/iaas/Content/dbms_cloud_oci_grcp_governance_rule_t.html,404,15118,
03:24:09,https://docs.oracle.com/en-us/iaas/Content/dbms_cloud_oci_grcp_work_request.html,404,15118,
03:24:10,https://docs.oracle.com/en-us/iaas/Content/dbms_cloud_oci_grcp_work_request_t.html,404,15118,
03:24:11,https://docs.oracle.com/en-us/iaas/Content/dbms_cloud_oci_hc_health_checks.html,404,15118,
03:24:13,https://docs.oracle.com/en-us/iaas/Content/dbms_cloud_oci_hc_health_checks_t.html,404,15118,
03:24:14,https://docs.oracle.com/en-us/iaas/Content/dbms_cloud_oci_id_identity.html,404,15118,
03:24:15,https://docs.oracle.com/en-us/iaas/Content/dbms_cloud_oci_id_identity_t.html,404,15118,
03:24:17,https://docs.oracle.com/en-us/iaas/Content/dbms_cloud_oci_idp_dataplane.html,404,15118,
03:24:18,https://docs.oracle.com/en-us/iaas/Content/dbms_cloud_oci_idp_dataplane_t.html,404,15118,
03:24:19,https://docs.oracle.com/en-us/iaas/Content/dbms_cloud_oci_int_integration_instance.html,404,15118,
03:24:21,https://docs.oracle.com/en-us/iaas/Content/dbms_cloud_oci_int_integration_instance_t.html,404,15118,
03:24:22,https://docs.oracle.com/en-us/iaas/Content/dbms_cloud_oci_jjd_java_download.html,404,15118,
03:24:23,https://docs.oracle.com/en-us/iaas/Content/dbms_cloud_oci_jjd_java_download_t.html,404,15118,
03:24:25,https://docs.oracle.com/en-us/iaas/Content/dbms_cloud_oci_jms_java_management_service.html,404,15118,
03:24:26,https://docs.oracle.com/en-us/iaas/Content/dbms_cloud_oci_jms_java_management_service_t.html,404,15118,
03:24:27,https://docs.oracle.com/en-us/iaas/Content/dbms_cloud_oci_km_ekm.html,404,15118,
03:24:29,https://docs.oracle.com/en-us/iaas/Content/dbms_cloud_oci_km_ekm_t.html,404,15118,
03:24:30,https://docs.oracle.com/en-us/iaas/Content/dbms_cloud_oci_km_kms_crypto.html,404,15118,
03:24:31,https://docs.oracle.com/en-us/iaas/Content/dbms_cloud_oci_km_kms_crypto_t.html,404,15118,
03:24:32,https://docs.oracle.com/en-us/iaas/Content/dbms_cloud_oci_km_kms_management.html,404,15118,
03:24:34,https://docs.oracle.com/en-us/iaas/Content/dbms_cloud_oci_km_kms_management_t.html,404,15118,
03:24:35,https://docs.oracle.com/en-us/iaas/Content/dbms_cloud_oci_km_kms_vault.html,404,15118,
03:24:37,https://docs.oracle.com/en-us/iaas/Content/dbms_cloud_oci_km_kms_vault_t.html,404,15118,
03:24:38,https://docs.oracle.com/en-us/iaas/Content/dbms_cloud_oci_lb_load_balancer.html,404,15118,
03:24:40,https://docs.oracle.com/en-us/iaas/Content/dbms_cloud_oci_lb_load_balancer_t.html,404,15118,
03:24:41,https://docs.oracle.com/en-us/iaas/Content/dbms_cloud_oci_lbx_lockbox.html,404,15118,
03:24:42,https://docs.oracle.com/en-us/iaas/Content/dbms_cloud_oci_lbx_lockbox_t.html,404,15118,
03:24:43,https://docs.oracle.com/en-us/iaas/Content/dbms_cloud_oci_lim_license_manager.html,404,15118,
03:24:44,https://docs.oracle.com/en-us/iaas/Content/dbms_cloud_oci_lim_license_manager_t.html,404,15118,
03:24:46,https://docs.oracle.com/en-us/iaas/Content/dbms_cloud_oci_lm_limits.html,404,15118,
03:24:47,https://docs.oracle.com/en-us/iaas/Content/dbms_cloud_oci_lm_limits_t.html,404,15118,
03:24:48,https://docs.oracle.com/en-us/iaas/Content/dbms_cloud_oci_lm_quotas.html,404,15118,
03:24:49,https://docs.oracle.com/en-us/iaas/Content/dbms_cloud_oci_lm_quotas_t.html,404,15118,
03:24:51,https://docs.oracle.com/en-us/iaas/Content/dbms_cloud_oci_log_logging_management.html,404,15118,
03:24:52,https://docs.oracle.com/en-us/iaas/Content/dbms_cloud_oci_log_logging_management_t.html,404,15118,
03:24:53,https://docs.oracle.com/en-us/iaas/Content/dbms_cloud_oci_logi_logging.html,404,15118,
03:24:55,https://docs.oracle.com/en-us/iaas/Content/dbms_cloud_oci_logi_logging_t.html,404,15118,
03:24:56,https://docs.oracle.com/en-us/iaas/Content/dbms_cloud_oci_logsrch_log_search.html,404,15118,
03:24:57,https://docs.oracle.com/en-us/iaas/Content/dbms_cloud_oci_logsrch_log_search_t.html,404,15118,
03:24:59,https://docs.oracle.com/en-us/iaas/Content/dbms_cloud_oci_ma_management_agent.html,404,15118,
03:25:00,https://docs.oracle.com/en-us/iaas/Content/dbms_cloud_oci_ma_management_agent_t.html,404,15118,
03:25:01,https://docs.oracle.com/en-us/iaas/Content/dbms_cloud_oci_md_dashx_apis.html,404,15118,
03:25:02,https://docs.oracle.com/en-us/iaas/Content/dbms_cloud_oci_md_dashx_apis_t.html,404,15118,
03:25:03,https://docs.oracle.com/en-us/iaas/Content/dbms_cloud_oci_mds_media_services.html,404,15118,
03:25:05,https://docs.oracle.com/en-us/iaas/Content/dbms_cloud_oci_mds_media_services_t.html,404,15118,
03:25:06,https://docs.oracle.com/en-us/iaas/Content/dbms_cloud_oci_mds_media_stream.html,404,15118,
03:25:07,https://docs.oracle.com/en-us/iaas/Content/dbms_cloud_oci_mds_media_stream_t.html,404,15118,
03:25:08,https://docs.oracle.com/en-us/iaas/Content/dbms_cloud_oci_mn_monitoring.html,404,15118,
03:25:10,https://docs.oracle.com/en-us/iaas/Content/dbms_cloud_oci_mn_monitoring_t.html,404,15118,
03:25:11,https://docs.oracle.com/en-us/iaas/Content/dbms_cloud_oci_mp_account.html,404,15118,
03:25:12,https://docs.oracle.com/en-us/iaas/Content/dbms_cloud_oci_mp_account_t.html,404,15118,
03:25:14,https://docs.oracle.com/en-us/iaas/Content/dbms_cloud_oci_mp_marketplace.html,404,15118,
03:25:15,https://docs.oracle.com/en-us/iaas/Content/dbms_cloud_oci_mp_marketplace_t.html,404,15118,
03:25:16,https://docs.oracle.com/en-us/iaas/Content/dbms_cloud_oci_mpp_marketplace_publisher.html,404,15118,
03:25:18,https://docs.oracle.com/en-us/iaas/Content/dbms_cloud_oci_mpp_marketplace_publisher_t.html,404,15118,
03:25:19,https://docs.oracle.com/en-us/iaas/Content/dbms_cloud_oci_ms_channels.html,404,15118,
03:25:20,https://docs.oracle.com/en-us/iaas/Content/dbms_cloud_oci_ms_channels_t.html,404,15118,
03:25:21,https://docs.oracle.com/en-us/iaas/Content/dbms_cloud_oci_ms_db_backups.html,404,15118,
03:25:23,https://docs.oracle.com/en-us/iaas/Content/dbms_cloud_oci_ms_db_backups_t.html,404,15118,
03:25:24,https://docs.oracle.com/en-us/iaas/Content/dbms_cloud_oci_ms_db_system.html,404,15118,
03:25:25,https://docs.oracle.com/en-us/iaas/Content/dbms_cloud_oci_ms_db_system_t.html,404,15118,
03:25:27,https://docs.oracle.com/en-us/iaas/Content/dbms_cloud_oci_ms_mysqlaas.html,404,15118,
03:25:28,https://docs.oracle.com/en-us/iaas/Content/dbms_cloud_oci_ms_mysqlaas_t.html,404,15118,
03:25:29,https://docs.oracle.com/en-us/iaas/Content/dbms_cloud_oci_ms_replicas.html,404,15118,
03:25:30,https://docs.oracle.com/en-us/iaas/Content/dbms_cloud_oci_ms_replicas_t.html,404,15118,
03:25:32,https://docs.oracle.com/en-us/iaas/Content/dbms_cloud_oci_ms_work_requests.html,404,15118,
03:25:33,https://docs.oracle.com/en-us/iaas/Content/dbms_cloud_oci_ms_work_requests_t.html,404,15118,
03:25:34,https://docs.oracle.com/en-us/iaas/Content/dbms_cloud_oci_nf_network_firewall.html,404,15118,
03:25:36,https://docs.oracle.com/en-us/iaas/Content/dbms_cloud_oci_nf_network_firewall_t.html,404,15118,
03:25:37,https://docs.oracle.com/en-us/iaas/Content/dbms_cloud_oci_nlb_network_load_balancer.html,404,15118,
03:25:38,https://docs.oracle.com/en-us/iaas/Content/dbms_cloud_oci_nlb_network_load_balancer_t.html,404,15118,
03:25:40,https://docs.oracle.com/en-us/iaas/Content/dbms_cloud_oci_ns_nosql.html,404,15118,
03:25:41,https://docs.oracle.com/en-us/iaas/Content/dbms_cloud_oci_ns_nosql_t.html,404,15118,
03:25:42,https://docs.oracle.com/en-us/iaas/Content/dbms_cloud_oci_oac_access_requests.html,404,15118,
03:25:44,https://docs.oracle.com/en-us/iaas/Content/dbms_cloud_oci_oac_access_requests_t.html,404,15118,
03:25:45,https://docs.oracle.com/en-us/iaas/Content/dbms_cloud_oci_oac_operator_actions.html,404,15118,
03:25:46,https://docs.oracle.com/en-us/iaas/Content/dbms_cloud_oci_oac_operator_actions_t.html,404,15118,
03:25:47,https://docs.oracle.com/en-us/iaas/Content/dbms_cloud_oci_oac_operator_control.html,404,15118,
03:25:49,https://docs.oracle.com/en-us/iaas/Content/dbms_cloud_oci_oac_operator_control_assignment.html,404,15118,
03:25:50,https://docs.oracle.com/en-us/iaas/Content/dbms_cloud_oci_oac_operator_control_assignment_t.html,404,15118,
03:25:52,https://docs.oracle.com/en-us/iaas/Content/dbms_cloud_oci_oac_operator_control_t.html,404,15118,
03:25:53,https://docs.oracle.com/en-us/iaas/Content/dbms_cloud_oci_obs_object_storage.html,404,15118,
03:25:54,https://docs.oracle.com/en-us/iaas/Content/dbms_cloud_oci_obs_object_storage_t.html,404,15118,
03:25:55,https://docs.oracle.com/en-us/iaas/Content/dbms_cloud_oci_occ_occ_metrics.html,404,15118,
03:25:56,https://docs.oracle.com/en-us/iaas/Content/dbms_cloud_oci_occ_occ_metrics_t.html,404,15118,
03:25:58,https://docs.oracle.com/en-us/iaas/Content/dbms_cloud_oci_oce_oce_instance.html,404,15118,
03:25:59,https://docs.oracle.com/en-us/iaas/Content/dbms_cloud_oci_oce_oce_instance_t.html,404,15118,
03:26:00,https://docs.oracle.com/en-us/iaas/Content/dbms_cloud_oci_oda_management.html,404,15118,
03:26:01,https://docs.oracle.com/en-us/iaas/Content/dbms_cloud_oci_oda_management_t.html,404,15118,
03:26:02,https://docs.oracle.com/en-us/iaas/Content/dbms_cloud_oci_oda_oda.html,404,15118,
03:26:04,https://docs.oracle.com/en-us/iaas/Content/dbms_cloud_oci_oda_oda_t.html,404,15118,
03:26:05,https://docs.oracle.com/en-us/iaas/Content/dbms_cloud_oci_oda_odapackage.html,404,15118,
03:26:06,https://docs.oracle.com/en-us/iaas/Content/dbms_cloud_oci_oda_odapackage_t.html,404,15118,
03:26:07,https://docs.oracle.com/en-us/iaas/Content/dbms_cloud_oci_og_address_rule_service.html,404,15118,
03:26:08,https://docs.oracle.com/en-us/iaas/Content/dbms_cloud_oci_og_address_rule_service_t.html,404,15118,
03:26:10,https://docs.oracle.com/en-us/iaas/Content/dbms_cloud_oci_og_address_service.html,404,15118,
03:26:11,https://docs.oracle.com/en-us/iaas/Content/dbms_cloud_oci_og_address_service_t.html,404,15118,
03:26:12,https://docs.oracle.com/en-us/iaas/Content/dbms_cloud_oci_og_invoice_service.html,404,15118,
03:26:14,https://docs.oracle.com/en-us/iaas/Content/dbms_cloud_oci_og_invoice_service_t.html,404,15118,
03:26:15,https://docs.oracle.com/en-us/iaas/Content/dbms_cloud_oci_og_subscription_service.html,404,15118,
03:26:16,https://docs.oracle.com/en-us/iaas/Content/dbms_cloud_oci_og_subscription_service_t.html,404,15118,
03:26:17,https://docs.oracle.com/en-us/iaas/Content/dbms_cloud_oci_om_event.html,404,15118,
03:26:19,https://docs.oracle.com/en-us/iaas/Content/dbms_cloud_oci_om_event_t.html,404,15118,
03:26:20,https://docs.oracle.com/en-us/iaas/Content/dbms_cloud_oci_om_os_management.html,404,15118,
03:26:21,https://docs.oracle.com/en-us/iaas/Content/dbms_cloud_oci_om_os_management_t.html,404,15118,
03:26:23,https://docs.oracle.com/en-us/iaas/Content/dbms_cloud_oci_omh_lifecycle_environment.html,404,15118,
03:26:24,https://docs.oracle.com/en-us/iaas/Content/dbms_cloud_oci_omh_lifecycle_environment_t.html,404,15118,
03:26:26,https://docs.oracle.com/en-us/iaas/Content/dbms_cloud_oci_omh_managed_instance.html,404,15118,
03:26:27,https://docs.oracle.com/en-us/iaas/Content/dbms_cloud_oci_omh_managed_instance_group.html,404,15118,
03:26:29,https://docs.oracle.com/en-us/iaas/Content/dbms_cloud_oci_omh_managed_instance_group_t.html,404,15118,
03:26:30,https://docs.oracle.com/en-us/iaas/Content/dbms_cloud_oci_omh_managed_instance_t.html,404,15118,
03:26:31,https://docs.oracle.com/en-us/iaas/Content/dbms_cloud_oci_omh_management_station.html,404,15118,
03:26:33,https://docs.oracle.com/en-us/iaas/Content/dbms_cloud_oci_omh_management_station_t.html,404,15118,
03:26:34,https://docs.oracle.com/en-us/iaas/Content/dbms_cloud_oci_omh_onboarding.html,404,15118,
03:26:35,https://docs.oracle.com/en-us/iaas/Content/dbms_cloud_oci_omh_onboarding_t.html,404,15118,
03:26:36,https://docs.oracle.com/en-us/iaas/Content/dbms_cloud_oci_omh_reporting_managed_instance.html,404,15118,
03:26:38,https://docs.oracle.com/en-us/iaas/Content/dbms_cloud_oci_omh_reporting_managed_instance_t.html,404,15118,
03:26:39,https://docs.oracle.com/en-us/iaas/Content/dbms_cloud_oci_omh_scheduled_job.html,404,15118,
03:26:41,https://docs.oracle.com/en-us/iaas/Content/dbms_cloud_oci_omh_scheduled_job_t.html,404,15118,
03:26:42,https://docs.oracle.com/en-us/iaas/Content/dbms_cloud_oci_omh_software_source.html,404,15118,
03:26:43,https://docs.oracle.com/en-us/iaas/Content/dbms_cloud_oci_omh_software_source_t.html,404,15118,
03:26:45,https://docs.oracle.com/en-us/iaas/Content/dbms_cloud_oci_omh_work_request.html,404,15118,
03:26:46,https://docs.oracle.com/en-us/iaas/Content/dbms_cloud_oci_omh_work_request_t.html,404,15118,
03:26:47,https://docs.oracle.com/en-us/iaas/Content/dbms_cloud_oci_ons_notification_control_plane.html,404,15118,
03:26:49,https://docs.oracle.com/en-us/iaas/Content/dbms_cloud_oci_ons_notification_control_plane_t.html,404,15118,
03:26:50,https://docs.oracle.com/en-us/iaas/Content/dbms_cloud_oci_ons_notification_data_plane.html,404,15118,
03:26:52,https://docs.oracle.com/en-us/iaas/Content/dbms_cloud_oci_ons_notification_data_plane_t.html,404,15118,
03:26:53,https://docs.oracle.com/en-us/iaas/Content/dbms_cloud_oci_op_optimizer.html,404,15118,
03:26:55,https://docs.oracle.com/en-us/iaas/Content/dbms_cloud_oci_op_optimizer_t.html,404,15118,
03:26:56,https://docs.oracle.com/en-us/iaas/Content/dbms_cloud_oci_opa_opa_instance.html,404,15118,
03:26:57,https://docs.oracle.com/en-us/iaas/Content/dbms_cloud_oci_opa_opa_instance_t.html,404,15118,
03:26:59,https://docs.oracle.com/en-us/iaas/Content/dbms_cloud_oci_ops_opensearch_cluster.html,404,15118,
03:27:00,https://docs.oracle.com/en-us/iaas/Content/dbms_cloud_oci_ops_opensearch_cluster_backup.html,404,15118,
03:27:01,https://docs.oracle.com/en-us/iaas/Content/dbms_cloud_oci_ops_opensearch_cluster_backup_t.html,404,15118,
03:27:03,https://docs.oracle.com/en-us/iaas/Content/dbms_cloud_oci_ops_opensearch_cluster_t.html,404,15118,
03:27:04,https://docs.oracle.com/en-us/iaas/Content/dbms_cloud_oci_opsi_operations_insights.html,404,15118,
03:27:06,https://docs.oracle.com/en-us/iaas/Content/dbms_cloud_oci_opsi_operations_insights_t.html,404,15118,
03:27:07,https://docs.oracle.com/en-us/iaas/Content/dbms_cloud_oci_os_billing_schedule.html,404,15118,
03:27:08,https://docs.oracle.com/en-us/iaas/Content/dbms_cloud_oci_os_billing_schedule_t.html,404,15118,
03:27:09,https://docs.oracle.com/en-us/iaas/Content/dbms_cloud_oci_os_commitment.html,404,15118,
03:27:11,https://docs.oracle.com/en-us/iaas/Content/dbms_cloud_oci_os_commitment_t.html,404,15118,
03:27:12,https://docs.oracle.com/en-us/iaas/Content/dbms_cloud_oci_os_computed_usage.html,404,15118,
03:27:13,https://docs.oracle.com/en-us/iaas/Content/dbms_cloud_oci_os_computed_usage_t.html,404,15118,
03:27:14,https://docs.oracle.com/en-us/iaas/Content/dbms_cloud_oci_os_invoice_summary.html,404,15118,
03:27:16,https://docs.oracle.com/en-us/iaas/Content/dbms_cloud_oci_os_invoice_summary_t.html,404,15118,
03:27:18,https://docs.oracle.com/en-us/iaas/Content/dbms_cloud_oci_os_organization_subscription.html,404,15118,
03:27:19,https://docs.oracle.com/en-us/iaas/Content/dbms_cloud_oci_os_organization_subscription_t.html,404,15118,
03:27:21,https://docs.oracle.com/en-us/iaas/Content/dbms_cloud_oci_os_ratecard.html,404,15118,
03:27:22,https://docs.oracle.com/en-us/iaas/Content/dbms_cloud_oci_os_ratecard_t.html,404,15118,
03:27:23,https://docs.oracle.com/en-us/iaas/Content/dbms_cloud_oci_os_subscribed_service.html,404,15118,
03:27:24,https://docs.oracle.com/en-us/iaas/Content/dbms_cloud_oci_os_subscribed_service_t.html,404,15118,
03:27:26,https://docs.oracle.com/en-us/iaas/Content/dbms_cloud_oci_os_subscription.html,404,15118,
03:27:27,https://docs.oracle.com/en-us/iaas/Content/dbms_cloud_oci_os_subscription_t.html,404,15118,
03:27:28,https://docs.oracle.com/en-us/iaas/Content/dbms_cloud_oci_osb_billing_schedule.html,404,15118,
03:27:30,https://docs.oracle.com/en-us/iaas/Content/dbms_cloud_oci_osb_billing_schedule_t.html,404,15118,
03:27:31,https://docs.oracle.com/en-us/iaas/Content/dbms_cloud_oci_osos_organization_subscription.html,404,15118,
03:27:32,https://docs.oracle.com/en-us/iaas/Content/dbms_cloud_oci_osos_organization_subscription_t.html,404,15118,
03:27:33,https://docs.oracle.com/en-us/iaas/Content/dbms_cloud_oci_oss_commitment.html,404,15118,
03:27:34,https://docs.oracle.com/en-us/iaas/Content/dbms_cloud_oci_oss_commitment_t.html,404,15118,
03:27:35,https://docs.oracle.com/en-us/iaas/Content/dbms_cloud_oci_oss_ratecard.html,404,15118,
03:27:36,https://docs.oracle.com/en-us/iaas/Content/dbms_cloud_oci_oss_ratecard_t.html,404,15118,
03:27:38,https://docs.oracle.com/en-us/iaas/Content/dbms_cloud_oci_oss_subscription.html,404,15118,
03:27:39,https://docs.oracle.com/en-us/iaas/Content/dbms_cloud_oci_oss_subscription_t.html,404,15118,
03:27:40,https://docs.oracle.com/en-us/iaas/Content/dbms_cloud_oci_osu_computed_usage.html,404,15118,
03:27:42,https://docs.oracle.com/en-us/iaas/Content/dbms_cloud_oci_osu_computed_usage_t.html,404,15118,
03:27:43,https://docs.oracle.com/en-us/iaas/Content/dbms_cloud_oci_ov_cluster.html,404,15118,
03:27:45,https://docs.oracle.com/en-us/iaas/Content/dbms_cloud_oci_ov_cluster_t.html,404,15118,
03:27:46,https://docs.oracle.com/en-us/iaas/Content/dbms_cloud_oci_ov_esxi_host.html,404,15118,
03:27:47,https://docs.oracle.com/en-us/iaas/Content/dbms_cloud_oci_ov_esxi_host_t.html,404,15118,
03:27:49,https://docs.oracle.com/en-us/iaas/Content/dbms_cloud_oci_ov_sddc.html,404,15118,
03:27:50,https://docs.oracle.com/en-us/iaas/Content/dbms_cloud_oci_ov_sddc_t.html,404,15118,
03:27:52,https://docs.oracle.com/en-us/iaas/Content/dbms_cloud_oci_ov_work_request.html,404,15118,
03:27:53,https://docs.oracle.com/en-us/iaas/Content/dbms_cloud_oci_ov_work_request_t.html,404,15118,
03:27:54,https://docs.oracle.com/en-us/iaas/Content/dbms_cloud_oci_psql_postgresql.html,404,15118,
03:27:55,https://docs.oracle.com/en-us/iaas/Content/dbms_cloud_oci_psql_postgresql_t.html,404,15118,
03:27:56,https://docs.oracle.com/en-us/iaas/Content/dbms_cloud_oci_q_queue.html,404,15118,
03:27:58,https://docs.oracle.com/en-us/iaas/Content/dbms_cloud_oci_q_queue_admin.html,404,15118,
03:27:59,https://docs.oracle.com/en-us/iaas/Content/dbms_cloud_oci_q_queue_admin_t.html,404,15118,
03:28:00,https://docs.oracle.com/en-us/iaas/Content/dbms_cloud_oci_q_queue_t.html,404,15118,
03:28:02,https://docs.oracle.com/en-us/iaas/Content/dbms_cloud_oci_r_database_recovery.html,404,15118,
03:28:03,https://docs.oracle.com/en-us/iaas/Content/dbms_cloud_oci_r_database_recovery_t.html,404,15118,
03:28:04,https://docs.oracle.com/en-us/iaas/Content/dbms_cloud_oci_rd_redis_cluster.html,404,15118,
03:28:05,https://docs.oracle.com/en-us/iaas/Content/dbms_cloud_oci_rd_redis_cluster_t.html,404,15118,
03:28:07,https://docs.oracle.com/en-us/iaas/Content/dbms_cloud_oci_rm_resource_manager.html,404,15118,
03:28:08,https://docs.oracle.com/en-us/iaas/Content/dbms_cloud_oci_rm_resource_manager_t.html,404,15118,
03:28:09,https://docs.oracle.com/en-us/iaas/Content/dbms_cloud_oci_rs_resource_search.html,404,15118,
03:28:11,https://docs.oracle.com/en-us/iaas/Content/dbms_cloud_oci_rs_resource_search_t.html,404,15118,
03:28:12,https://docs.oracle.com/en-us/iaas/Content/dbms_cloud_oci_rv_rover_bundle.html,404,15118,
03:28:14,https://docs.oracle.com/en-us/iaas/Content/dbms_cloud_oci_rv_rover_bundle_t.html,404,15118,
03:28:15,https://docs.oracle.com/en-us/iaas/Content/dbms_cloud_oci_rv_rover_cluster.html,404,15118,
03:28:16,https://docs.oracle.com/en-us/iaas/Content/dbms_cloud_oci_rv_rover_cluster_t.html,404,15118,
03:28:18,https://docs.oracle.com/en-us/iaas/Content/dbms_cloud_oci_rv_rover_entitlement.html,404,15118,
03:28:19,https://docs.oracle.com/en-us/iaas/Content/dbms_cloud_oci_rv_rover_entitlement_t.html,404,15118,
03:28:20,https://docs.oracle.com/en-us/iaas/Content/dbms_cloud_oci_rv_rover_node.html,404,15118,
03:28:21,https://docs.oracle.com/en-us/iaas/Content/dbms_cloud_oci_rv_rover_node_t.html,404,15118,
03:28:22,https://docs.oracle.com/en-us/iaas/Content/dbms_cloud_oci_rv_shape.html,404,15118,
03:28:24,https://docs.oracle.com/en-us/iaas/Content/dbms_cloud_oci_rv_shape_t.html,404,15118,
03:28:25,https://docs.oracle.com/en-us/iaas/Content/dbms_cloud_oci_rv_work_requests.html,404,15118,
03:28:26,https://docs.oracle.com/en-us/iaas/Content/dbms_cloud_oci_rv_work_requests_t.html,404,15118,
03:28:28,https://docs.oracle.com/en-us/iaas/Content/dbms_cloud_oci_sc_secrets.html,404,15118,
03:28:29,https://docs.oracle.com/en-us/iaas/Content/dbms_cloud_oci_sc_secrets_t.html,404,15118,
03:28:30,https://docs.oracle.com/en-us/iaas/Content/dbms_cloud_oci_sch_service_connector.html,404,15118,
03:28:31,https://docs.oracle.com/en-us/iaas/Content/dbms_cloud_oci_sch_service_connector_t.html,404,15118,
03:28:33,https://docs.oracle.com/en-us/iaas/Content/dbms_cloud_oci_smon_stack_monitoring.html,404,15118,
03:28:34,https://docs.oracle.com/en-us/iaas/Content/dbms_cloud_oci_smon_stack_monitoring_t.html,404,15118,
03:28:35,https://docs.oracle.com/en-us/iaas/Content/dbms_cloud_oci_smp_service_manager_proxy.html,404,15118,
03:28:36,https://docs.oracle.com/en-us/iaas/Content/dbms_cloud_oci_smp_service_manager_proxy_t.html,404,15118,
03:28:38,https://docs.oracle.com/en-us/iaas/Content/dbms_cloud_oci_st_stream.html,404,15118,
03:28:39,https://docs.oracle.com/en-us/iaas/Content/dbms_cloud_oci_st_stream_admin.html,404,15118,
03:28:40,https://docs.oracle.com/en-us/iaas/Content/dbms_cloud_oci_st_stream_admin_t.html,404,15118,
03:28:42,https://docs.oracle.com/en-us/iaas/Content/dbms_cloud_oci_st_stream_t.html,404,15118,
03:28:43,https://docs.oracle.com/en-us/iaas/Content/dbms_cloud_oci_svc_service_catalog.html,404,15118,
03:28:45,https://docs.oracle.com/en-us/iaas/Content/dbms_cloud_oci_svc_service_catalog_t.html,404,15118,
03:28:46,https://docs.oracle.com/en-us/iaas/Content/dbms_cloud_oci_svm_service_mesh.html,404,15118,
03:28:47,https://docs.oracle.com/en-us/iaas/Content/dbms_cloud_oci_svm_service_mesh_t.html,404,15118,
03:28:49,https://docs.oracle.com/en-us/iaas/Content/dbms_cloud_oci_ti_threatintel.html,404,15118,
03:28:50,https://docs.oracle.com/en-us/iaas/Content/dbms_cloud_oci_ti_threatintel_t.html,404,15118,
03:28:52,https://docs.oracle.com/en-us/iaas/Content/dbms_cloud_oci_tmcp_domain.html,404,15118,
03:28:53,https://docs.oracle.com/en-us/iaas/Content/dbms_cloud_oci_tmcp_domain_governance.html,404,15118,
03:28:55,https://docs.oracle.com/en-us/iaas/Content/dbms_cloud_oci_tmcp_domain_governance_t.html,404,15118,
03:28:56,https://docs.oracle.com/en-us/iaas/Content/dbms_cloud_oci_tmcp_domain_t.html,404,15118,
03:28:58,https://docs.oracle.com/en-us/iaas/Content/dbms_cloud_oci_tmcp_governance.html,404,15118,
03:28:59,https://docs.oracle.com/en-us/iaas/Content/dbms_cloud_oci_tmcp_governance_t.html,404,15118,
03:29:00,https://docs.oracle.com/en-us/iaas/Content/dbms_cloud_oci_tmcp_link.html,404,15118,
03:29:01,https://docs.oracle.com/en-us/iaas/Content/dbms_cloud_oci_tmcp_link_t.html,404,15118,
03:29:02,https://docs.oracle.com/en-us/iaas/Content/dbms_cloud_oci_tmcp_orders.html,404,15118,
03:29:03,https://docs.oracle.com/en-us/iaas/Content/dbms_cloud_oci_tmcp_orders_t.html,404,15118,
03:29:04,https://docs.oracle.com/en-us/iaas/Content/dbms_cloud_oci_tmcp_organization.html,404,15118,
03:29:06,https://docs.oracle.com/en-us/iaas/Content/dbms_cloud_oci_tmcp_organization_t.html,404,15118,
03:29:07,https://docs.oracle.com/en-us/iaas/Content/dbms_cloud_oci_tmcp_recipient_invitation.html,404,15118,
03:29:08,https://docs.oracle.com/en-us/iaas/Content/dbms_cloud_oci_tmcp_recipient_invitation_t.html,404,15118,
03:29:09,https://docs.oracle.com/en-us/iaas/Content/dbms_cloud_oci_tmcp_sender_invitation.html,404,15118,
03:29:11,https://docs.oracle.com/en-us/iaas/Content/dbms_cloud_oci_tmcp_sender_invitation_t.html,404,15118,
03:29:12,https://docs.oracle.com/en-us/iaas/Content/dbms_cloud_oci_tmcp_subscription.html,404,15118,
03:29:13,https://docs.oracle.com/en-us/iaas/Content/dbms_cloud_oci_tmcp_subscription_t.html,404,15118,
03:29:14,https://docs.oracle.com/en-us/iaas/Content/dbms_cloud_oci_tmcp_work_request.html,404,15118,
03:29:15,https://docs.oracle.com/en-us/iaas/Content/dbms_cloud_oci_tmcp_work_request_t.html,404,15118,
03:29:17,https://docs.oracle.com/en-us/iaas/Content/dbms_cloud_oci_ua_usageapi.html,404,15118,
03:29:18,https://docs.oracle.com/en-us/iaas/Content/dbms_cloud_oci_ua_usageapi_t.html,404,15118,
03:29:20,https://docs.oracle.com/en-us/iaas/Content/dbms_cloud_oci_us_resources.html,404,15118,
03:29:21,https://docs.oracle.com/en-us/iaas/Content/dbms_cloud_oci_us_resources_t.html,404,15118,
03:29:23,https://docs.oracle.com/en-us/iaas/Content/dbms_cloud_oci_us_rewards.html,404,15118,
03:29:24,https://docs.oracle.com/en-us/iaas/Content/dbms_cloud_oci_us_rewards_t.html,404,15118,
03:29:25,https://docs.oracle.com/en-us/iaas/Content/dbms_cloud_oci_us_usagelimits.html,404,15118,
03:29:26,https://docs.oracle.com/en-us/iaas/Content/dbms_cloud_oci_us_usagelimits_t.html,404,15118,
03:29:27,https://docs.oracle.com/en-us/iaas/Content/dbms_cloud_oci_vb_vb_instance.html,404,15118,
03:29:28,https://docs.oracle.com/en-us/iaas/Content/dbms_cloud_oci_vb_vb_instance_t.html,404,15118,
03:29:30,https://docs.oracle.com/en-us/iaas/Content/dbms_cloud_oci_vbi_vbs_instance.html,404,15118,
03:29:31,https://docs.oracle.com/en-us/iaas/Content/dbms_cloud_oci_vbi_vbs_instance_t.html,404,15118,
03:29:33,https://docs.oracle.com/en-us/iaas/Content/dbms_cloud_oci_vnm_vn_monitoring.html,404,15118,
03:29:34,https://docs.oracle.com/en-us/iaas/Content/dbms_cloud_oci_vnm_vn_monitoring_t.html,404,15118,
03:29:36,https://docs.oracle.com/en-us/iaas/Content/dbms_cloud_oci_vs_vulnerability_scanning.html,404,15118,
03:29:37,https://docs.oracle.com/en-us/iaas/Content/dbms_cloud_oci_vs_vulnerability_scanning_t.html,404,15118,
03:29:38,https://docs.oracle.com/en-us/iaas/Content/dbms_cloud_oci_vt_vaults.html,404,15118,
03:29:39,https://docs.oracle.com/en-us/iaas/Content/dbms_cloud_oci_vt_vaults_t.html,404,15118,
03:29:41,https://docs.oracle.com/en-us/iaas/Content/dbms_cloud_oci_waa_waa.html,404,15118,
03:29:42,https://docs.oracle.com/en-us/iaas/Content/dbms_cloud_oci_waa_waa_t.html,404,15118,
03:29:43,https://docs.oracle.com/en-us/iaas/Content/dbms_cloud_oci_waa_work_request.html,404,15118,
03:29:44,https://docs.oracle.com/en-us/iaas/Content/dbms_cloud_oci_waa_work_request_t.html,404,15118,
03:29:46,https://docs.oracle.com/en-us/iaas/Content/dbms_cloud_oci_waf_waf.html,404,15118,
03:29:47,https://docs.oracle.com/en-us/iaas/Content/dbms_cloud_oci_waf_waf_t.html,404,15118,
03:29:48,https://docs.oracle.com/en-us/iaas/Content/dbms_cloud_oci_wr_work_request.html,404,15118,
03:29:49,https://docs.oracle.com/en-us/iaas/Content/dbms_cloud_oci_wr_work_request_t.html,404,15118,
03:29:50,https://docs.oracle.com/en-us/iaas/Content/dbms_cloud_oci_ws_redirect.html,404,15118,
03:29:52,https://docs.oracle.com/en-us/iaas/Content/dbms_cloud_oci_ws_redirect_t.html,404,15118,
03:29:53,https://docs.oracle.com/en-us/iaas/Content/dbms_cloud_oci_ws_waas.html,404,15118,
03:29:54,https://docs.oracle.com/en-us/iaas/Content/dbms_cloud_oci_ws_waas_t.html,404,15118,
03:29:55,https://docs.oracle.com/en-us/iaas/Content/dedicated/alloy/alloy-business-reporting.htm,200,12425,dedicated__alloy__alloy-business-reporting.md
03:29:56,https://docs.oracle.com/en-us/iaas/Content/dedicated/alloy/alloy-reserved-regions.htm,200,9449,dedicated__alloy__alloy-reserved-regions.md
03:29:57,https://docs.oracle.com/en-us/iaas/Content/dedicated/alloy/apis.htm,200,24934,dedicated__alloy__apis.md
03:29:58,https://docs.oracle.com/en-us/iaas/Content/dedicated/alloy/branding.htm,200,7960,dedicated__alloy__branding.md
03:29:59,https://docs.oracle.com/en-us/iaas/Content/dedicated/alloy/change-management.htm,200,11041,dedicated__alloy__change-management.md
03:30:00,https://docs.oracle.com/en-us/iaas/Content/dedicated/alloy/commercial-systems.htm,200,5889,dedicated__alloy__commercial-systems.md
03:30:01,https://docs.oracle.com/en-us/iaas/Content/dedicated/alloy/customer-support.htm,200,13678,dedicated__alloy__customer-support.md
03:30:02,https://docs.oracle.com/en-us/iaas/Content/dedicated/alloy/disaster-recovery.htm,200,6360,dedicated__alloy__disaster-recovery.md
03:30:03,https://docs.oracle.com/en-us/iaas/Content/dedicated/alloy/fusion-administration-for-oracle-alloy.htm,200,12963,dedicated__alloy__fusion-administration-for-oracle-alloy.md
03:30:04,https://docs.oracle.com/en-us/iaas/Content/dedicated/alloy/fusion-pricing-administration.htm,200,8827,dedicated__alloy__fusion-pricing-administration.md
03:30:06,https://docs.oracle.com/en-us/iaas/Content/dedicated/alloy/marketplace.htm,200,8547,dedicated__alloy__marketplace.md
03:30:06,https://docs.oracle.com/en-us/iaas/Content/dedicated/alloy/notifications.htm,200,14197,dedicated__alloy__notifications.md
03:30:07,https://docs.oracle.com/en-us/iaas/Content/dedicated/alloy/operator-console.htm,200,6199,dedicated__alloy__operator-console.md
03:30:08,https://docs.oracle.com/en-us/iaas/Content/dedicated/alloy/oracle-alloy-architecture.htm,200,7859,dedicated__alloy__oracle-alloy-architecture.md
03:30:10,https://docs.oracle.com/en-us/iaas/Content/dedicated/alloy/oracle-alloy-billing.htm,200,6848,dedicated__alloy__oracle-alloy-billing.md
03:30:11,https://docs.oracle.com/en-us/iaas/Content/dedicated/alloy/oracle-alloy-overview.htm,200,7720,dedicated__alloy__oracle-alloy-overview.md
03:30:12,https://docs.oracle.com/en-us/iaas/Content/dedicated/alloy/oracle-alloy-pricing.htm,200,6592,dedicated__alloy__oracle-alloy-pricing.md
03:30:13,https://docs.oracle.com/en-us/iaas/Content/dedicated/alloy/roles-and-responsibilities.htm,200,14982,dedicated__alloy__roles-and-responsibilities.md
03:30:15,https://docs.oracle.com/en-us/iaas/Content/dedicated/alloy/security.htm,200,18992,dedicated__alloy__security.md
03:30:16,https://docs.oracle.com/en-us/iaas/Content/dedicated/alloy/subscriptions.htm,200,9697,dedicated__alloy__subscriptions.md
03:30:17,https://docs.oracle.com/en-us/iaas/Content/dedicated/build-readiness-guide/access-control.htm,200,6246,dedicated__build-readiness-guide__access-control.md
03:30:18,https://docs.oracle.com/en-us/iaas/Content/dedicated/build-readiness-guide/capacity-requirements.htm,200,5996,dedicated__build-readiness-guide__capacity-requirements.md
03:30:19,https://docs.oracle.com/en-us/iaas/Content/dedicated/build-readiness-guide/conduit-pathway.htm,200,7420,dedicated__build-readiness-guide__conduit-pathway.md
03:30:20,https://docs.oracle.com/en-us/iaas/Content/dedicated/build-readiness-guide/dedicated-cloud-build-readiness.htm,200,6273,dedicated__build-readiness-guide__dedicated-cloud-build-readiness.md
03:30:22,https://docs.oracle.com/en-us/iaas/Content/dedicated/build-readiness-guide/facilities-environmental-health-and-safety.htm,200,12897,dedicated__build-readiness-guide__facilities-environmental-health-and-safety.md
03:30:23,https://docs.oracle.com/en-us/iaas/Content/dedicated/build-readiness-guide/fiber-optic-cabling.htm,200,6786,dedicated__build-readiness-guide__fiber-optic-cabling.md
03:30:24,https://docs.oracle.com/en-us/iaas/Content/dedicated/build-readiness-guide/information-for-design-review.htm,200,9366,dedicated__build-readiness-guide__information-for-design-review.md
03:30:25,https://docs.oracle.com/en-us/iaas/Content/dedicated/build-readiness-guide/meet-me-rooms.htm,200,7126,dedicated__build-readiness-guide__meet-me-rooms.md
03:30:26,https://docs.oracle.com/en-us/iaas/Content/dedicated/build-readiness-guide/operations-requirements.htm,200,6621,dedicated__build-readiness-guide__operations-requirements.md
03:30:28,https://docs.oracle.com/en-us/iaas/Content/dedicated/build-readiness-guide/physical-networking.htm,200,6744,dedicated__build-readiness-guide__physical-networking.md
03:30:29,https://docs.oracle.com/en-us/iaas/Content/dedicated/build-readiness-guide/physical-security-alarms.htm,200,6421,dedicated__build-readiness-guide__physical-security-alarms.md
03:30:30,https://docs.oracle.com/en-us/iaas/Content/dedicated/build-readiness-guide/physical-security.htm,200,6333,dedicated__build-readiness-guide__physical-security.md
03:30:31,https://docs.oracle.com/en-us/iaas/Content/dedicated/build-readiness-guide/security-monitoring.htm,200,5942,dedicated__build-readiness-guide__security-monitoring.md
03:30:32,https://docs.oracle.com/en-us/iaas/Content/dedicated/build-readiness-guide/security.htm,200,6226,dedicated__build-readiness-guide__security.md
03:30:34,https://docs.oracle.com/en-us/iaas/Content/dedicated/build-readiness-guide/site-readiness-overview.htm,200,8274,dedicated__build-readiness-guide__site-readiness-overview.md
03:30:35,https://docs.oracle.com/en-us/iaas/Content/dedicated/build-readiness-guide/support-space.htm,200,6747,dedicated__build-readiness-guide__support-space.md
03:30:36,https://docs.oracle.com/en-us/iaas/Content/dedicated/dedicated-cloud-architecture.htm,200,16033,dedicated__dedicated-cloud-architecture.md
03:30:37,https://docs.oracle.com/en-us/iaas/Content/dedicated/dedicated-region/apis.htm,200,27454,dedicated__dedicated-region__apis.md
03:30:38,https://docs.oracle.com/en-us/iaas/Content/dedicated/dedicated-region/business-reporting.htm,200,15284,dedicated__dedicated-region__business-reporting.md
03:30:39,https://docs.oracle.com/en-us/iaas/Content/dedicated/dedicated-region/capacity-management.htm,200,10457,dedicated__dedicated-region__capacity-management.md
03:30:40,https://docs.oracle.com/en-us/iaas/Content/dedicated/dedicated-region/change-management.htm,200,5997,dedicated__dedicated-region__change-management.md
03:30:41,https://docs.oracle.com/en-us/iaas/Content/dedicated/dedicated-region/customer-console-support-access-and-permissions.htm,200,7195,dedicated__dedicated-region__customer-console-support-access-and-permissions.md
03:30:42,https://docs.oracle.com/en-us/iaas/Content/dedicated/dedicated-region/customer-support-related-tasks-in-the-customer-console.htm,200,8336,dedicated__dedicated-region__customer-support-related-tasks-in-the-customer-console.md
03:30:43,https://docs.oracle.com/en-us/iaas/Content/dedicated/dedicated-region/customer-support.htm,200,8070,dedicated__dedicated-region__customer-support.md
03:30:44,https://docs.oracle.com/en-us/iaas/Content/dedicated/dedicated-region/dedicated-region-identity-access-management-iam.htm,200,26230,dedicated__dedicated-region__dedicated-region-identity-access-management-iam.md
03:30:46,https://docs.oracle.com/en-us/iaas/Content/dedicated/dedicated-region/dedicated-region-overview.htm,200,11233,dedicated__dedicated-region__dedicated-region-overview.md
03:30:47,https://docs.oracle.com/en-us/iaas/Content/dedicated/dedicated-region/dedicated-region-security.htm,200,28627,dedicated__dedicated-region__dedicated-region-security.md
03:30:49,https://docs.oracle.com/en-us/iaas/Content/dedicated/dedicated-region/disaster-recovery.htm,200,7577,dedicated__dedicated-region__disaster-recovery.md
03:30:50,https://docs.oracle.com/en-us/iaas/Content/dedicated/dedicated-region/fusion-support.htm,200,21521,dedicated__dedicated-region__fusion-support.md
03:30:50,https://docs.oracle.com/en-us/iaas/Content/dedicated/dedicated-region/marketplace.htm,200,7323,dedicated__dedicated-region__marketplace.md
03:30:52,https://docs.oracle.com/en-us/iaas/Content/dedicated/dedicated-region/multitenancy-support-model.htm,200,7248,dedicated__dedicated-region__multitenancy-support-model.md
03:30:53,https://docs.oracle.com/en-us/iaas/Content/dedicated/dedicated-region/operator-support-consoles-and-oracle-facing-escalation.htm,200,7198,dedicated__dedicated-region__operator-support-consoles-and-oracle-facing-escalation.md
03:30:54,https://docs.oracle.com/en-us/iaas/Content/dedicated/dedicated-region/order-management.htm,200,13250,dedicated__dedicated-region__order-management.md
03:30:55,https://docs.oracle.com/en-us/iaas/Content/dedicated/dedicated-region/roles-and-responsibilities.htm,200,7234,dedicated__dedicated-region__roles-and-responsibilities.md
03:30:56,https://docs.oracle.com/en-us/iaas/Content/dedicated/dedicated-region/service-request-readiness.htm,200,6626,dedicated__dedicated-region__service-request-readiness.md
03:30:57,https://docs.oracle.com/en-us/iaas/Content/dedicated/dedicated-region/subscriptions.htm,200,15897,dedicated__dedicated-region__subscriptions.md
03:30:58,https://docs.oracle.com/en-us/iaas/Content/dedicated/dedicated-region/tenancy-operating-model.htm,200,11010,dedicated__dedicated-region__tenancy-operating-model.md
03:30:59,https://docs.oracle.com/en-us/iaas/Content/developer/apache-on-oracle-linux/01-summary.htm,200,33591,developer__apache-on-oracle-linux__01-summary.md
03:31:00,https://docs.oracle.com/en-us/iaas/Content/developer/apache-on-ubuntu/01oci-ubuntu-apache-summary.htm,200,31467,developer__apache-on-ubuntu__01oci-ubuntu-apache-summary.md
03:31:02,https://docs.oracle.com/en-us/iaas/Content/developer/flask-cloud-shell/01oci-flask-shell-summary.htm,200,62169,developer__flask-cloud-shell__01oci-flask-shell-summary.md
03:31:03,https://docs.oracle.com/en-us/iaas/Content/developer/flask-on-ubuntu/01oci-ubuntu-flask-summary.htm,200,32446,developer__flask-on-ubuntu__01oci-ubuntu-flask-summary.md
03:31:04,https://docs.oracle.com/en-us/iaas/Content/developer/functions/func-api-gtw-token/01-summary.htm,200,37011,developer__functions__func-api-gtw-token__01-summary.md
03:31:04,https://docs.oracle.com/en-us/iaas/Content/developer/functions/func-api-gtw/01-summary.htm,200,49989,developer__functions__func-api-gtw__01-summary.md
03:31:06,https://docs.oracle.com/en-us/iaas/Content/developer/functions/func-setup-cli/01-summary.htm,200,67486,developer__functions__func-setup-cli__01-summary.md
03:31:08,https://docs.oracle.com/en-us/iaas/Content/developer/functions/func-setup-cs/01-summary.htm,200,52200,developer__functions__func-setup-cs__01-summary.md
03:31:09,https://docs.oracle.com/en-us/iaas/Content/developer/home.htm,200,17250,developer__home.md
03:31:11,https://docs.oracle.com/en-us/iaas/Content/developer/node-on-k8s/01oci-node-k8s-summary.htm,200,82097,developer__node-on-k8s__01oci-node-k8s-summary.md
03:31:12,https://docs.oracle.com/en-us/iaas/Content/developer/node-on-ol/01oci-ol-node-summary.htm,200,35669,developer__node-on-ol__01oci-ol-node-summary.md
03:31:14,https://docs.oracle.com/en-us/iaas/Content/developer/spring-on-k8s/01oci-spring-k8s-summary.htm,200,81632,developer__spring-on-k8s__01oci-spring-k8s-summary.md
03:31:15,https://docs.oracle.com/en-us/iaas/Content/developer/spring-on-ol/01oci-ol-spring-summary.htm,200,36839,developer__spring-on-ol__01oci-ol-spring-summary.md
03:31:16,https://docs.oracle.com/en-us/iaas/Content/developer/wp-on-ubuntu/01-summary.htm,200,44545,developer__wp-on-ubuntu__01-summary.md
03:31:18,https://docs.oracle.com/en-us/iaas/Content/devops-package.html,404,15118,
03:31:19,https://docs.oracle.com/en-us/iaas/Content/devops_t.html,404,15118,
03:31:21,https://docs.oracle.com/en-us/iaas/Content/disaster-recovery-package.html,404,15118,
03:31:22,https://docs.oracle.com/en-us/iaas/Content/disaster_recovery_t.html,404,15118,
03:31:23,https://docs.oracle.com/en-us/iaas/Content/dns-package.html,404,15118,
03:31:25,https://docs.oracle.com/en-us/iaas/Content/dns_t.html,404,15118,
03:31:26,https://docs.oracle.com/en-us/iaas/Content/em-warehouse-package.html,404,15118,
03:31:27,https://docs.oracle.com/en-us/iaas/Content/em_warehouse_t.html,404,15118,
03:31:28,https://docs.oracle.com/en-us/iaas/Content/email-package.html,404,15118,
03:31:29,https://docs.oracle.com/en-us/iaas/Content/email_t.html,404,15118,
03:31:30,https://docs.oracle.com/en-us/iaas/Content/events-package.html,404,15118,
03:31:32,https://docs.oracle.com/en-us/iaas/Content/events_t.html,404,15118,
03:31:33,https://docs.oracle.com/en-us/iaas/Content/file-storage-package.html,404,15118,
03:31:34,https://docs.oracle.com/en-us/iaas/Content/file_storage_t.html,404,15118,
03:31:36,https://docs.oracle.com/en-us/iaas/Content/fleet-software-update-package.html,404,15118,
03:31:37,https://docs.oracle.com/en-us/iaas/Content/fleet_software_update_t.html,404,15118,
03:31:38,https://docs.oracle.com/en-us/iaas/Content/functions-package.html,404,15118,
03:31:40,https://docs.oracle.com/en-us/iaas/Content/functions_t.html,404,15118,
03:31:41,https://docs.oracle.com/en-us/iaas/Content/fusion-apps-package.html,404,15118,
03:31:42,https://docs.oracle.com/en-us/iaas/Content/fusion_apps_t.html,404,15118,
03:31:44,https://docs.oracle.com/en-us/iaas/Content/generative-ai-inference-package.html,404,15118,
03:31:45,https://docs.oracle.com/en-us/iaas/Content/generative-ai-package.html,404,15118,
03:31:46,https://docs.oracle.com/en-us/iaas/Content/generative_ai_inference_t.html,404,15118,
03:31:47,https://docs.oracle.com/en-us/iaas/Content/generative_ai_t.html,404,15118,
03:31:49,https://docs.oracle.com/en-us/iaas/Content/generic-artifacts-content-package.html,404,15118,
03:31:50,https://docs.oracle.com/en-us/iaas/Content/generic_artifacts_content_t.html,404,15118,
03:31:51,https://docs.oracle.com/en-us/iaas/Content/golden-gate-package.html,404,15118,
03:31:53,https://docs.oracle.com/en-us/iaas/Content/golden_gate_t.html,404,15118,
03:31:54,https://docs.oracle.com/en-us/iaas/Content/gov-cloud/ausgov.htm,200,62711,gov-cloud__ausgov.md
03:31:55,https://docs.oracle.com/en-us/iaas/Content/gov-cloud/contactingsupportforusgov.htm,200,15384,gov-cloud__contactingsupportforusgov.md
03:31:57,https://docs.oracle.com/en-us/iaas/Content/gov-cloud/fedADFSazureusgov.htm,200,19555,gov-cloud__fedADFSazureusgov.md
03:31:58,https://docs.oracle.com/en-us/iaas/Content/gov-cloud/getting-started-us-gov-cloud.htm,200,7737,gov-cloud__getting-started-us-gov-cloud.md
03:32:00,https://docs.oracle.com/en-us/iaas/Content/gov-cloud/govfeddod.htm,200,101976,gov-cloud__govfeddod.md
03:32:02,https://docs.oracle.com/en-us/iaas/Content/gov-cloud/govfedramp.htm,200,81073,gov-cloud__govfedramp.md
03:32:04,https://docs.oracle.com/en-us/iaas/Content/gov-cloud/govinfo.htm,200,55709,gov-cloud__govinfo.md
03:32:04,https://docs.oracle.com/en-us/iaas/Content/gov-cloud/govoverview.htm,200,6516,gov-cloud__govoverview.md
03:32:05,https://docs.oracle.com/en-us/iaas/Content/gov-cloud/servicelimitsusgov.htm,200,13436,gov-cloud__servicelimitsusgov.md
03:32:07,https://docs.oracle.com/en-us/iaas/Content/governance-rules-cp-package.html,404,15118,
03:32:08,https://docs.oracle.com/en-us/iaas/Content/governance_rules_control_plane_t.html,404,15118,
03:32:09,https://docs.oracle.com/en-us/iaas/Content/health-checks-package.html,404,15118,
03:32:11,https://docs.oracle.com/en-us/iaas/Content/healthchecks_t.html,404,15118,
03:32:12,https://docs.oracle.com/en-us/iaas/Content/identity-dataplane-package.html,404,15118,
03:32:13,https://docs.oracle.com/en-us/iaas/Content/identity-package.html,404,15118,
03:32:15,https://docs.oracle.com/en-us/iaas/Content/identity_dataplane_t.html,404,15118,
03:32:16,https://docs.oracle.com/en-us/iaas/Content/identity_t.html,404,15118,
03:32:17,https://docs.oracle.com/en-us/iaas/Content/integration-package.html,404,15118,
03:32:18,https://docs.oracle.com/en-us/iaas/Content/integration_t.html,404,15118,
03:32:20,https://docs.oracle.com/en-us/iaas/Content/jms-java-downloads-package.html,404,15118,
03:32:22,https://docs.oracle.com/en-us/iaas/Content/jms-package.html,404,15118,
03:32:23,https://docs.oracle.com/en-us/iaas/Content/jms_java_downloads_t.html,404,15118,
03:32:24,https://docs.oracle.com/en-us/iaas/Content/jms_t.html,404,15118,
03:32:25,https://docs.oracle.com/en-us/iaas/Content/key-management-package.html,404,15118,
03:32:26,https://docs.oracle.com/en-us/iaas/Content/key_management_t.html,404,15118,
03:32:27,https://docs.oracle.com/en-us/iaas/Content/license-manager-package.html,404,15118,
03:32:29,https://docs.oracle.com/en-us/iaas/Content/license_manager_t.html,404,15118,
03:32:30,https://docs.oracle.com/en-us/iaas/Content/limits-package.html,404,15118,
03:32:32,https://docs.oracle.com/en-us/iaas/Content/limits_t.html,404,15118,
03:32:33,https://docs.oracle.com/en-us/iaas/Content/load-balancer-package.html,404,15118,
03:32:34,https://docs.oracle.com/en-us/iaas/Content/load_balancer_t.html,404,15118,
03:32:35,https://docs.oracle.com/en-us/iaas/Content/lockbox-package.html,404,15118,
03:32:37,https://docs.oracle.com/en-us/iaas/Content/lockbox_t.html,404,15118,
03:32:38,https://docs.oracle.com/en-us/iaas/Content/logging-ingestion-package.html,404,15118,
03:32:39,https://docs.oracle.com/en-us/iaas/Content/logging-package.html,404,15118,
03:32:40,https://docs.oracle.com/en-us/iaas/Content/logging-search-package.html,404,15118,
03:32:42,https://docs.oracle.com/en-us/iaas/Content/logging_ingestion_t.html,404,15118,
03:32:43,https://docs.oracle.com/en-us/iaas/Content/logging_search_t.html,404,15118,
03:32:45,https://docs.oracle.com/en-us/iaas/Content/logging_t.html,404,15118,
03:32:46,https://docs.oracle.com/en-us/iaas/Content/management-agent-package.html,404,15118,
03:32:47,https://docs.oracle.com/en-us/iaas/Content/management-dashboard-package.html,404,15118,
03:32:48,https://docs.oracle.com/en-us/iaas/Content/management_agent_t.html,404,15118,
03:32:50,https://docs.oracle.com/en-us/iaas/Content/management_dashboard_t.html,404,15118,
03:32:51,https://docs.oracle.com/en-us/iaas/Content/marketplace-package.html,404,15118,
03:32:52,https://docs.oracle.com/en-us/iaas/Content/marketplace-publisher-package.html,404,15118,
03:32:53,https://docs.oracle.com/en-us/iaas/Content/marketplace_publisher_t.html,404,15118,
03:32:55,https://docs.oracle.com/en-us/iaas/Content/marketplace_t.html,404,15118,
03:32:56,https://docs.oracle.com/en-us/iaas/Content/media-services-package.html,404,15118,
03:32:58,https://docs.oracle.com/en-us/iaas/Content/media_services_t.html,404,15118,
03:32:59,https://docs.oracle.com/en-us/iaas/Content/monitoring-package.html,404,15118,
03:33:00,https://docs.oracle.com/en-us/iaas/Content/monitoring_t.html,404,15118,
03:33:02,https://docs.oracle.com/en-us/iaas/Content/mysql-package.html,404,15118,
03:33:03,https://docs.oracle.com/en-us/iaas/Content/mysql_t.html,404,15118,
03:33:04,https://docs.oracle.com/en-us/iaas/Content/network-firewall-package.html,404,15118,
03:33:06,https://docs.oracle.com/en-us/iaas/Content/network-load-balancer-package.html,404,15118,
03:33:07,https://docs.oracle.com/en-us/iaas/Content/network_firewall_t.html,404,15118,
03:33:09,https://docs.oracle.com/en-us/iaas/Content/network_load_balancer_t.html,404,15118,
03:33:10,https://docs.oracle.com/en-us/iaas/Content/nosql-package.html,404,15118,
03:33:11,https://docs.oracle.com/en-us/iaas/Content/nosql_t.html,404,15118,
03:33:12,https://docs.oracle.com/en-us/iaas/Content/object-storage-package.html,404,15118,
03:33:14,https://docs.oracle.com/en-us/iaas/Content/object_storage_t.html,404,15118,
03:33:15,https://docs.oracle.com/en-us/iaas/Content/oce-package.html,404,15118,
03:33:17,https://docs.oracle.com/en-us/iaas/Content/oce_t.html,404,15118,
03:33:18,https://docs.oracle.com/en-us/iaas/Content/oci-control-center-package.html,404,15118,
03:33:19,https://docs.oracle.com/en-us/iaas/Content/oci_control_center_t.html,404,15118,
03:33:20,https://docs.oracle.com/en-us/iaas/Content/ocvp-package.html,404,15118,
03:33:21,https://docs.oracle.com/en-us/iaas/Content/ocvp_t.html,404,15118,
03:33:23,https://docs.oracle.com/en-us/iaas/Content/oda-package.html,404,15118,
03:33:24,https://docs.oracle.com/en-us/iaas/Content/oda_t.html,404,15118,
03:33:25,https://docs.oracle.com/en-us/iaas/Content/one-subscription-package.html,404,15118,
03:33:27,https://docs.oracle.com/en-us/iaas/Content/onesubscription_t.html,404,15118,
03:33:28,https://docs.oracle.com/en-us/iaas/Content/ons-package.html,404,15118,
03:33:29,https://docs.oracle.com/en-us/iaas/Content/ons_t.html,404,15118,
03:33:31,https://docs.oracle.com/en-us/iaas/Content/opa-package.html,404,15118,
03:33:32,https://docs.oracle.com/en-us/iaas/Content/opa_t.html,404,15118,
03:33:34,https://docs.oracle.com/en-us/iaas/Content/opensearch-package.html,404,15118,
03:33:35,https://docs.oracle.com/en-us/iaas/Content/opensearch_t.html,404,15118,
03:33:36,https://docs.oracle.com/en-us/iaas/Content/operator-access-control-package.html,404,15118,
03:33:37,https://docs.oracle.com/en-us/iaas/Content/operator_access_control_t.html,404,15118,
03:33:38,https://docs.oracle.com/en-us/iaas/Content/opsi-package.html,404,15118,
03:33:40,https://docs.oracle.com/en-us/iaas/Content/opsi_t.html,404,15118,
03:33:41,https://docs.oracle.com/en-us/iaas/Content/optimizer-package.html,404,15118,
03:33:42,https://docs.oracle.com/en-us/iaas/Content/optimizer_t.html,404,15118,
03:33:43,https://docs.oracle.com/en-us/iaas/Content/os-management-hub-package.html,404,15118,
03:33:44,https://docs.oracle.com/en-us/iaas/Content/os-management-package.html,404,15118,
03:33:46,https://docs.oracle.com/en-us/iaas/Content/os_management_hub_t.html,404,15118,
03:33:47,https://docs.oracle.com/en-us/iaas/Content/os_management_t.html,404,15118,
03:33:48,https://docs.oracle.com/en-us/iaas/Content/osp-gateway-package.html,404,15118,
03:33:50,https://docs.oracle.com/en-us/iaas/Content/osp_gateway_t.html,404,15118,
03:33:51,https://docs.oracle.com/en-us/iaas/Content/osub-billing-schedule-package.html,404,15118,
03:33:52,https://docs.oracle.com/en-us/iaas/Content/osub-organization-subscription-package.html,404,15118,
03:33:54,https://docs.oracle.com/en-us/iaas/Content/osub-subscription-package.html,404,15118,
03:33:55,https://docs.oracle.com/en-us/iaas/Content/osub-usage-package.html,404,15118,
03:33:56,https://docs.oracle.com/en-us/iaas/Content/osub_billing_schedule_t.html,404,15118,
03:33:57,https://docs.oracle.com/en-us/iaas/Content/osub_organization_subscription_t.html,404,15118,
03:33:59,https://docs.oracle.com/en-us/iaas/Content/osub_subscription_t.html,404,15118,
03:34:00,https://docs.oracle.com/en-us/iaas/Content/osub_usage_t.html,404,15118,
03:34:02,https://docs.oracle.com/en-us/iaas/Content/psql-package.html,404,15118,
03:34:03,https://docs.oracle.com/en-us/iaas/Content/psql_t.html,404,15118,
03:34:05,https://docs.oracle.com/en-us/iaas/Content/queue-package.html,404,15118,
03:34:06,https://docs.oracle.com/en-us/iaas/Content/queue_t.html,404,15118,
03:34:08,https://docs.oracle.com/en-us/iaas/Content/recovery-package.html,404,15118,
03:34:09,https://docs.oracle.com/en-us/iaas/Content/recovery_t.html,404,15118,
03:34:10,https://docs.oracle.com/en-us/iaas/Content/redis-package.html,404,15118,
03:34:11,https://docs.oracle.com/en-us/iaas/Content/redis_t.html,404,15118,
03:34:13,https://docs.oracle.com/en-us/iaas/Content/resource-manager-package.html,404,15118,
03:34:14,https://docs.oracle.com/en-us/iaas/Content/resource-search-package.html,404,15118,
03:34:15,https://docs.oracle.com/en-us/iaas/Content/resource_manager_t.html,404,15118,
03:34:16,https://docs.oracle.com/en-us/iaas/Content/resource_search_t.html,404,15118,
03:34:18,https://docs.oracle.com/en-us/iaas/Content/rover-package.html,404,15118,
03:34:19,https://docs.oracle.com/en-us/iaas/Content/rover_t.html,404,15118,
03:34:20,https://docs.oracle.com/en-us/iaas/Content/sch-package.html,404,15118,
03:34:22,https://docs.oracle.com/en-us/iaas/Content/sch_t.html,404,15118,
03:34:23,https://docs.oracle.com/en-us/iaas/Content/secrets-package.html,404,15118,
03:34:24,https://docs.oracle.com/en-us/iaas/Content/secrets_t.html,404,15118,
03:34:26,https://docs.oracle.com/en-us/iaas/Content/service-catalog-package.html,404,15118,
03:34:27,https://docs.oracle.com/en-us/iaas/Content/service-manager-proxy-package.html,404,15118,
03:34:28,https://docs.oracle.com/en-us/iaas/Content/service-mesh-package.html,404,15118,
03:34:29,https://docs.oracle.com/en-us/iaas/Content/service_catalog_t.html,404,15118,
03:34:31,https://docs.oracle.com/en-us/iaas/Content/service_manager_proxy_t.html,404,15118,
03:34:32,https://docs.oracle.com/en-us/iaas/Content/service_mesh_t.html,404,15118,
03:34:34,https://docs.oracle.com/en-us/iaas/Content/stack-monitoring-package.html,404,15118,
03:34:35,https://docs.oracle.com/en-us/iaas/Content/stack_monitoring_t.html,404,15118,
03:34:36,https://docs.oracle.com/en-us/iaas/Content/streaming-package.html,404,15118,
03:34:38,https://docs.oracle.com/en-us/iaas/Content/streaming_t.html,404,15118,
03:34:39,https://docs.oracle.com/en-us/iaas/Content/tenant-manager-control-plane-package.html,404,15118,
03:34:40,https://docs.oracle.com/en-us/iaas/Content/tenant_manager_control_plane_t.html,404,15118,
03:34:41,https://docs.oracle.com/en-us/iaas/Content/terraform/applying.htm,301,46,
03:34:42,https://docs.oracle.com/en-us/iaas/Content/terraform/async.htm,301,43,
03:34:43,https://docs.oracle.com/en-us/iaas/Content/terraform/authoring-configs.htm,301,55,
03:34:44,https://docs.oracle.com/en-us/iaas/Content/terraform/best-practices.htm,301,52,
03:34:46,https://docs.oracle.com/en-us/iaas/Content/terraform/configuring.htm,301,49,
03:34:47,https://docs.oracle.com/en-us/iaas/Content/terraform/default-vcn.htm,301,49,
03:34:48,https://docs.oracle.com/en-us/iaas/Content/terraform/deprecated-resources.htm,301,58,
03:34:48,https://docs.oracle.com/en-us/iaas/Content/terraform/describing-infra.htm,301,54,
03:34:49,https://docs.oracle.com/en-us/iaas/Content/terraform/examples-templates.htm,301,56,
03:34:51,https://docs.oracle.com/en-us/iaas/Content/terraform/fips-compatible.htm,301,53,
03:34:52,https://docs.oracle.com/en-us/iaas/Content/terraform/getting-started.htm,301,53,
03:34:52,https://docs.oracle.com/en-us/iaas/Content/terraform/guides.htm,301,44,
03:34:54,https://docs.oracle.com/en-us/iaas/Content/terraform/home.htm,301,42,
03:34:55,https://docs.oracle.com/en-us/iaas/Content/terraform/installing.htm,301,48,
03:34:56,https://docs.oracle.com/en-us/iaas/Content/terraform/known-issues.htm,301,50,
03:34:57,https://docs.oracle.com/en-us/iaas/Content/terraform/managing-volumes.htm,301,54,
03:34:58,https://docs.oracle.com/en-us/iaas/Content/terraform/migrating-exadatadb.htm,301,57,
03:34:59,https://docs.oracle.com/en-us/iaas/Content/terraform/migrating-legacy.htm,301,54,
03:35:00,https://docs.oracle.com/en-us/iaas/Content/terraform/object-storage-state.htm,301,58,
03:35:01,https://docs.oracle.com/en-us/iaas/Content/terraform/ref-availability-domains.htm,301,62,
03:35:02,https://docs.oracle.com/en-us/iaas/Content/terraform/ref-images.htm,301,48,
03:35:04,https://docs.oracle.com/en-us/iaas/Content/terraform/resource-discovery-output.htm,301,63,
03:35:05,https://docs.oracle.com/en-us/iaas/Content/terraform/resource-discovery-using.htm,301,62,
03:35:06,https://docs.oracle.com/en-us/iaas/Content/terraform/resource-discovery.htm,301,56,
03:35:07,https://docs.oracle.com/en-us/iaas/Content/terraform/specifying-versions.htm,301,57,
03:35:08,https://docs.oracle.com/en-us/iaas/Content/terraform/storing-sensitive-data.htm,301,60,
03:35:09,https://docs.oracle.com/en-us/iaas/Content/terraform/supported-services.htm,301,56,
03:35:10,https://docs.oracle.com/en-us/iaas/Content/terraform/tagging-resources.htm,301,55,
03:35:11,https://docs.oracle.com/en-us/iaas/Content/terraform/targeting-multiple-regions.htm,301,64,
03:35:12,https://docs.oracle.com/en-us/iaas/Content/terraform/troubleshooting-basics.htm,301,60,
03:35:13,https://docs.oracle.com/en-us/iaas/Content/terraform/troubleshooting.htm,301,53,
03:35:14,https://docs.oracle.com/en-us/iaas/Content/terraform/tutorials.htm,301,47,
03:35:15,https://docs.oracle.com/en-us/iaas/Content/terraform/tutorials/tf-cluster.htm,301,58,
03:35:17,https://docs.oracle.com/en-us/iaas/Content/terraform/tutorials/tf-compartment.htm,301,62,
03:35:18,https://docs.oracle.com/en-us/iaas/Content/terraform/tutorials/tf-compute.htm,301,58,
03:35:18,https://docs.oracle.com/en-us/iaas/Content/terraform/tutorials/tf-provider.htm,301,59,
03:35:19,https://docs.oracle.com/en-us/iaas/Content/terraform/tutorials/tf-resource-discovery-setup.htm,301,75,
03:35:20,https://docs.oracle.com/en-us/iaas/Content/terraform/tutorials/tf-resource-discovery.htm,301,69,
03:35:21,https://docs.oracle.com/en-us/iaas/Content/terraform/tutorials/tf-simple-infrastructure.htm,301,72,
03:35:22,https://docs.oracle.com/en-us/iaas/Content/terraform/tutorials/tf-vcn.htm,301,54,
03:35:23,https://docs.oracle.com/en-us/iaas/Content/terraform/upgrading.htm,301,47,
03:35:24,https://docs.oracle.com/en-us/iaas/Content/terraform/whats-new.htm,301,47,
03:35:25,https://docs.oracle.com/en-us/iaas/Content/threat-intelligence-package.html,404,15118,
03:35:27,https://docs.oracle.com/en-us/iaas/Content/threat_intelligence_t.html,404,15118,
03:35:28,https://docs.oracle.com/en-us/iaas/Content/usage-api-package.html,404,15118,
03:35:29,https://docs.oracle.com/en-us/iaas/Content/usage-package.html,404,15118,
03:35:31,https://docs.oracle.com/en-us/iaas/Content/usage_t.html,404,15118,
03:35:32,https://docs.oracle.com/en-us/iaas/Content/usageapi_t.html,404,15118,
03:35:33,https://docs.oracle.com/en-us/iaas/Content/vault-package.html,404,15118,
03:35:35,https://docs.oracle.com/en-us/iaas/Content/vault_t.html,404,15118,
03:35:36,https://docs.oracle.com/en-us/iaas/Content/vbs-inst-package.html,404,15118,
03:35:37,https://docs.oracle.com/en-us/iaas/Content/vbs_inst_t.html,404,15118,
03:35:39,https://docs.oracle.com/en-us/iaas/Content/visual-builder-package.html,404,15118,
03:35:40,https://docs.oracle.com/en-us/iaas/Content/visual_builder_t.html,404,15118,
03:35:41,https://docs.oracle.com/en-us/iaas/Content/vn-monitoring-package.html,404,15118,
03:35:43,https://docs.oracle.com/en-us/iaas/Content/vn_monitoring_t.html,404,15118,
03:35:44,https://docs.oracle.com/en-us/iaas/Content/vulnerability-scanning-package.html,404,15118,
03:35:45,https://docs.oracle.com/en-us/iaas/Content/vulnerability_scanning_t.html,404,15118,
03:35:46,https://docs.oracle.com/en-us/iaas/Content/waa-package.html,404,15118,
03:35:47,https://docs.oracle.com/en-us/iaas/Content/waa_t.html,404,15118,
03:35:49,https://docs.oracle.com/en-us/iaas/Content/waas-package.html,404,15118,
03:35:50,https://docs.oracle.com/en-us/iaas/Content/waas_t.html,404,15118,
03:35:52,https://docs.oracle.com/en-us/iaas/Content/waf_t.html,404,15118,
03:35:53,https://docs.oracle.com/en-us/iaas/Content/web-application-firewall-package.html,404,15118,
03:35:54,https://docs.oracle.com/en-us/iaas/Content/work-requests-package.html,404,15118,
03:35:56,https://docs.oracle.com/en-us/iaas/Content/work_requests_t.html,404,15118,
