ts,url,http,bytes,out
18:56:43,https://docs.oracle.com/en/cloud/paas/analytics-cloud/index.html,200,46936,en__cloud__paas__analytics-cloud__index.md
18:56:43,https://docs.oracle.com/en/cloud/paas/apex/index.html,200,26460,en__cloud__paas__apex__index.md
18:56:44,https://docs.oracle.com/en/cloud/paas/app-builder-cloud/index.html,200,26106,en__cloud__paas__app-builder-cloud__index.md
18:56:45,https://docs.oracle.com/en/cloud/paas/application-integration/index.html,200,32634,en__cloud__paas__application-integration__index.md
18:56:46,https://docs.oracle.com/en/cloud/paas/autonomous-database/dedicated/index.html,200,19825,en__cloud__paas__autonomous-database__dedicated__index.md
18:56:46,https://docs.oracle.com/en/cloud/paas/blockchain-cloud/index.html,200,26790,en__cloud__paas__blockchain-cloud__index.md
18:56:47,https://docs.oracle.com/en/cloud/paas/content-cloud/index.html,200,33914,en__cloud__paas__content-cloud__index.md
18:56:48,https://docs.oracle.com/en/cloud/paas/data-safe/index.html,200,34082,en__cloud__paas__data-safe__index.md
18:56:49,https://docs.oracle.com/en/cloud/paas/goldengate-service/index.html,200,45062,en__cloud__paas__goldengate-service__index.md
18:56:50,https://docs.oracle.com/en/cloud/paas/integration-cloud/index.html,200,22412,en__cloud__paas__integration-cloud__index.md
18:56:50,https://docs.oracle.com/en/cloud/paas/nosql-cloud/index.html,200,44556,en__cloud__paas__nosql-cloud__index.md
18:56:51,https://docs.oracle.com/en/cloud/paas/visual-builder/index.html,200,34289,en__cloud__paas__visual-builder__index.md
18:56:52,https://docs.oracle.com/en/cloud/saas/epm-cloud/index.html,200,28059,en__cloud__saas__epm-cloud__index.md
18:56:53,https://docs.oracle.com/en/database/oracle/apex/26.1/index.html,200,24890,en__database__oracle__apex__26.1__index.md
18:56:54,https://docs.oracle.com/en/engineered-systems/exadata-cloud-at-customer/ecccm/index.html,200,7001,en__engineered-systems__exadata-cloud-at-customer__ecccm__index.md
18:56:56,https://docs.oracle.com/iaas/Content/iaas/Content/Network/Troubleshoot/fastconnecttroubleshoot.htm,404,15118,
18:56:58,https://docs.oracle.com/iaas/Content/iaas/Content/Network/Troubleshoot/ipsectroubleshoot.htm,404,15118,
18:56:59,https://docs.oracle.com/iaas/Content/iaas/Content/dev/terraform/home.htm,404,15118,
18:57:01,https://docs.oracle.com/iaas/Content/iaas/api,404,15118,
18:57:02,https://docs.oracle.com/iaas/Content/iaas/api/#/en/functionsdocgenpbf/latest,404,15118,
18:57:03,https://docs.oracle.com/iaas/Content/iaas/images,404,15118,
18:57:05,https://docs.oracle.com/iaas/Content/iaas/tools/dotnet/latest/api/index.html,404,15118,
18:57:07,https://docs.oracle.com/iaas/Content/iaas/tools/go/latest,404,15118,
18:57:09,https://docs.oracle.com/iaas/Content/iaas/tools/java/latest,404,15118,
18:57:10,https://docs.oracle.com/iaas/Content/iaas/tools/oci-cli/latest/oci_cli_docs,404,15118,
18:57:11,https://docs.oracle.com/iaas/Content/iaas/tools/powershell/latest/articles/intro.html,404,15118,
18:57:13,https://docs.oracle.com/iaas/Content/iaas/tools/python/latest/api/landing.html,404,15118,
18:57:15,https://docs.oracle.com/iaas/Content/iaas/tools/ruby/latest/index.html,404,15118,
18:57:16,https://docs.oracle.com/iaas/Content/iaas/tools/typescript/latest/globals.html,404,15118,
18:57:18,https://docs.oracle.com/iaas/jms/doc/8u361-above-blocklisted---known-issue.html,200,7148,8u361-above-blocklisted---known-issue.md
18:57:19,https://docs.oracle.com/iaas/autonomous-database-serverless/doc/Dedicated-EP-AuDG-Billing.html,200,7472,Dedicated-EP-AuDG-Billing.md
18:57:21,https://docs.oracle.com/iaas/autonomous-database-serverless/doc/Dedicated-EP-Billing.html,200,8064,Dedicated-EP-Billing.md
18:57:22,https://docs.oracle.com/iaas/disaster-recovery/doc/Dr-plan-refresh-steps.html,200,13986,Dr-plan-refresh-steps.md
18:57:24,https://docs.oracle.com/iaas/disaster-recovery/doc/MySQL-HeatWave-DB-System-policies.html,200,13593,MySQL-HeatWave-DB-System-policies.md
18:57:26,https://docs.oracle.com/iaas/disaster-recovery/doc/Order-of-dr-plan-groups.html,200,15311,Order-of-dr-plan-groups.md
18:57:27,https://docs.oracle.com/iaas/oracle-api-access-control/doc/Whats-new-in-api-access-control.html,200,11812,Whats-new-in-api-access-control.md
18:57:28,https://docs.oracle.com/iaas/autonomous-database-serverless/doc/a2a-client-client-agent.html,200,6673,a2a-client-client-agent.md
18:57:29,https://docs.oracle.com/iaas/autonomous-database-serverless/doc/a2a-concepts.html,200,8684,a2a-concepts.md
18:57:31,https://docs.oracle.com/iaas/autonomous-database-serverless/doc/a2a-protocol.html,200,6550,a2a-protocol.md
18:57:32,https://docs.oracle.com/iaas/autonomous-database-serverless/doc/a2a-server-remote-agent.html,200,7174,a2a-server-remote-agent.md
18:57:33,https://docs.oracle.com/iaas/autonomous-database-serverless/doc/a2a-task.html,200,6395,a2a-task.md
18:57:35,https://docs.oracle.com/iaas/recovery-service/doc/about-automatic-backup-recovery-service.html,200,10807,about-automatic-backup-recovery-service.md
18:57:36,https://docs.oracle.com/iaas/recovery-service/doc/about-automatic-backup-recovery.html,200,11329,about-automatic-backup-recovery.md
18:57:38,https://docs.oracle.com/iaas/recovery-service/doc/about-automatic-recovery.html,200,8902,about-automatic-recovery.md
18:57:40,https://docs.oracle.com/iaas/autonomous-database-serverless/doc/about-autonomous-database-workloads.html,200,15690,about-autonomous-database-workloads.md
18:57:42,https://docs.oracle.com/iaas/autonomous-database-serverless/doc/about-connecting-client.html,200,8235,about-connecting-client.md
18:57:43,https://docs.oracle.com/iaas/disaster-recovery/doc/about-disaster-recovery.html,200,12380,about-disaster-recovery.md
18:57:44,https://docs.oracle.com/iaas/autonomous-database-serverless/doc/about-iam-authentication.html,200,12629,about-iam-authentication.md
18:57:46,https://docs.oracle.com/iaas/disaster-recovery/doc/about-iam-policies-for-dr.html,200,11449,about-iam-policies-for-dr.md
18:57:48,https://docs.oracle.com/iaas/autonomous-database-serverless/doc/about-mcp-server.html,200,13570,about-mcp-server.md
18:57:49,https://docs.oracle.com/iaas/recovery-service/doc/about-policy-locking.html,200,11539,about-policy-locking.md
18:57:51,https://docs.oracle.com/iaas/recovery-service/doc/about-protected-databases.html,200,10876,about-protected-databases.md
18:57:52,https://docs.oracle.com/iaas/recovery-service/doc/about-real-time.html,200,10217,about-real-time.md
18:57:54,https://docs.oracle.com/iaas/recovery-service/doc/about-recovery-service-events.html,200,9420,about-recovery-service-events.md
18:57:55,https://docs.oracle.com/iaas/recovery-service/doc/about-recovery-service-metrics.html,200,13440,about-recovery-service-metrics.md
18:57:57,https://docs.oracle.com/iaas/recovery-service/doc/about-recovery-service-subnet.html,200,12401,about-recovery-service-subnet.md
18:57:58,https://docs.oracle.com/iaas/recovery-service/doc/about-recovery-service.html,200,13081,about-recovery-service.md
18:57:59,https://docs.oracle.com/iaas/autonomous-database-serverless/doc/about-select-ai-agents.html,200,15016,about-select-ai-agents.md
18:58:01,https://docs.oracle.com/iaas/autonomous-database-serverless/doc/about-user-managed-key.html,200,9735,about-user-managed-key.md
18:58:02,https://docs.oracle.com/iaas/autonomous-database-serverless/doc/about-work-requests.html,200,8106,about-work-requests.md
18:58:04,https://docs.oracle.com/iaas/visual-builder/doc/acces-instance-settings.html,200,9704,acces-instance-settings.md
18:58:05,https://docs.oracle.com/iaas/analytics-for-applications/doc/access-ai-concierge-preview.html,200,12462,access-ai-concierge-preview.md
18:58:07,https://docs.oracle.com/iaas/visual-builder/doc/access-atp-pe-instance.html,200,13106,access-atp-pe-instance.md
18:58:08,https://docs.oracle.com/iaas/analytics-cloud/doc/access-audit-diagnostic-logs-oracle-analytics-cloud-using-console.html,200,15354,access-audit-diagnostic-logs-oracle-analytics-cloud-using-console.md
18:58:09,https://docs.oracle.com/iaas/digital-assistant/doc/access-backends-using-custom-components.html,200,11070,access-backends-using-custom-components.md
18:58:12,https://docs.oracle.com/iaas/digital-assistant/doc/access-backends-using-rest-service-component.html,200,29208,access-backends-using-rest-service-component.md
18:58:13,https://docs.oracle.com/iaas/autonomous-database-serverless/doc/access-control-rules-autonomous.html,200,28934,access-control-rules-autonomous.md
18:58:15,https://docs.oracle.com/iaas/management-agents/doc/access-dashboards-ma.html,200,11880,access-dashboards-ma.md
18:58:16,https://docs.oracle.com/iaas/management-dashboard/doc/access-dashboards.html,200,14390,access-dashboards.md
18:58:18,https://docs.oracle.com/iaas/database-management/doc/access-database-management-administration.html,200,18243,access-database-management-administration.md
18:58:19,https://docs.oracle.com/iaas/database-management/doc/access-database-management-overview-mysql.html,200,13075,access-database-management-overview-mysql.md
18:58:21,https://docs.oracle.com/iaas/database-management/doc/access-database-management-overview.html,200,13240,access-database-management-overview.md
18:58:23,https://docs.oracle.com/iaas/visual-builder/doc/access-denied-messages.html,200,10813,access-denied-messages.md
18:58:24,https://docs.oracle.com/iaas/secure-desktops/access-desktops-interface.htm,200,7675,access-desktops-interface.md
18:58:26,https://docs.oracle.com/iaas/Content/pl-sql-sdk/doc/access-governance-cp-package.html,200,8294,access-governance-cp-package.md
18:58:27,https://docs.oracle.com/iaas/analytics-cloud/doc/access-metrics-oracle-analytics-cloud-using-console-instance-details.html,200,12477,access-metrics-oracle-analytics-cloud-using-console-instance-details.md
18:58:28,https://docs.oracle.com/iaas/analytics-cloud/doc/access-metrics-oracle-analytics-cloud-using-console-metrics-explorer.html,200,12613,access-metrics-oracle-analytics-cloud-using-console-metrics-explorer.md
18:58:30,https://docs.oracle.com/iaas/analytics-cloud/doc/access-metrics-using-command-line.html,200,8686,access-metrics-using-command-line.md
18:58:31,https://docs.oracle.com/iaas/analytics-cloud/doc/access-metrics-using-rest-api.html,200,8505,access-metrics-using-rest-api.md
18:58:33,https://docs.oracle.com/iaas/database-migration/doc/access-oci-database-migration-service.html,200,7847,access-oci-database-migration-service.md
18:58:34,https://docs.oracle.com/iaas/operations-insights/doc/access-operations-insights-warehouse.html,200,8846,access-operations-insights-warehouse.md
18:58:36,https://docs.oracle.com/iaas/operations-insights/doc/access-operations-insights.html,200,9646,access-operations-insights.md
18:58:38,https://docs.oracle.com/iaas/analytics-for-applications/doc/access-oracle-fusion-data-intelligence-mcp-server-preview.html,200,10588,access-oracle-fusion-data-intelligence-mcp-server-preview.md
18:58:40,https://docs.oracle.com/iaas/performance-hub/doc/access-perf-hub-adb.html,200,9018,access-perf-hub-adb.md
18:58:42,https://docs.oracle.com/iaas/performance-hub/doc/access-perf-hub-base-db-and-exadata.html,200,12245,access-perf-hub-base-db-and-exadata.md
18:58:44,https://docs.oracle.com/iaas/performance-hub/doc/access-perf-hub-external-db.html,200,11114,access-perf-hub-external-db.md
18:58:45,https://docs.oracle.com/iaas/process-automation/oci-process-automation/access-process-automation-instance.html,200,12175,access-process-automation-instance.md
18:58:47,https://docs.oracle.com/iaas/autonomous-database-serverless/doc/access-service-gateway.html,200,7320,access-service-gateway.md
18:58:49,https://docs.oracle.com/iaas/data-safe/doc/access-set-up-oracle-data-safe.html,200,9631,access-set-up-oracle-data-safe.md
18:58:51,https://docs.oracle.com/iaas/database-management/doc/access-storage-servers.html,200,18375,access-storage-servers.md
18:58:53,https://docs.oracle.com/iaas/autonomous-database-serverless/doc/access-vcn-transit-routing.html,200,7596,access-vcn-transit-routing.md
18:58:54,https://docs.oracle.com/iaas/visual-builder/doc/access-visual-builder-from-oci-console.html,200,9999,access-visual-builder-from-oci-console.md
18:58:55,https://docs.oracle.com/iaas/visual-builder-studio/doc/access-visual-builder-studio-from-oracle-cloud-home-page---gen-2.html,200,10552,access-visual-builder-studio-from-oracle-cloud-home-page---gen-2.md
18:58:56,https://docs.oracle.com/iaas/analytics-for-applications/doc/access-your-service.html,200,8771,access-your-service.md
18:58:58,https://docs.oracle.com/iaas/performance-hub/doc/access.html,200,8400,access.md
18:58:59,https://docs.oracle.com/iaas/Content/pl-sql-sdk/doc/access_governance_cp_t.html,200,54875,access_governance_cp_t.md
18:59:00,https://docs.oracle.com/iaas/operations-insights/doc/accessing-data-object-explorers.html,200,10032,accessing-data-object-explorers.md
18:59:02,https://docs.oracle.com/iaas/database-tools/doc/accessing-database-actions.html,200,8743,accessing-database-actions.md
18:59:04,https://docs.oracle.com/iaas/database-tools/doc/accessing-database-tools-resources-tenancies.html,200,7689,accessing-database-tools-resources-tenancies.md
18:59:05,https://docs.oracle.com/iaas/disaster-recovery/doc/accessing-disaster-recovery.html,200,13816,accessing-disaster-recovery.md
18:59:06,https://docs.oracle.com/iaas/operations-insights/doc/accessing-host-capacity-planning-resources.html,200,10306,accessing-host-capacity-planning-resources.md
18:59:08,https://docs.oracle.com/iaas/database-tools/doc/accessing-object-data.html,200,10716,accessing-object-data.md
18:59:09,https://docs.oracle.com/iaas/operations-insights/doc/accessing-related-services.html,200,8542,accessing-related-services.md
18:59:10,https://docs.oracle.com/iaas/operations-insights/doc/actionable-insights.html,200,24120,actionable-insights.md
18:59:12,https://docs.oracle.com/iaas/analytics-for-applications/doc/activate-data-pipeline-functional-area.html,200,11925,activate-data-pipeline-functional-area.md
18:59:13,https://docs.oracle.com/iaas/analytics-for-applications/doc/activate-descriptive-flex-fields.html,200,10704,activate-descriptive-flex-fields.md
18:59:15,https://docs.oracle.com/iaas/analytics-for-applications/doc/activate-oracle-fusion-data-intelligence-subscription.html,200,24207,activate-oracle-fusion-data-intelligence-subscription.md
18:59:16,https://docs.oracle.com/iaas/analytics-for-applications/doc/activate-oracle-fusion-data-intelligence.html,200,9716,activate-oracle-fusion-data-intelligence.md
18:59:17,https://docs.oracle.com/iaas/analytics-for-applications/doc/activate-universal-credits-subscription.html,200,12921,activate-universal-credits-subscription.md
18:59:19,https://docs.oracle.com/iaas/analytics-for-applications/doc/activating-your-oracle-fusion-intelligence-subscription.html,200,24976,activating-your-oracle-fusion-intelligence-subscription.md
18:59:20,https://docs.oracle.com/iaas/data-safe/doc/activity-auditing-overview.html,200,21266,activity-auditing-overview.md
18:59:22,https://docs.oracle.com/iaas/data-safe/doc/activity-auditing-resources.html,200,20290,activity-auditing-resources.md
18:59:24,https://docs.oracle.com/iaas/data-safe/doc/activity-auditing.html,200,6374,activity-auditing.md
18:59:25,https://docs.oracle.com/iaas/autonomous-database-serverless/doc/adb-audit.html,200,22733,adb-audit.md
18:59:26,https://docs.oracle.com/iaas/exadata/doc/adb-intro-to-adb.html,200,13274,adb-intro-to-adb.md
18:59:28,https://docs.oracle.com/iaas/exadata/doc/adb-on-exacc-new-features.html,200,12033,adb-on-exacc-new-features.md
18:59:29,https://docs.oracle.com/iaas/exadata/doc/adb-on-exacc.html,200,11992,adb-on-exacc.md
18:59:30,https://docs.oracle.com/iaas/autonomous-database-serverless/doc/adbs-migration.html,200,8207,adbs-migration.md
18:59:32,https://docs.oracle.com/iaas/autonomous-database-serverless/doc/adbsb-analyze.html,200,8610,adbsb-analyze.md
18:59:34,https://docs.oracle.com/iaas/autonomous-database-serverless/doc/adbsb-cloud-support-and-identity-information.html,200,6881,adbsb-cloud-support-and-identity-information.md
18:59:36,https://docs.oracle.com/iaas/autonomous-database-serverless/doc/adbsb-develop.html,200,11607,adbsb-develop.md
18:59:37,https://docs.oracle.com/iaas/autonomous-database-serverless/doc/adbsb-features.html,200,11410,adbsb-features.md
18:59:39,https://docs.oracle.com/iaas/autonomous-database-serverless/doc/adbsb-high-availability.html,200,8475,adbsb-high-availability.md
18:59:40,https://docs.oracle.com/iaas/autonomous-database-serverless/doc/adbsb-high-performance.html,200,7949,adbsb-high-performance.md
18:59:41,https://docs.oracle.com/iaas/autonomous-database-serverless/doc/adbsb-json-document-stores.html,200,6730,adbsb-json-document-stores.md
18:59:43,https://docs.oracle.com/iaas/autonomous-database-serverless/doc/adbsb-link-data.html,200,8255,adbsb-link-data.md
18:59:44,https://docs.oracle.com/iaas/autonomous-database-serverless/doc/adbsb-monitor-and-manage-performance.html,200,9382,adbsb-monitor-and-manage-performance.md
18:59:45,https://docs.oracle.com/iaas/autonomous-database-serverless/doc/adbsb-move-files.html,200,7620,adbsb-move-files.md
18:59:46,https://docs.oracle.com/iaas/autonomous-database-serverless/doc/adbsb-overview.html,200,8597,adbsb-overview.md
18:59:48,https://docs.oracle.com/iaas/autonomous-database-serverless/doc/adbsb-quick-start.html,200,6692,adbsb-quick-start.md
18:59:50,https://docs.oracle.com/iaas/autonomous-database-serverless/doc/adbsb-reference.html,200,8661,adbsb-reference.md
18:59:51,https://docs.oracle.com/iaas/visual-builder/doc/add-allowed-origins-domain.html,200,10213,add-allowed-origins-domain.md
18:59:53,https://docs.oracle.com/iaas/analytics-for-applications/doc/add-application-roles-group.html,200,10113,add-application-roles-group.md
18:59:55,https://docs.oracle.com/iaas/disaster-recovery/doc/add-autonomous-container-database-protection-group.html,200,13634,add-autonomous-container-database-protection-group.md
18:59:57,https://docs.oracle.com/iaas/disaster-recovery/doc/add-autonomous-database-protection-group.html,200,13354,add-autonomous-database-protection-group.md
18:59:58,https://docs.oracle.com/iaas/visual-builder-studio/doc/add-built-free-vm---vis-apps.html,200,10383,add-built-free-vm---vis-apps.md
19:00:00,https://docs.oracle.com/iaas/operations-insights/doc/add-cloud-database.html,200,23109,add-cloud-database.md
19:00:02,https://docs.oracle.com/iaas/digital-assistant/doc/add-component-package-skill.html,200,41419,add-component-package-skill.md
19:00:04,https://docs.oracle.com/iaas/disaster-recovery/doc/add-compute-instance.html,200,11054,add-compute-instance.md
19:00:05,https://docs.oracle.com/iaas/visual-builder/doc/add-connection-applications.html,200,13008,add-connection-applications.md
19:00:06,https://docs.oracle.com/iaas/visual-builder/doc/add-connection-custom-backend.html,200,10557,add-connection-custom-backend.md
19:00:07,https://docs.oracle.com/iaas/visual-builder/doc/add-connection-integration-applications.html,200,9595,add-connection-integration-applications.md
19:00:09,https://docs.oracle.com/iaas/visual-builder/doc/add-connection-process-automation.html,200,9194,add-connection-process-automation.md
19:00:11,https://docs.oracle.com/iaas/visual-builder/doc/add-connection-process-cloud-service.html,200,10263,add-connection-process-cloud-service.md
19:00:12,https://docs.oracle.com/iaas/database-management/doc/add-connections-extdbsystem.html,200,17816,add-connections-extdbsystem.md
19:00:14,https://docs.oracle.com/iaas/database-management/doc/add-connections-ocdbsystem.html,200,17973,add-connections-ocdbsystem.md
19:00:16,https://docs.oracle.com/iaas/database-management/doc/add-connections-storage-servers.html,200,18273,add-connections-storage-servers.md
19:00:18,https://docs.oracle.com/iaas/disaster-recovery/doc/add-database-protection-group.html,200,20483,add-database-protection-group.md
19:00:19,https://docs.oracle.com/iaas/visual-builder-studio/doc/add-deployment-vms.html,200,13380,add-deployment-vms.md
19:00:21,https://docs.oracle.com/iaas/analytics-for-applications/doc/add-derived-columns.html,200,12342,add-derived-columns.md
19:00:23,https://docs.oracle.com/iaas/analytics-for-applications/doc/add-dimension.html,200,16851,add-dimension.md
19:00:25,https://docs.oracle.com/iaas/Content/pl-sql-sdk/doc/adm-package.html,200,9031,adm-package.md
19:00:29,https://docs.oracle.com/iaas/Content/pl-sql-sdk/doc/adm_t.html,200,305593,adm_t.md
19:00:30,https://docs.oracle.com/iaas/Content/pl-sql-sdk/doc/ai-document-package.html,200,9179,ai-document-package.md
19:00:32,https://docs.oracle.com/iaas/Content/pl-sql-sdk/doc/ai-language-package.html,200,9522,ai-language-package.md
19:00:34,https://docs.oracle.com/iaas/Content/pl-sql-sdk/doc/ai-speech-package.html,200,9569,ai-speech-package.md
19:00:36,https://docs.oracle.com/iaas/Content/pl-sql-sdk/doc/ai-vision-package.html,200,8615,ai-vision-package.md
19:00:39,https://docs.oracle.com/iaas/Content/pl-sql-sdk/doc/ai_document_t.html,200,328842,ai_document_t.md
19:00:43,https://docs.oracle.com/iaas/Content/pl-sql-sdk/doc/ai_language_t.html,200,431570,ai_language_t.md
19:00:46,https://docs.oracle.com/iaas/Content/pl-sql-sdk/doc/ai_speech_t.html,200,102836,ai_speech_t.md
19:00:49,https://docs.oracle.com/iaas/Content/pl-sql-sdk/doc/ai_vision_t.html,200,332706,ai_vision_t.md
19:00:51,https://docs.oracle.com/iaas/Content/pl-sql-sdk/doc/analytics-package.html,200,8349,analytics-package.md
19:00:53,https://docs.oracle.com/iaas/Content/pl-sql-sdk/doc/analytics_t.html,200,126767,analytics_t.md
19:00:54,https://docs.oracle.com/iaas/Content/pl-sql-sdk/doc/announcements-package.html,200,9912,announcements-package.md
19:00:55,https://docs.oracle.com/iaas/Content/pl-sql-sdk/doc/announcements_service_t.html,200,117786,announcements_service_t.md
19:00:56,https://docs.oracle.com/iaas/Content/pl-sql-sdk/doc/api-gateway-package.html,200,10065,api-gateway-package.md
19:00:58,https://docs.oracle.com/iaas/Content/pl-sql-sdk/api-reference.html,404,15118,
19:01:00,https://docs.oracle.com/iaas/Content/pl-sql-sdk/doc/apigateway_t.html,200,629448,apigateway_t.md
19:01:01,https://docs.oracle.com/iaas/Content/pl-sql-sdk/doc/apm-config-package.html,200,8328,apm-config-package.md
19:01:02,https://docs.oracle.com/iaas/Content/pl-sql-sdk/doc/apm-control-plane-package.html,200,9353,apm-control-plane-package.md
19:01:04,https://docs.oracle.com/iaas/Content/pl-sql-sdk/doc/apm-synthetics-package.html,200,9586,apm-synthetics-package.md
19:01:05,https://docs.oracle.com/iaas/Content/pl-sql-sdk/doc/apm-traces-package.html,200,9748,apm-traces-package.md
19:01:07,https://docs.oracle.com/iaas/Content/pl-sql-sdk/doc/apm_config_t.html,200,133833,apm_config_t.md
19:01:09,https://docs.oracle.com/iaas/Content/pl-sql-sdk/doc/apm_control_plane_t.html,200,72397,apm_control_plane_t.md
19:01:10,https://docs.oracle.com/iaas/Content/pl-sql-sdk/doc/apm_synthetics_t.html,200,266294,apm_synthetics_t.md
19:01:13,https://docs.oracle.com/iaas/Content/pl-sql-sdk/doc/apm_traces_t.html,200,123280,apm_traces_t.md
19:01:14,https://docs.oracle.com/iaas/Content/pl-sql-sdk/doc/application-management-control-package.html,200,8599,application-management-control-package.md
19:01:16,https://docs.oracle.com/iaas/Content/pl-sql-sdk/doc/application-migration-package.html,200,8934,application-migration-package.md
19:01:17,https://docs.oracle.com/iaas/Content/pl-sql-sdk/doc/application_migration_t.html,200,177151,application_migration_t.md
19:01:18,https://docs.oracle.com/iaas/Content/pl-sql-sdk/doc/appmgmt_control_t.html,200,60013,appmgmt_control_t.md
19:01:20,https://docs.oracle.com/iaas/Content/pl-sql-sdk/doc/artifacts-package.html,200,7634,artifacts-package.md
19:01:22,https://docs.oracle.com/iaas/Content/pl-sql-sdk/doc/artifacts_t.html,200,190271,artifacts_t.md
19:01:24,https://docs.oracle.com/iaas/Content/pl-sql-sdk/doc/audit-package.html,200,8565,audit-package.md
19:01:26,https://docs.oracle.com/iaas/Content/pl-sql-sdk/doc/audit_t.html,200,50370,audit_t.md
19:01:27,https://docs.oracle.com/iaas/Content/pl-sql-sdk/doc/autoscaling-package.html,200,8503,autoscaling-package.md
19:01:29,https://docs.oracle.com/iaas/Content/pl-sql-sdk/doc/autoscaling_t.html,200,115436,autoscaling_t.md
19:01:31,https://docs.oracle.com/iaas/Content/pl-sql-sdk/doc/bastion-package.html,200,9850,bastion-package.md
19:01:34,https://docs.oracle.com/iaas/Content/pl-sql-sdk/doc/bastion_t.html,200,119999,bastion_t.md
19:01:35,https://docs.oracle.com/iaas/Content/pl-sql-sdk/doc/bds-package.html,200,9020,bds-package.md
19:01:37,https://docs.oracle.com/iaas/Content/pl-sql-sdk/doc/bds_t.html,200,372976,bds_t.md
19:01:38,https://docs.oracle.com/iaas/Content/pl-sql-sdk/doc/blockchain-package.html,200,7977,blockchain-package.md
19:01:40,https://docs.oracle.com/iaas/Content/pl-sql-sdk/doc/blockchain_t.html,200,185526,blockchain_t.md
19:01:42,https://docs.oracle.com/iaas/Content/pl-sql-sdk/doc/budget-package.html,200,7315,budget-package.md
19:01:43,https://docs.oracle.com/iaas/Content/pl-sql-sdk/doc/budget_t.html,200,83806,budget_t.md
19:01:45,https://docs.oracle.com/iaas/Content/pl-sql-sdk/doc/certificates-management-package.html,200,10467,certificates-management-package.md
19:01:47,https://docs.oracle.com/iaas/Content/pl-sql-sdk/doc/certificates-package.html,200,10128,certificates-package.md
19:01:50,https://docs.oracle.com/iaas/Content/pl-sql-sdk/doc/certificates_management_t.html,200,285217,certificates_management_t.md
19:01:52,https://docs.oracle.com/iaas/Content/pl-sql-sdk/doc/certificates_t.html,200,61017,certificates_t.md
19:01:53,https://docs.oracle.com/iaas/Content/pl-sql-sdk/doc/cims-package.html,200,7690,cims-package.md
19:01:54,https://docs.oracle.com/iaas/Content/pl-sql-sdk/doc/cims_t.html,200,151686,cims_t.md
19:01:55,https://docs.oracle.com/iaas/Content/pl-sql-sdk/doc/cloud-bridge-package.html,200,7920,cloud-bridge-package.md
19:01:56,https://docs.oracle.com/iaas/Content/pl-sql-sdk/doc/cloud-guard-package.html,200,9372,cloud-guard-package.md
19:01:58,https://docs.oracle.com/iaas/Content/pl-sql-sdk/doc/cloud-migrations-package.html,200,9069,cloud-migrations-package.md
19:02:00,https://docs.oracle.com/iaas/Content/pl-sql-sdk/doc/cloud_bridge_t.html,200,446020,cloud_bridge_t.md
19:02:02,https://docs.oracle.com/iaas/Content/pl-sql-sdk/doc/cloud_guard_t.html,200,1067054,cloud_guard_t.md
19:02:05,https://docs.oracle.com/iaas/Content/pl-sql-sdk/doc/cloud_migrations_t.html,200,457281,cloud_migrations_t.md
19:02:07,https://docs.oracle.com/iaas/Content/pl-sql-sdk/doc/compute-cloud-customer-package.html,200,10064,compute-cloud-customer-package.md
19:02:08,https://docs.oracle.com/iaas/Content/pl-sql-sdk/doc/compute-instance-agent-package.html,200,8927,compute-instance-agent-package.md
19:02:09,https://docs.oracle.com/iaas/Content/pl-sql-sdk/doc/compute_cloud_at_customer_t.html,200,132505,compute_cloud_at_customer_t.md
19:02:11,https://docs.oracle.com/iaas/Content/pl-sql-sdk/doc/compute_instance_agent_t.html,200,100529,compute_instance_agent_t.md
19:02:12,https://docs.oracle.com/iaas/Content/pl-sql-sdk/doc/container-engine-package.html,200,9280,container-engine-package.md
19:02:14,https://docs.oracle.com/iaas/Content/pl-sql-sdk/doc/container-instances-package.html,200,8767,container-instances-package.md
19:02:17,https://docs.oracle.com/iaas/Content/pl-sql-sdk/doc/container_engine_t.html,200,454437,container_engine_t.md
19:02:18,https://docs.oracle.com/iaas/Content/pl-sql-sdk/doc/container_instances_t.html,200,293114,container_instances_t.md
19:02:20,https://docs.oracle.com/iaas/Content/pl-sql-sdk/doc/core-package.html,200,8943,core-package.md
19:02:21,https://docs.oracle.com/iaas/Content/pl-sql-sdk/doc/core_t.html,200,2881323,core_t.md
19:02:22,https://docs.oracle.com/iaas/Content/pl-sql-sdk/doc/dashboard-package.html,200,9311,dashboard-package.md
19:02:24,https://docs.oracle.com/iaas/Content/pl-sql-sdk/doc/dashboard_service_t.html,200,83649,dashboard_service_t.md
19:02:26,https://docs.oracle.com/iaas/Content/pl-sql-sdk/doc/data-catalog-package.html,200,9152,data-catalog-package.md
19:02:27,https://docs.oracle.com/iaas/Content/pl-sql-sdk/doc/data-flow-package.html,200,9669,data-flow-package.md
19:02:28,https://docs.oracle.com/iaas/Content/pl-sql-sdk/doc/data-integration-package.html,200,9214,data-integration-package.md
19:02:30,https://docs.oracle.com/iaas/Content/pl-sql-sdk/doc/data-labeling-service-dataplane-package.html,200,9509,data-labeling-service-dataplane-package.md
19:02:31,https://docs.oracle.com/iaas/Content/pl-sql-sdk/doc/data-labeling-service-package.html,200,9439,data-labeling-service-package.md
19:02:33,https://docs.oracle.com/iaas/Content/pl-sql-sdk/doc/data-safe-package.html,200,8973,data-safe-package.md
19:02:34,https://docs.oracle.com/iaas/Content/pl-sql-sdk/doc/data-science-package.html,200,8104,data-science-package.md
19:02:37,https://docs.oracle.com/iaas/Content/pl-sql-sdk/doc/data_labeling_service_dataplane_t.html,200,200904,data_labeling_service_dataplane_t.md
19:02:40,https://docs.oracle.com/iaas/Content/pl-sql-sdk/doc/data_labeling_service_t.html,200,160958,data_labeling_service_t.md
19:02:41,https://docs.oracle.com/iaas/Content/pl-sql-sdk/doc/database-management-package.html,200,10018,database-management-package.md
19:02:42,https://docs.oracle.com/iaas/Content/pl-sql-sdk/doc/database-migration-package.html,200,8551,database-migration-package.md
19:02:44,https://docs.oracle.com/iaas/Content/pl-sql-sdk/doc/database-package.html,200,9666,database-package.md
19:02:45,https://docs.oracle.com/iaas/Content/pl-sql-sdk/doc/database-tools-package.html,200,8214,database-tools-package.md
19:02:47,https://docs.oracle.com/iaas/Content/pl-sql-sdk/doc/database_management_t.html,200,2092379,database_management_t.md
19:02:49,https://docs.oracle.com/iaas/Content/pl-sql-sdk/doc/database_migration_t.html,200,621010,database_migration_t.md
19:02:52,https://docs.oracle.com/iaas/Content/pl-sql-sdk/doc/database_t.html,200,2677359,database_t.md
19:02:54,https://docs.oracle.com/iaas/Content/pl-sql-sdk/doc/database_tools_t.html,200,535261,database_tools_t.md
19:02:55,https://docs.oracle.com/iaas/Content/pl-sql-sdk/doc/datacatalog_t.html,200,1054370,datacatalog_t.md
19:02:57,https://docs.oracle.com/iaas/Content/pl-sql-sdk/doc/dataflow_t.html,200,372667,dataflow_t.md
19:03:01,https://docs.oracle.com/iaas/Content/pl-sql-sdk/doc/dataintegration_t.html,200,3073662,dataintegration_t.md
19:03:07,https://docs.oracle.com/iaas/Content/pl-sql-sdk/doc/datasafe_t.html,200,1837854,datasafe_t.md
19:03:08,https://docs.oracle.com/iaas/Content/pl-sql-sdk/doc/datascience_t.html,200,593772,datascience_t.md
19:03:10,https://docs.oracle.com/iaas/Content/pl-sql-sdk/doc/dbms_cloud_oci_ac_config.html,200,49980,dbms_cloud_oci_ac_config.md
19:03:11,https://docs.oracle.com/iaas/Content/pl-sql-sdk/doc/dbms_cloud_oci_ac_config_t.html,200,29114,dbms_cloud_oci_ac_config_t.md
19:03:12,https://docs.oracle.com/iaas/Content/pl-sql-sdk/doc/dbms_cloud_oci_acp_apm_domain.html,200,72016,dbms_cloud_oci_acp_apm_domain.md
19:03:14,https://docs.oracle.com/iaas/Content/pl-sql-sdk/doc/dbms_cloud_oci_acp_apm_domain_t.html,200,52439,dbms_cloud_oci_acp_apm_domain_t.md
19:03:15,https://docs.oracle.com/iaas/Content/pl-sql-sdk/doc/dbms_cloud_oci_ad_audit.html,200,20289,dbms_cloud_oci_ad_audit.md
19:03:17,https://docs.oracle.com/iaas/Content/pl-sql-sdk/doc/dbms_cloud_oci_ad_audit_t.html,200,15784,dbms_cloud_oci_ad_audit_t.md
19:03:18,https://docs.oracle.com/iaas/Content/pl-sql-sdk/doc/dbms_cloud_oci_adm_application_dependency_management.html,200,200713,dbms_cloud_oci_adm_application_dependency_management.md
19:03:20,https://docs.oracle.com/iaas/Content/pl-sql-sdk/doc/dbms_cloud_oci_adm_application_dependency_management_t.html,200,110273,dbms_cloud_oci_adm_application_dependency_management_t.md
19:03:22,https://docs.oracle.com/iaas/Content/pl-sql-sdk/doc/dbms_cloud_oci_ag_api_gateway.html,200,107817,dbms_cloud_oci_ag_api_gateway.md
19:03:24,https://docs.oracle.com/iaas/Content/pl-sql-sdk/doc/dbms_cloud_oci_ag_api_gateway_t.html,200,64245,dbms_cloud_oci_ag_api_gateway_t.md
19:03:26,https://docs.oracle.com/iaas/Content/pl-sql-sdk/doc/dbms_cloud_oci_ag_deployment.html,200,36312,dbms_cloud_oci_ag_deployment.md
19:03:28,https://docs.oracle.com/iaas/Content/pl-sql-sdk/doc/dbms_cloud_oci_ag_deployment_t.html,200,23077,dbms_cloud_oci_ag_deployment_t.md
19:03:30,https://docs.oracle.com/iaas/Content/pl-sql-sdk/doc/dbms_cloud_oci_ag_gateway.html,200,36109,dbms_cloud_oci_ag_gateway.md
19:03:31,https://docs.oracle.com/iaas/Content/pl-sql-sdk/doc/dbms_cloud_oci_ag_gateway_t.html,200,22815,dbms_cloud_oci_ag_gateway_t.md
19:03:32,https://docs.oracle.com/iaas/Content/pl-sql-sdk/doc/dbms_cloud_oci_ag_subscribers.html,200,35934,dbms_cloud_oci_ag_subscribers.md
19:03:33,https://docs.oracle.com/iaas/Content/pl-sql-sdk/doc/dbms_cloud_oci_ag_subscribers_t.html,200,23043,dbms_cloud_oci_ag_subscribers_t.md
19:03:35,https://docs.oracle.com/iaas/Content/pl-sql-sdk/doc/dbms_cloud_oci_ag_usage_plans.html,200,35934,dbms_cloud_oci_ag_usage_plans.md
19:03:36,https://docs.oracle.com/iaas/Content/pl-sql-sdk/doc/dbms_cloud_oci_ag_usage_plans_t.html,200,23043,dbms_cloud_oci_ag_usage_plans_t.md
19:03:38,https://docs.oracle.com/iaas/Content/pl-sql-sdk/doc/dbms_cloud_oci_ag_work_requests.html,200,32776,dbms_cloud_oci_ag_work_requests.md
19:03:40,https://docs.oracle.com/iaas/Content/pl-sql-sdk/doc/dbms_cloud_oci_ag_work_requests_t.html,200,21155,dbms_cloud_oci_ag_work_requests_t.md
19:03:42,https://docs.oracle.com/iaas/Content/pl-sql-sdk/doc/dbms_cloud_oci_agc_access_governance_cp.html,200,46393,dbms_cloud_oci_agc_access_governance_cp.md
19:03:43,https://docs.oracle.com/iaas/Content/pl-sql-sdk/doc/dbms_cloud_oci_agc_access_governance_cp_t.html,200,30258,dbms_cloud_oci_agc_access_governance_cp_t.md
19:03:44,https://docs.oracle.com/iaas/Content/pl-sql-sdk/doc/dbms_cloud_oci_aid_ai_service_document.html,200,111570,dbms_cloud_oci_aid_ai_service_document.md
19:03:47,https://docs.oracle.com/iaas/Content/pl-sql-sdk/doc/dbms_cloud_oci_aid_ai_service_document_t.html,200,68160,dbms_cloud_oci_aid_ai_service_document_t.md
19:03:50,https://docs.oracle.com/iaas/Content/pl-sql-sdk/doc/dbms_cloud_oci_ail_ai_service_language.html,200,179139,dbms_cloud_oci_ail_ai_service_language.md
19:03:52,https://docs.oracle.com/iaas/Content/pl-sql-sdk/doc/dbms_cloud_oci_ail_ai_service_language_t.html,200,110380,dbms_cloud_oci_ail_ai_service_language_t.md
19:03:54,https://docs.oracle.com/iaas/Content/pl-sql-sdk/doc/dbms_cloud_oci_ais_ai_service_speech.html,200,53536,dbms_cloud_oci_ais_ai_service_speech.md
19:03:55,https://docs.oracle.com/iaas/Content/pl-sql-sdk/doc/dbms_cloud_oci_ais_ai_service_speech_t.html,200,32334,dbms_cloud_oci_ais_ai_service_speech_t.md
19:03:58,https://docs.oracle.com/iaas/Content/pl-sql-sdk/doc/dbms_cloud_oci_aiv_ai_service_vision.html,200,122243,dbms_cloud_oci_aiv_ai_service_vision.md
19:04:00,https://docs.oracle.com/iaas/Content/pl-sql-sdk/doc/dbms_cloud_oci_aiv_ai_service_vision_t.html,200,76335,dbms_cloud_oci_aiv_ai_service_vision_t.md
19:04:02,https://docs.oracle.com/iaas/Content/pl-sql-sdk/doc/dbms_cloud_oci_am_application_migration.html,200,116637,dbms_cloud_oci_am_application_migration.md
19:04:04,https://docs.oracle.com/iaas/Content/pl-sql-sdk/doc/dbms_cloud_oci_am_application_migration_t.html,200,65853,dbms_cloud_oci_am_application_migration_t.md
19:04:05,https://docs.oracle.com/iaas/Content/pl-sql-sdk/doc/dbms_cloud_oci_an_analytics.html,200,130373,dbms_cloud_oci_an_analytics.md
19:04:07,https://docs.oracle.com/iaas/Content/pl-sql-sdk/doc/dbms_cloud_oci_an_analytics_t.html,200,72634,dbms_cloud_oci_an_analytics_t.md
19:04:09,https://docs.oracle.com/iaas/Content/pl-sql-sdk/doc/dbms_cloud_oci_apc_appmgmt_control.html,200,43179,dbms_cloud_oci_apc_appmgmt_control.md
19:04:11,https://docs.oracle.com/iaas/Content/pl-sql-sdk/doc/dbms_cloud_oci_apc_appmgmt_control_t.html,200,29761,dbms_cloud_oci_apc_appmgmt_control_t.md
19:04:14,https://docs.oracle.com/iaas/Content/pl-sql-sdk/doc/dbms_cloud_oci_ar_artifacts.html,200,187740,dbms_cloud_oci_ar_artifacts.md
19:04:15,https://docs.oracle.com/iaas/Content/pl-sql-sdk/doc/dbms_cloud_oci_ar_artifacts_t.html,200,98108,dbms_cloud_oci_ar_artifacts_t.md
19:04:16,https://docs.oracle.com/iaas/Content/pl-sql-sdk/doc/dbms_cloud_oci_as_announcement.html,200,31359,dbms_cloud_oci_as_announcement.md
19:04:19,https://docs.oracle.com/iaas/Content/pl-sql-sdk/doc/dbms_cloud_oci_as_announcement_subscription.html,200,55744,dbms_cloud_oci_as_announcement_subscription.md
19:04:21,https://docs.oracle.com/iaas/Content/pl-sql-sdk/doc/dbms_cloud_oci_as_announcement_subscription_t.html,200,32953,dbms_cloud_oci_as_announcement_subscription_t.md
19:04:22,https://docs.oracle.com/iaas/Content/pl-sql-sdk/doc/dbms_cloud_oci_as_announcement_t.html,200,18614,dbms_cloud_oci_as_announcement_t.md
19:04:23,https://docs.oracle.com/iaas/Content/pl-sql-sdk/doc/dbms_cloud_oci_as_announcements_preferences.html,200,26645,dbms_cloud_oci_as_announcements_preferences.md
19:04:25,https://docs.oracle.com/iaas/Content/pl-sql-sdk/doc/dbms_cloud_oci_as_announcements_preferences_t.html,200,20178,dbms_cloud_oci_as_announcements_preferences_t.md
19:04:27,https://docs.oracle.com/iaas/Content/pl-sql-sdk/doc/dbms_cloud_oci_asc_auto_scaling.html,200,65597,dbms_cloud_oci_asc_auto_scaling.md
19:04:29,https://docs.oracle.com/iaas/Content/pl-sql-sdk/doc/dbms_cloud_oci_asc_auto_scaling_t.html,200,40454,dbms_cloud_oci_asc_auto_scaling_t.md
19:04:30,https://docs.oracle.com/iaas/Content/pl-sql-sdk/doc/dbms_cloud_oci_asy_apm_synthetic.html,200,104569,dbms_cloud_oci_asy_apm_synthetic.md
19:04:31,https://docs.oracle.com/iaas/Content/pl-sql-sdk/doc/dbms_cloud_oci_asy_apm_synthetic_t.html,200,58494,dbms_cloud_oci_asy_apm_synthetic_t.md
19:04:32,https://docs.oracle.com/iaas/Content/pl-sql-sdk/doc/dbms_cloud_oci_atr_query.html,200,18020,dbms_cloud_oci_atr_query.md
19:04:33,https://docs.oracle.com/iaas/Content/pl-sql-sdk/doc/dbms_cloud_oci_atr_query_t.html,200,13560,dbms_cloud_oci_atr_query_t.md
19:04:35,https://docs.oracle.com/iaas/Content/pl-sql-sdk/doc/dbms_cloud_oci_atr_trace.html,200,25267,dbms_cloud_oci_atr_trace.md
19:04:37,https://docs.oracle.com/iaas/Content/pl-sql-sdk/doc/dbms_cloud_oci_atr_trace_t.html,200,18331,dbms_cloud_oci_atr_trace_t.md
19:04:39,https://docs.oracle.com/iaas/Content/pl-sql-sdk/doc/dbms_cloud_oci_bc_blockchain_platform.html,200,143745,dbms_cloud_oci_bc_blockchain_platform.md
19:04:40,https://docs.oracle.com/iaas/Content/pl-sql-sdk/doc/dbms_cloud_oci_bc_blockchain_platform_t.html,200,80514,dbms_cloud_oci_bc_blockchain_platform_t.md
19:04:42,https://docs.oracle.com/iaas/Content/pl-sql-sdk/doc/dbms_cloud_oci_bd_budget.html,200,55628,dbms_cloud_oci_bd_budget.md
19:04:44,https://docs.oracle.com/iaas/Content/pl-sql-sdk/doc/dbms_cloud_oci_bd_budget_t.html,200,36397,dbms_cloud_oci_bd_budget_t.md
19:04:46,https://docs.oracle.com/iaas/Content/pl-sql-sdk/doc/dbms_cloud_oci_bds_bds.html,200,279731,dbms_cloud_oci_bds_bds.md
19:04:48,https://docs.oracle.com/iaas/Content/pl-sql-sdk/doc/dbms_cloud_oci_bds_bds_t.html,200,151507,dbms_cloud_oci_bds_bds_t.md
19:04:50,https://docs.oracle.com/iaas/Content/pl-sql-sdk/doc/dbms_cloud_oci_bt_bastion.html,200,77975,dbms_cloud_oci_bt_bastion.md
19:04:51,https://docs.oracle.com/iaas/Content/pl-sql-sdk/doc/dbms_cloud_oci_bt_bastion_t.html,200,52977,dbms_cloud_oci_bt_bastion_t.md
19:04:52,https://docs.oracle.com/iaas/Content/pl-sql-sdk/doc/dbms_cloud_oci_cb_discovery.html,200,76742,dbms_cloud_oci_cb_discovery.md
19:04:53,https://docs.oracle.com/iaas/Content/pl-sql-sdk/doc/dbms_cloud_oci_cb_discovery_t.html,200,45392,dbms_cloud_oci_cb_discovery_t.md
19:04:55,https://docs.oracle.com/iaas/Content/pl-sql-sdk/doc/dbms_cloud_oci_cb_inventory.html,200,88674,dbms_cloud_oci_cb_inventory.md
19:04:57,https://docs.oracle.com/iaas/Content/pl-sql-sdk/doc/dbms_cloud_oci_cb_inventory_t.html,200,50969,dbms_cloud_oci_cb_inventory_t.md
19:04:58,https://docs.oracle.com/iaas/Content/pl-sql-sdk/doc/dbms_cloud_oci_cb_ocb_agent_svc.html,200,125539,dbms_cloud_oci_cb_ocb_agent_svc.md
19:05:01,https://docs.oracle.com/iaas/Content/pl-sql-sdk/doc/dbms_cloud_oci_cb_ocb_agent_svc_t.html,200,71225,dbms_cloud_oci_cb_ocb_agent_svc_t.md
19:05:02,https://docs.oracle.com/iaas/Content/pl-sql-sdk/doc/dbms_cloud_oci_ccac_compute_cloud_at_customer.html,200,74988,dbms_cloud_oci_ccac_compute_cloud_at_customer.md
19:05:03,https://docs.oracle.com/iaas/Content/pl-sql-sdk/doc/dbms_cloud_oci_ccac_compute_cloud_at_customer_t.html,200,41744,dbms_cloud_oci_ccac_compute_cloud_at_customer_t.md
19:05:04,https://docs.oracle.com/iaas/Content/pl-sql-sdk/doc/dbms_cloud_oci_ce_container_engine.html,200,230244,dbms_cloud_oci_ce_container_engine.md
19:05:06,https://docs.oracle.com/iaas/Content/pl-sql-sdk/doc/dbms_cloud_oci_ce_container_engine_t.html,200,140344,dbms_cloud_oci_ce_container_engine_t.md
19:05:07,https://docs.oracle.com/iaas/Content/pl-sql-sdk/doc/dbms_cloud_oci_cert_certificates.html,200,32282,dbms_cloud_oci_cert_certificates.md
19:05:09,https://docs.oracle.com/iaas/Content/pl-sql-sdk/doc/dbms_cloud_oci_cert_certificates_t.html,200,21731,dbms_cloud_oci_cert_certificates_t.md
19:05:11,https://docs.oracle.com/iaas/Content/pl-sql-sdk/doc/dbms_cloud_oci_certm_certificates_management.html,200,181156,dbms_cloud_oci_certm_certificates_management.md
19:05:14,https://docs.oracle.com/iaas/Content/pl-sql-sdk/doc/dbms_cloud_oci_certm_certificates_management_t.html,200,98133,dbms_cloud_oci_certm_certificates_management_t.md
19:05:16,https://docs.oracle.com/iaas/Content/pl-sql-sdk/doc/dbms_cloud_oci_cg_cloud_guard.html,200,763778,dbms_cloud_oci_cg_cloud_guard.md
19:05:17,https://docs.oracle.com/iaas/Content/pl-sql-sdk/doc/dbms_cloud_oci_cg_cloud_guard_t.html,200,391900,dbms_cloud_oci_cg_cloud_guard_t.md
19:05:19,https://docs.oracle.com/iaas/Content/pl-sql-sdk/doc/dbms_cloud_oci_ci_incident.html,200,63254,dbms_cloud_oci_ci_incident.md
19:05:21,https://docs.oracle.com/iaas/Content/pl-sql-sdk/doc/dbms_cloud_oci_ci_incident_t.html,200,31612,dbms_cloud_oci_ci_incident_t.md
19:05:23,https://docs.oracle.com/iaas/Content/pl-sql-sdk/doc/dbms_cloud_oci_cia_compute_instance_agent.html,200,39368,dbms_cloud_oci_cia_compute_instance_agent.md
19:05:25,https://docs.oracle.com/iaas/Content/pl-sql-sdk/doc/dbms_cloud_oci_cia_compute_instance_agent_t.html,200,27067,dbms_cloud_oci_cia_compute_instance_agent_t.md
19:05:26,https://docs.oracle.com/iaas/Content/pl-sql-sdk/doc/dbms_cloud_oci_cia_plugin.html,200,19252,dbms_cloud_oci_cia_plugin.md
19:05:27,https://docs.oracle.com/iaas/Content/pl-sql-sdk/doc/dbms_cloud_oci_cia_plugin_t.html,200,13860,dbms_cloud_oci_cia_plugin_t.md
19:05:28,https://docs.oracle.com/iaas/Content/pl-sql-sdk/doc/dbms_cloud_oci_cia_pluginconfig.html,200,15016,dbms_cloud_oci_cia_pluginconfig.md
19:05:30,https://docs.oracle.com/iaas/Content/pl-sql-sdk/doc/dbms_cloud_oci_cia_pluginconfig_t.html,200,10980,dbms_cloud_oci_cia_pluginconfig_t.md
19:05:33,https://docs.oracle.com/iaas/Content/pl-sql-sdk/doc/dbms_cloud_oci_cin_container_instance.html,200,101819,dbms_cloud_oci_cin_container_instance.md
19:05:35,https://docs.oracle.com/iaas/Content/pl-sql-sdk/doc/dbms_cloud_oci_cin_container_instance_t.html,200,57640,dbms_cloud_oci_cin_container_instance_t.md
19:05:37,https://docs.oracle.com/iaas/Content/pl-sql-sdk/doc/dbms_cloud_oci_cm_migration.html,200,223792,dbms_cloud_oci_cm_migration.md
19:05:39,https://docs.oracle.com/iaas/Content/pl-sql-sdk/doc/dbms_cloud_oci_cm_migration_t.html,200,125694,dbms_cloud_oci_cm_migration_t.md
19:05:41,https://docs.oracle.com/iaas/Content/pl-sql-sdk/doc/dbms_cloud_oci_cr_blockstorage.html,200,293495,dbms_cloud_oci_cr_blockstorage.md
19:05:42,https://docs.oracle.com/iaas/Content/pl-sql-sdk/doc/dbms_cloud_oci_cr_blockstorage_t.html,200,188448,dbms_cloud_oci_cr_blockstorage_t.md
19:05:44,https://docs.oracle.com/iaas/Content/pl-sql-sdk/doc/dbms_cloud_oci_cr_compute.html,200,538592,dbms_cloud_oci_cr_compute.md
19:05:46,https://docs.oracle.com/iaas/Content/pl-sql-sdk/doc/dbms_cloud_oci_cr_compute_management.html,200,172449,dbms_cloud_oci_cr_compute_management.md
19:05:48,https://docs.oracle.com/iaas/Content/pl-sql-sdk/doc/dbms_cloud_oci_cr_compute_management_t.html,200,102799,dbms_cloud_oci_cr_compute_management_t.md
19:05:52,https://docs.oracle.com/iaas/Content/pl-sql-sdk/doc/dbms_cloud_oci_cr_compute_t.html,200,315011,dbms_cloud_oci_cr_compute_t.md
19:05:54,https://docs.oracle.com/iaas/Content/pl-sql-sdk/doc/dbms_cloud_oci_cr_virtual_network.html,200,1223552,dbms_cloud_oci_cr_virtual_network.md
19:05:58,https://docs.oracle.com/iaas/Content/pl-sql-sdk/doc/dbms_cloud_oci_cr_virtual_network_t.html,200,740598,dbms_cloud_oci_cr_virtual_network_t.md
19:06:05,https://docs.oracle.com/iaas/Content/pl-sql-sdk/doc/dbms_cloud_oci_db_database.html,200,1699531,dbms_cloud_oci_db_database.md
19:06:07,https://docs.oracle.com/iaas/Content/pl-sql-sdk/doc/dbms_cloud_oci_db_database_t.html,200,1014911,dbms_cloud_oci_db_database_t.md
19:06:09,https://docs.oracle.com/iaas/Content/pl-sql-sdk/doc/dbms_cloud_oci_dbs_dashboard.html,200,40830,dbms_cloud_oci_dbs_dashboard.md
19:06:11,https://docs.oracle.com/iaas/Content/pl-sql-sdk/doc/dbms_cloud_oci_dbs_dashboard_group.html,200,41289,dbms_cloud_oci_dbs_dashboard_group.md
19:06:13,https://docs.oracle.com/iaas/Content/pl-sql-sdk/doc/dbms_cloud_oci_dbs_dashboard_group_t.html,200,23820,dbms_cloud_oci_dbs_dashboard_group_t.md
19:06:14,https://docs.oracle.com/iaas/Content/pl-sql-sdk/doc/dbms_cloud_oci_dbs_dashboard_t.html,200,23382,dbms_cloud_oci_dbs_dashboard_t.md
19:06:16,https://docs.oracle.com/iaas/Content/pl-sql-sdk/doc/dbms_cloud_oci_dc_data_catalog.html,200,922386,dbms_cloud_oci_dc_data_catalog.md
19:06:19,https://docs.oracle.com/iaas/Content/pl-sql-sdk/doc/dbms_cloud_oci_dc_data_catalog_t.html,200,433943,dbms_cloud_oci_dc_data_catalog_t.md
19:06:20,https://docs.oracle.com/iaas/Content/pl-sql-sdk/doc/dbms_cloud_oci_df_data_flow.html,200,219572,dbms_cloud_oci_df_data_flow.md
19:06:23,https://docs.oracle.com/iaas/Content/pl-sql-sdk/doc/dbms_cloud_oci_df_data_flow_t.html,200,125403,dbms_cloud_oci_df_data_flow_t.md
19:06:24,https://docs.oracle.com/iaas/Content/pl-sql-sdk/doc/dbms_cloud_oci_di_data_integration.html,200,951587,dbms_cloud_oci_di_data_integration.md
19:06:28,https://docs.oracle.com/iaas/Content/pl-sql-sdk/doc/dbms_cloud_oci_di_data_integration_t.html,200,484940,dbms_cloud_oci_di_data_integration_t.md
19:06:30,https://docs.oracle.com/iaas/Content/pl-sql-sdk/doc/dbms_cloud_oci_dls_data_labeling_management.html,200,92844,dbms_cloud_oci_dls_data_labeling_management.md
19:06:32,https://docs.oracle.com/iaas/Content/pl-sql-sdk/doc/dbms_cloud_oci_dls_data_labeling_management_t.html,200,54342,dbms_cloud_oci_dls_data_labeling_management_t.md
19:06:33,https://docs.oracle.com/iaas/Content/pl-sql-sdk/doc/dbms_cloud_oci_dlsd_data_labeling.html,200,84120,dbms_cloud_oci_dlsd_data_labeling.md
19:06:35,https://docs.oracle.com/iaas/Content/pl-sql-sdk/doc/dbms_cloud_oci_dlsd_data_labeling_t.html,200,50170,dbms_cloud_oci_dlsd_data_labeling_t.md
19:06:39,https://docs.oracle.com/iaas/Content/pl-sql-sdk/doc/dbms_cloud_oci_dm_db_management.html,200,1054678,dbms_cloud_oci_dm_db_management.md
19:06:41,https://docs.oracle.com/iaas/Content/pl-sql-sdk/doc/dbms_cloud_oci_dm_db_management_t.html,200,541185,dbms_cloud_oci_dm_db_management_t.md
19:06:43,https://docs.oracle.com/iaas/Content/pl-sql-sdk/doc/dbms_cloud_oci_dm_diagnosability.html,200,39835,dbms_cloud_oci_dm_diagnosability.md
19:06:44,https://docs.oracle.com/iaas/Content/pl-sql-sdk/doc/dbms_cloud_oci_dm_diagnosability_t.html,200,18906,dbms_cloud_oci_dm_diagnosability_t.md
19:06:46,https://docs.oracle.com/iaas/Content/pl-sql-sdk/doc/dbms_cloud_oci_dm_managed_my_sql_databases.html,200,42969,dbms_cloud_oci_dm_managed_my_sql_databases.md
19:06:48,https://docs.oracle.com/iaas/Content/pl-sql-sdk/doc/dbms_cloud_oci_dm_managed_my_sql_databases_t.html,200,25686,dbms_cloud_oci_dm_managed_my_sql_databases_t.md
19:06:49,https://docs.oracle.com/iaas/Content/pl-sql-sdk/doc/dbms_cloud_oci_dm_perfhub.html,200,11430,dbms_cloud_oci_dm_perfhub.md
19:06:50,https://docs.oracle.com/iaas/Content/pl-sql-sdk/doc/dbms_cloud_oci_dm_perfhub_t.html,200,9444,dbms_cloud_oci_dm_perfhub_t.md
19:06:52,https://docs.oracle.com/iaas/Content/pl-sql-sdk/doc/dbms_cloud_oci_dm_sql_tuning.html,200,109672,dbms_cloud_oci_dm_sql_tuning.md
19:06:53,https://docs.oracle.com/iaas/Content/pl-sql-sdk/doc/dbms_cloud_oci_dm_sql_tuning_t.html,200,57434,dbms_cloud_oci_dm_sql_tuning_t.md
19:06:55,https://docs.oracle.com/iaas/Content/pl-sql-sdk/doc/dbms_cloud_oci_dmg_database_migration.html,200,216708,dbms_cloud_oci_dmg_database_migration.md
19:06:57,https://docs.oracle.com/iaas/Content/pl-sql-sdk/doc/dbms_cloud_oci_dmg_database_migration_t.html,200,123823,dbms_cloud_oci_dmg_database_migration_t.md
19:06:59,https://docs.oracle.com/iaas/Content/pl-sql-sdk/doc/dbms_cloud_oci_dns_dns.html,200,352043,dbms_cloud_oci_dns_dns.md
19:07:02,https://docs.oracle.com/iaas/Content/pl-sql-sdk/doc/dbms_cloud_oci_dns_dns_t.html,200,158035,dbms_cloud_oci_dns_dns_t.md
19:07:03,https://docs.oracle.com/iaas/Content/pl-sql-sdk/doc/dbms_cloud_oci_do_devops.html,200,470846,dbms_cloud_oci_do_devops.md
19:07:05,https://docs.oracle.com/iaas/Content/pl-sql-sdk/doc/dbms_cloud_oci_do_devops_t.html,200,260163,dbms_cloud_oci_do_devops_t.md
19:07:07,https://docs.oracle.com/iaas/Content/pl-sql-sdk/doc/dbms_cloud_oci_dr_disaster_recovery.html,200,164047,dbms_cloud_oci_dr_disaster_recovery.md
19:07:08,https://docs.oracle.com/iaas/Content/pl-sql-sdk/doc/dbms_cloud_oci_dr_disaster_recovery_t.html,200,86773,dbms_cloud_oci_dr_disaster_recovery_t.md
19:07:09,https://docs.oracle.com/iaas/Content/pl-sql-sdk/doc/dbms_cloud_oci_ds_data_safe.html,200,1573075,dbms_cloud_oci_ds_data_safe.md
19:07:15,https://docs.oracle.com/iaas/Content/pl-sql-sdk/doc/dbms_cloud_oci_ds_data_safe_t.html,200,725499,dbms_cloud_oci_ds_data_safe_t.md
19:07:17,https://docs.oracle.com/iaas/Content/pl-sql-sdk/doc/dbms_cloud_oci_dsc_data_science.html,200,491760,dbms_cloud_oci_dsc_data_science.md
19:07:18,https://docs.oracle.com/iaas/Content/pl-sql-sdk/doc/dbms_cloud_oci_dsc_data_science_t.html,200,277879,dbms_cloud_oci_dsc_data_science_t.md
19:07:19,https://docs.oracle.com/iaas/Content/pl-sql-sdk/doc/dbms_cloud_oci_dt_database_tools.html,200,130072,dbms_cloud_oci_dt_database_tools.md
19:07:21,https://docs.oracle.com/iaas/Content/pl-sql-sdk/doc/dbms_cloud_oci_dt_database_tools_t.html,200,74293,dbms_cloud_oci_dt_database_tools_t.md
19:07:23,https://docs.oracle.com/iaas/Content/pl-sql-sdk/doc/dbms_cloud_oci_em_email.html,200,131048,dbms_cloud_oci_em_email.md
19:07:25,https://docs.oracle.com/iaas/Content/pl-sql-sdk/doc/dbms_cloud_oci_em_email_t.html,200,77568,dbms_cloud_oci_em_email_t.md
19:07:28,https://docs.oracle.com/iaas/Content/pl-sql-sdk/doc/dbms_cloud_oci_ev_events.html,200,37186,dbms_cloud_oci_ev_events.md
19:07:30,https://docs.oracle.com/iaas/Content/pl-sql-sdk/doc/dbms_cloud_oci_ev_events_t.html,200,23983,dbms_cloud_oci_ev_events_t.md
19:07:32,https://docs.oracle.com/iaas/Content/pl-sql-sdk/doc/dbms_cloud_oci_ew_em_warehouse.html,200,72917,dbms_cloud_oci_ew_em_warehouse.md
19:07:34,https://docs.oracle.com/iaas/Content/pl-sql-sdk/doc/dbms_cloud_oci_ew_em_warehouse_t.html,200,42917,dbms_cloud_oci_ew_em_warehouse_t.md
19:07:37,https://docs.oracle.com/iaas/Content/pl-sql-sdk/doc/dbms_cloud_oci_fa_fusion_applications.html,200,205327,dbms_cloud_oci_fa_fusion_applications.md
19:07:38,https://docs.oracle.com/iaas/Content/pl-sql-sdk/doc/dbms_cloud_oci_fa_fusion_applications_t.html,200,117665,dbms_cloud_oci_fa_fusion_applications_t.md
19:07:40,https://docs.oracle.com/iaas/Content/pl-sql-sdk/doc/dbms_cloud_oci_fnc_functions_invoke.html,200,12496,dbms_cloud_oci_fnc_functions_invoke.md
19:07:41,https://docs.oracle.com/iaas/Content/pl-sql-sdk/doc/dbms_cloud_oci_fnc_functions_invoke_t.html,200,9656,dbms_cloud_oci_fnc_functions_invoke_t.md
19:07:43,https://docs.oracle.com/iaas/Content/pl-sql-sdk/doc/dbms_cloud_oci_fnc_functions_management.html,200,89394,dbms_cloud_oci_fnc_functions_management.md
19:07:45,https://docs.oracle.com/iaas/Content/pl-sql-sdk/doc/dbms_cloud_oci_fnc_functions_management_t.html,200,54852,dbms_cloud_oci_fnc_functions_management_t.md
19:07:49,https://docs.oracle.com/iaas/Content/pl-sql-sdk/doc/dbms_cloud_oci_fs_file_storage.html,200,282709,dbms_cloud_oci_fs_file_storage.md
19:07:50,https://docs.oracle.com/iaas/Content/pl-sql-sdk/doc/dbms_cloud_oci_fs_file_storage_t.html,200,158342,dbms_cloud_oci_fs_file_storage_t.md
19:07:54,https://docs.oracle.com/iaas/Content/pl-sql-sdk/doc/dbms_cloud_oci_fsu_fleet_software_update.html,200,234013,dbms_cloud_oci_fsu_fleet_software_update.md
19:07:56,https://docs.oracle.com/iaas/Content/pl-sql-sdk/doc/dbms_cloud_oci_fsu_fleet_software_update_t.html,200,130654,dbms_cloud_oci_fsu_fleet_software_update_t.md
19:07:58,https://docs.oracle.com/iaas/Content/pl-sql-sdk/doc/dbms_cloud_oci_ga_generative_ai.html,200,128411,dbms_cloud_oci_ga_generative_ai.md
19:08:00,https://docs.oracle.com/iaas/Content/pl-sql-sdk/doc/dbms_cloud_oci_ga_generative_ai_t.html,200,69108,dbms_cloud_oci_ga_generative_ai_t.md
19:08:01,https://docs.oracle.com/iaas/Content/pl-sql-sdk/doc/dbms_cloud_oci_gac_generic_artifacts_content.html,200,22902,dbms_cloud_oci_gac_generic_artifacts_content.md
19:08:03,https://docs.oracle.com/iaas/Content/pl-sql-sdk/doc/dbms_cloud_oci_gac_generic_artifacts_content_t.html,200,15974,dbms_cloud_oci_gac_generic_artifacts_content_t.md
19:08:05,https://docs.oracle.com/iaas/Content/pl-sql-sdk/doc/dbms_cloud_oci_gai_generative_ai_inference.html,200,21023,dbms_cloud_oci_gai_generative_ai_inference.md
19:08:07,https://docs.oracle.com/iaas/Content/pl-sql-sdk/doc/dbms_cloud_oci_gai_generative_ai_inference_t.html,200,15674,dbms_cloud_oci_gai_generative_ai_inference_t.md
19:08:10,https://docs.oracle.com/iaas/Content/pl-sql-sdk/doc/dbms_cloud_oci_gg_golden_gate.html,200,339922,dbms_cloud_oci_gg_golden_gate.md
19:08:13,https://docs.oracle.com/iaas/Content/pl-sql-sdk/doc/dbms_cloud_oci_gg_golden_gate_t.html,200,179027,dbms_cloud_oci_gg_golden_gate_t.md
19:08:15,https://docs.oracle.com/iaas/Content/pl-sql-sdk/doc/dbms_cloud_oci_grcp_governance_rule.html,200,83901,dbms_cloud_oci_grcp_governance_rule.md
19:08:16,https://docs.oracle.com/iaas/Content/pl-sql-sdk/doc/dbms_cloud_oci_grcp_governance_rule_t.html,200,49655,dbms_cloud_oci_grcp_governance_rule_t.md
19:08:17,https://docs.oracle.com/iaas/Content/pl-sql-sdk/doc/dbms_cloud_oci_grcp_work_request.html,200,32871,dbms_cloud_oci_grcp_work_request.md
19:08:19,https://docs.oracle.com/iaas/Content/pl-sql-sdk/doc/dbms_cloud_oci_grcp_work_request_t.html,200,21286,dbms_cloud_oci_grcp_work_request_t.md
19:08:20,https://docs.oracle.com/iaas/Content/pl-sql-sdk/doc/dbms_cloud_oci_hc_health_checks.html,200,95714,dbms_cloud_oci_hc_health_checks.md
19:08:22,https://docs.oracle.com/iaas/Content/pl-sql-sdk/doc/dbms_cloud_oci_hc_health_checks_t.html,200,60581,dbms_cloud_oci_hc_health_checks_t.md
19:08:24,https://docs.oracle.com/iaas/Content/pl-sql-sdk/doc/dbms_cloud_oci_id_identity.html,200,705104,dbms_cloud_oci_id_identity.md
19:08:29,https://docs.oracle.com/iaas/Content/pl-sql-sdk/doc/dbms_cloud_oci_id_identity_t.html,200,453033,dbms_cloud_oci_id_identity_t.md
19:08:30,https://docs.oracle.com/iaas/Content/pl-sql-sdk/doc/dbms_cloud_oci_idp_dataplane.html,200,14852,dbms_cloud_oci_idp_dataplane.md
19:08:33,https://docs.oracle.com/iaas/Content/pl-sql-sdk/doc/dbms_cloud_oci_idp_dataplane_t.html,200,12726,dbms_cloud_oci_idp_dataplane_t.md
19:08:34,https://docs.oracle.com/iaas/Content/pl-sql-sdk/doc/dbms_cloud_oci_int_integration_instance.html,200,82415,dbms_cloud_oci_int_integration_instance.md
19:08:36,https://docs.oracle.com/iaas/Content/pl-sql-sdk/doc/dbms_cloud_oci_int_integration_instance_t.html,200,52194,dbms_cloud_oci_int_integration_instance_t.md
19:08:37,https://docs.oracle.com/iaas/Content/pl-sql-sdk/doc/dbms_cloud_oci_jjd_java_download.html,200,135192,dbms_cloud_oci_jjd_java_download.md
19:08:40,https://docs.oracle.com/iaas/Content/pl-sql-sdk/doc/dbms_cloud_oci_jjd_java_download_t.html,200,79413,dbms_cloud_oci_jjd_java_download_t.md
19:08:44,https://docs.oracle.com/iaas/Content/pl-sql-sdk/doc/dbms_cloud_oci_jms_java_management_service.html,200,413448,dbms_cloud_oci_jms_java_management_service.md
19:08:46,https://docs.oracle.com/iaas/Content/pl-sql-sdk/doc/dbms_cloud_oci_jms_java_management_service_t.html,200,196717,dbms_cloud_oci_jms_java_management_service_t.md
19:08:48,https://docs.oracle.com/iaas/Content/pl-sql-sdk/doc/dbms_cloud_oci_km_ekm.html,200,30655,dbms_cloud_oci_km_ekm.md
19:08:50,https://docs.oracle.com/iaas/Content/pl-sql-sdk/doc/dbms_cloud_oci_km_ekm_t.html,200,22177,dbms_cloud_oci_km_ekm_t.md
19:08:51,https://docs.oracle.com/iaas/Content/pl-sql-sdk/doc/dbms_cloud_oci_km_kms_crypto.html,200,30844,dbms_cloud_oci_km_kms_crypto.md
19:08:53,https://docs.oracle.com/iaas/Content/pl-sql-sdk/doc/dbms_cloud_oci_km_kms_crypto_t.html,200,24068,dbms_cloud_oci_km_kms_crypto_t.md
19:08:55,https://docs.oracle.com/iaas/Content/pl-sql-sdk/doc/dbms_cloud_oci_km_kms_management.html,200,123869,dbms_cloud_oci_km_kms_management.md
19:08:57,https://docs.oracle.com/iaas/Content/pl-sql-sdk/doc/dbms_cloud_oci_km_kms_management_t.html,200,69888,dbms_cloud_oci_km_kms_management_t.md
19:08:59,https://docs.oracle.com/iaas/Content/pl-sql-sdk/doc/dbms_cloud_oci_km_kms_vault.html,200,87814,dbms_cloud_oci_km_kms_vault.md
19:09:01,https://docs.oracle.com/iaas/Content/pl-sql-sdk/doc/dbms_cloud_oci_km_kms_vault_t.html,200,48267,dbms_cloud_oci_km_kms_vault_t.md
19:09:05,https://docs.oracle.com/iaas/Content/pl-sql-sdk/doc/dbms_cloud_oci_lb_load_balancer.html,200,349498,dbms_cloud_oci_lb_load_balancer.md
19:09:07,https://docs.oracle.com/iaas/Content/pl-sql-sdk/doc/dbms_cloud_oci_lb_load_balancer_t.html,200,186254,dbms_cloud_oci_lb_load_balancer_t.md
19:09:09,https://docs.oracle.com/iaas/Content/pl-sql-sdk/doc/dbms_cloud_oci_lbx_lockbox.html,200,129104,dbms_cloud_oci_lbx_lockbox.md
19:09:11,https://docs.oracle.com/iaas/Content/pl-sql-sdk/doc/dbms_cloud_oci_lbx_lockbox_t.html,200,71573,dbms_cloud_oci_lbx_lockbox_t.md
19:09:13,https://docs.oracle.com/iaas/Content/pl-sql-sdk/doc/dbms_cloud_oci_lim_license_manager.html,200,95799,dbms_cloud_oci_lim_license_manager.md
19:09:15,https://docs.oracle.com/iaas/Content/pl-sql-sdk/doc/dbms_cloud_oci_lim_license_manager_t.html,200,59610,dbms_cloud_oci_lim_license_manager_t.md
19:09:17,https://docs.oracle.com/iaas/Content/pl-sql-sdk/doc/dbms_cloud_oci_lm_limits.html,200,31431,dbms_cloud_oci_lm_limits.md
19:09:19,https://docs.oracle.com/iaas/Content/pl-sql-sdk/doc/dbms_cloud_oci_lm_limits_t.html,200,21220,dbms_cloud_oci_lm_limits_t.md
19:09:20,https://docs.oracle.com/iaas/Content/pl-sql-sdk/doc/dbms_cloud_oci_lm_quotas.html,200,40913,dbms_cloud_oci_lm_quotas.md
19:09:21,https://docs.oracle.com/iaas/Content/pl-sql-sdk/doc/dbms_cloud_oci_lm_quotas_t.html,200,27295,dbms_cloud_oci_lm_quotas_t.md
19:09:22,https://docs.oracle.com/iaas/Content/pl-sql-sdk/doc/dbms_cloud_oci_log_logging_management.html,200,160622,dbms_cloud_oci_log_logging_management.md
19:09:24,https://docs.oracle.com/iaas/Content/pl-sql-sdk/doc/dbms_cloud_oci_log_logging_management_t.html,200,95586,dbms_cloud_oci_log_logging_management_t.md
19:09:26,https://docs.oracle.com/iaas/Content/pl-sql-sdk/doc/dbms_cloud_oci_logi_logging.html,200,12075,dbms_cloud_oci_logi_logging.md
19:09:27,https://docs.oracle.com/iaas/Content/pl-sql-sdk/doc/dbms_cloud_oci_logi_logging_t.html,200,9215,dbms_cloud_oci_logi_logging_t.md
19:09:29,https://docs.oracle.com/iaas/Content/pl-sql-sdk/doc/dbms_cloud_oci_logsrch_log_search.html,200,11889,dbms_cloud_oci_logsrch_log_search.md
19:09:30,https://docs.oracle.com/iaas/Content/pl-sql-sdk/doc/dbms_cloud_oci_logsrch_log_search_t.html,200,9655,dbms_cloud_oci_logsrch_log_search_t.md
19:09:33,https://docs.oracle.com/iaas/Content/pl-sql-sdk/doc/dbms_cloud_oci_ma_management_agent.html,200,136221,dbms_cloud_oci_ma_management_agent.md
19:09:34,https://docs.oracle.com/iaas/Content/pl-sql-sdk/doc/dbms_cloud_oci_ma_management_agent_t.html,200,82724,dbms_cloud_oci_ma_management_agent_t.md
19:09:36,https://docs.oracle.com/iaas/Content/pl-sql-sdk/doc/dbms_cloud_oci_md_dashx_apis.html,200,81082,dbms_cloud_oci_md_dashx_apis.md
19:09:38,https://docs.oracle.com/iaas/Content/pl-sql-sdk/doc/dbms_cloud_oci_md_dashx_apis_t.html,200,47458,dbms_cloud_oci_md_dashx_apis_t.md
19:09:39,https://docs.oracle.com/iaas/Content/pl-sql-sdk/doc/dbms_cloud_oci_mds_media_services.html,200,256261,dbms_cloud_oci_mds_media_services.md
19:09:43,https://docs.oracle.com/iaas/Content/pl-sql-sdk/doc/dbms_cloud_oci_mds_media_services_t.html,200,146575,dbms_cloud_oci_mds_media_services_t.md
19:09:44,https://docs.oracle.com/iaas/Content/pl-sql-sdk/doc/dbms_cloud_oci_mds_media_stream.html,200,15304,dbms_cloud_oci_mds_media_stream.md
19:09:46,https://docs.oracle.com/iaas/Content/pl-sql-sdk/doc/dbms_cloud_oci_mds_media_stream_t.html,200,12645,dbms_cloud_oci_mds_media_stream_t.md
19:09:49,https://docs.oracle.com/iaas/Content/pl-sql-sdk/doc/dbms_cloud_oci_mn_monitoring.html,200,91009,dbms_cloud_oci_mn_monitoring.md
19:09:51,https://docs.oracle.com/iaas/Content/pl-sql-sdk/doc/dbms_cloud_oci_mn_monitoring_t.html,200,47041,dbms_cloud_oci_mn_monitoring_t.md
19:09:52,https://docs.oracle.com/iaas/Content/pl-sql-sdk/doc/dbms_cloud_oci_mp_account.html,200,15067,dbms_cloud_oci_mp_account.md
19:09:53,https://docs.oracle.com/iaas/Content/pl-sql-sdk/doc/dbms_cloud_oci_mp_account_t.html,200,12752,dbms_cloud_oci_mp_account_t.md
19:09:54,https://docs.oracle.com/iaas/Content/pl-sql-sdk/doc/dbms_cloud_oci_mp_marketplace.html,200,173967,dbms_cloud_oci_mp_marketplace.md
19:09:56,https://docs.oracle.com/iaas/Content/pl-sql-sdk/doc/dbms_cloud_oci_mp_marketplace_t.html,200,102348,dbms_cloud_oci_mp_marketplace_t.md
19:09:58,https://docs.oracle.com/iaas/Content/pl-sql-sdk/doc/dbms_cloud_oci_mpp_marketplace_publisher.html,200,361714,dbms_cloud_oci_mpp_marketplace_publisher.md
19:10:01,https://docs.oracle.com/iaas/Content/pl-sql-sdk/doc/dbms_cloud_oci_mpp_marketplace_publisher_t.html,200,210834,dbms_cloud_oci_mpp_marketplace_publisher_t.md
19:10:03,https://docs.oracle.com/iaas/Content/pl-sql-sdk/doc/dbms_cloud_oci_ms_channels.html,200,45570,dbms_cloud_oci_ms_channels.md
19:10:04,https://docs.oracle.com/iaas/Content/pl-sql-sdk/doc/dbms_cloud_oci_ms_channels_t.html,200,25282,dbms_cloud_oci_ms_channels_t.md
19:10:06,https://docs.oracle.com/iaas/Content/pl-sql-sdk/doc/dbms_cloud_oci_ms_db_backups.html,200,38882,dbms_cloud_oci_ms_db_backups.md
19:10:07,https://docs.oracle.com/iaas/Content/pl-sql-sdk/doc/dbms_cloud_oci_ms_db_backups_t.html,200,24210,dbms_cloud_oci_ms_db_backups_t.md
19:10:09,https://docs.oracle.com/iaas/Content/pl-sql-sdk/doc/dbms_cloud_oci_ms_db_system.html,200,97102,dbms_cloud_oci_ms_db_system.md
19:10:10,https://docs.oracle.com/iaas/Content/pl-sql-sdk/doc/dbms_cloud_oci_ms_db_system_t.html,200,53537,dbms_cloud_oci_ms_db_system_t.md
19:10:12,https://docs.oracle.com/iaas/Content/pl-sql-sdk/doc/dbms_cloud_oci_ms_mysqlaas.html,200,42941,dbms_cloud_oci_ms_mysqlaas.md
19:10:14,https://docs.oracle.com/iaas/Content/pl-sql-sdk/doc/dbms_cloud_oci_ms_mysqlaas_t.html,200,29465,dbms_cloud_oci_ms_mysqlaas_t.md
19:10:15,https://docs.oracle.com/iaas/Content/pl-sql-sdk/doc/dbms_cloud_oci_ms_replicas.html,200,34201,dbms_cloud_oci_ms_replicas.md
19:10:16,https://docs.oracle.com/iaas/Content/pl-sql-sdk/doc/dbms_cloud_oci_ms_replicas_t.html,200,21249,dbms_cloud_oci_ms_replicas_t.md
19:10:18,https://docs.oracle.com/iaas/Content/pl-sql-sdk/doc/dbms_cloud_oci_ms_work_requests.html,200,27479,dbms_cloud_oci_ms_work_requests.md
19:10:19,https://docs.oracle.com/iaas/Content/pl-sql-sdk/doc/dbms_cloud_oci_ms_work_requests_t.html,200,21406,dbms_cloud_oci_ms_work_requests_t.md
19:10:21,https://docs.oracle.com/iaas/Content/pl-sql-sdk/doc/dbms_cloud_oci_nf_network_firewall.html,200,425917,dbms_cloud_oci_nf_network_firewall.md
19:10:23,https://docs.oracle.com/iaas/Content/pl-sql-sdk/doc/dbms_cloud_oci_nf_network_firewall_t.html,200,233774,dbms_cloud_oci_nf_network_firewall_t.md
19:10:26,https://docs.oracle.com/iaas/Content/pl-sql-sdk/doc/dbms_cloud_oci_nlb_network_load_balancer.html,200,201866,dbms_cloud_oci_nlb_network_load_balancer.md
19:10:27,https://docs.oracle.com/iaas/Content/pl-sql-sdk/doc/dbms_cloud_oci_nlb_network_load_balancer_t.html,200,103220,dbms_cloud_oci_nlb_network_load_balancer_t.md
19:10:29,https://docs.oracle.com/iaas/Content/pl-sql-sdk/doc/dbms_cloud_oci_ns_nosql.html,200,126391,dbms_cloud_oci_ns_nosql.md
19:10:31,https://docs.oracle.com/iaas/Content/pl-sql-sdk/doc/dbms_cloud_oci_ns_nosql_t.html,200,72133,dbms_cloud_oci_ns_nosql_t.md
19:10:32,https://docs.oracle.com/iaas/Content/pl-sql-sdk/doc/dbms_cloud_oci_oac_access_requests.html,200,56030,dbms_cloud_oci_oac_access_requests.md
19:10:34,https://docs.oracle.com/iaas/Content/pl-sql-sdk/doc/dbms_cloud_oci_oac_access_requests_t.html,200,32403,dbms_cloud_oci_oac_access_requests_t.md
19:10:36,https://docs.oracle.com/iaas/Content/pl-sql-sdk/doc/dbms_cloud_oci_oac_operator_actions.html,200,17752,dbms_cloud_oci_oac_operator_actions.md
19:10:37,https://docs.oracle.com/iaas/Content/pl-sql-sdk/doc/dbms_cloud_oci_oac_operator_actions_t.html,200,12826,dbms_cloud_oci_oac_operator_actions_t.md
19:10:39,https://docs.oracle.com/iaas/Content/pl-sql-sdk/doc/dbms_cloud_oci_oac_operator_control.html,200,38395,dbms_cloud_oci_oac_operator_control.md
19:10:40,https://docs.oracle.com/iaas/Content/pl-sql-sdk/doc/dbms_cloud_oci_oac_operator_control_assignment.html,200,39147,dbms_cloud_oci_oac_operator_control_assignment.md
19:10:42,https://docs.oracle.com/iaas/Content/pl-sql-sdk/doc/dbms_cloud_oci_oac_operator_control_assignment_t.html,200,24768,dbms_cloud_oci_oac_operator_control_assignment_t.md
19:10:43,https://docs.oracle.com/iaas/Content/pl-sql-sdk/doc/dbms_cloud_oci_oac_operator_control_t.html,200,24020,dbms_cloud_oci_oac_operator_control_t.md
19:10:45,https://docs.oracle.com/iaas/Content/pl-sql-sdk/doc/dbms_cloud_oci_obs_object_storage.html,200,302165,dbms_cloud_oci_obs_object_storage.md
19:10:48,https://docs.oracle.com/iaas/Content/pl-sql-sdk/doc/dbms_cloud_oci_obs_object_storage_t.html,200,155674,dbms_cloud_oci_obs_object_storage_t.md
19:10:49,https://docs.oracle.com/iaas/Content/pl-sql-sdk/doc/dbms_cloud_oci_occ_occ_metrics.html,200,22893,dbms_cloud_oci_occ_occ_metrics.md
19:10:51,https://docs.oracle.com/iaas/Content/pl-sql-sdk/doc/dbms_cloud_oci_occ_occ_metrics_t.html,200,15719,dbms_cloud_oci_occ_occ_metrics_t.md
19:10:53,https://docs.oracle.com/iaas/Content/pl-sql-sdk/doc/dbms_cloud_oci_oce_oce_instance.html,200,54166,dbms_cloud_oci_oce_oce_instance.md
19:10:54,https://docs.oracle.com/iaas/Content/pl-sql-sdk/doc/dbms_cloud_oci_oce_oce_instance_t.html,200,38238,dbms_cloud_oci_oce_oce_instance_t.md
19:10:57,https://docs.oracle.com/iaas/Content/pl-sql-sdk/doc/dbms_cloud_oci_oda_management.html,200,314583,dbms_cloud_oci_oda_management.md
19:10:59,https://docs.oracle.com/iaas/Content/pl-sql-sdk/doc/dbms_cloud_oci_oda_management_t.html,200,165753,dbms_cloud_oci_oda_management_t.md
19:11:01,https://docs.oracle.com/iaas/Content/pl-sql-sdk/doc/dbms_cloud_oci_oda_oda.html,200,98561,dbms_cloud_oci_oda_oda.md
19:11:03,https://docs.oracle.com/iaas/Content/pl-sql-sdk/doc/dbms_cloud_oci_oda_oda_t.html,200,57186,dbms_cloud_oci_oda_oda_t.md
19:11:04,https://docs.oracle.com/iaas/Content/pl-sql-sdk/doc/dbms_cloud_oci_oda_odapackage.html,200,48264,dbms_cloud_oci_oda_odapackage.md
19:11:07,https://docs.oracle.com/iaas/Content/pl-sql-sdk/doc/dbms_cloud_oci_oda_odapackage_t.html,200,28719,dbms_cloud_oci_oda_odapackage_t.md
19:11:08,https://docs.oracle.com/iaas/Content/pl-sql-sdk/doc/dbms_cloud_oci_og_address_rule_service.html,200,11710,dbms_cloud_oci_og_address_rule_service.md
19:11:10,https://docs.oracle.com/iaas/Content/pl-sql-sdk/doc/dbms_cloud_oci_og_address_rule_service_t.html,200,9773,dbms_cloud_oci_og_address_rule_service_t.md
19:11:12,https://docs.oracle.com/iaas/Content/pl-sql-sdk/doc/dbms_cloud_oci_og_address_service.html,200,17405,dbms_cloud_oci_og_address_service.md
19:11:14,https://docs.oracle.com/iaas/Content/pl-sql-sdk/doc/dbms_cloud_oci_og_address_service_t.html,200,12617,dbms_cloud_oci_og_address_service_t.md
19:11:15,https://docs.oracle.com/iaas/Content/pl-sql-sdk/doc/dbms_cloud_oci_og_invoice_service.html,200,37855,dbms_cloud_oci_og_invoice_service.md
19:11:16,https://docs.oracle.com/iaas/Content/pl-sql-sdk/doc/dbms_cloud_oci_og_invoice_service_t.html,200,21387,dbms_cloud_oci_og_invoice_service_t.md
19:11:18,https://docs.oracle.com/iaas/Content/pl-sql-sdk/doc/dbms_cloud_oci_og_subscription_service.html,200,35975,dbms_cloud_oci_og_subscription_service.md
19:11:20,https://docs.oracle.com/iaas/Content/pl-sql-sdk/doc/dbms_cloud_oci_og_subscription_service_t.html,200,21740,dbms_cloud_oci_og_subscription_service_t.md
19:11:22,https://docs.oracle.com/iaas/Content/pl-sql-sdk/doc/dbms_cloud_oci_om_event.html,200,52702,dbms_cloud_oci_om_event.md
19:11:24,https://docs.oracle.com/iaas/Content/pl-sql-sdk/doc/dbms_cloud_oci_om_event_t.html,200,29012,dbms_cloud_oci_om_event_t.md
19:11:25,https://docs.oracle.com/iaas/Content/pl-sql-sdk/doc/dbms_cloud_oci_om_os_management.html,200,399189,dbms_cloud_oci_om_os_management.md
19:11:27,https://docs.oracle.com/iaas/Content/pl-sql-sdk/doc/dbms_cloud_oci_om_os_management_t.html,200,222858,dbms_cloud_oci_om_os_management_t.md
19:11:28,https://docs.oracle.com/iaas/Content/pl-sql-sdk/doc/dbms_cloud_oci_omh_lifecycle_environment.html,200,73257,dbms_cloud_oci_omh_lifecycle_environment.md
19:11:29,https://docs.oracle.com/iaas/Content/pl-sql-sdk/doc/dbms_cloud_oci_omh_lifecycle_environment_t.html,200,38802,dbms_cloud_oci_omh_lifecycle_environment_t.md
19:11:31,https://docs.oracle.com/iaas/Content/pl-sql-sdk/doc/dbms_cloud_oci_omh_managed_instance.html,200,155928,dbms_cloud_oci_omh_managed_instance.md
19:11:33,https://docs.oracle.com/iaas/Content/pl-sql-sdk/doc/dbms_cloud_oci_omh_managed_instance_group.html,200,150885,dbms_cloud_oci_omh_managed_instance_group.md
19:11:35,https://docs.oracle.com/iaas/Content/pl-sql-sdk/doc/dbms_cloud_oci_omh_managed_instance_group_t.html,200,70161,dbms_cloud_oci_omh_managed_instance_group_t.md
19:11:37,https://docs.oracle.com/iaas/Content/pl-sql-sdk/doc/dbms_cloud_oci_omh_managed_instance_t.html,200,68910,dbms_cloud_oci_omh_managed_instance_t.md
19:11:38,https://docs.oracle.com/iaas/Content/pl-sql-sdk/doc/dbms_cloud_oci_omh_management_station.html,200,51767,dbms_cloud_oci_omh_management_station.md
19:11:39,https://docs.oracle.com/iaas/Content/pl-sql-sdk/doc/dbms_cloud_oci_omh_management_station_t.html,200,29527,dbms_cloud_oci_omh_management_station_t.md
19:11:41,https://docs.oracle.com/iaas/Content/pl-sql-sdk/doc/dbms_cloud_oci_omh_onboarding.html,200,34488,dbms_cloud_oci_omh_onboarding.md
19:11:43,https://docs.oracle.com/iaas/Content/pl-sql-sdk/doc/dbms_cloud_oci_omh_onboarding_t.html,200,20888,dbms_cloud_oci_omh_onboarding_t.md
19:11:44,https://docs.oracle.com/iaas/Content/pl-sql-sdk/doc/dbms_cloud_oci_omh_reporting_managed_instance.html,200,31881,dbms_cloud_oci_omh_reporting_managed_instance.md
19:11:46,https://docs.oracle.com/iaas/Content/pl-sql-sdk/doc/dbms_cloud_oci_omh_reporting_managed_instance_t.html,200,16100,dbms_cloud_oci_omh_reporting_managed_instance_t.md
19:11:48,https://docs.oracle.com/iaas/Content/pl-sql-sdk/doc/dbms_cloud_oci_omh_scheduled_job.html,200,42559,dbms_cloud_oci_omh_scheduled_job.md
19:11:50,https://docs.oracle.com/iaas/Content/pl-sql-sdk/doc/dbms_cloud_oci_omh_scheduled_job_t.html,200,23703,dbms_cloud_oci_omh_scheduled_job_t.md
19:11:52,https://docs.oracle.com/iaas/Content/pl-sql-sdk/doc/dbms_cloud_oci_omh_software_source.html,200,136189,dbms_cloud_oci_omh_software_source.md
19:11:53,https://docs.oracle.com/iaas/Content/pl-sql-sdk/doc/dbms_cloud_oci_omh_software_source_t.html,200,71335,dbms_cloud_oci_omh_software_source_t.md
19:11:55,https://docs.oracle.com/iaas/Content/pl-sql-sdk/doc/dbms_cloud_oci_omh_work_request.html,200,33042,dbms_cloud_oci_omh_work_request.md
19:11:57,https://docs.oracle.com/iaas/Content/pl-sql-sdk/doc/dbms_cloud_oci_omh_work_request_t.html,200,18674,dbms_cloud_oci_omh_work_request_t.md
19:11:58,https://docs.oracle.com/iaas/Content/pl-sql-sdk/doc/dbms_cloud_oci_ons_notification_control_plane.html,200,39330,dbms_cloud_oci_ons_notification_control_plane.md
19:11:59,https://docs.oracle.com/iaas/Content/pl-sql-sdk/doc/dbms_cloud_oci_ons_notification_control_plane_t.html,200,24746,dbms_cloud_oci_ons_notification_control_plane_t.md
19:12:01,https://docs.oracle.com/iaas/Content/pl-sql-sdk/doc/dbms_cloud_oci_ons_notification_data_plane.html,200,57339,dbms_cloud_oci_ons_notification_data_plane.md
19:12:03,https://docs.oracle.com/iaas/Content/pl-sql-sdk/doc/dbms_cloud_oci_ons_notification_data_plane_t.html,200,36832,dbms_cloud_oci_ons_notification_data_plane_t.md
19:12:04,https://docs.oracle.com/iaas/Content/pl-sql-sdk/doc/dbms_cloud_oci_op_optimizer.html,200,162269,dbms_cloud_oci_op_optimizer.md
19:12:06,https://docs.oracle.com/iaas/Content/pl-sql-sdk/doc/dbms_cloud_oci_op_optimizer_t.html,200,82275,dbms_cloud_oci_op_optimizer_t.md
19:12:08,https://docs.oracle.com/iaas/Content/pl-sql-sdk/doc/dbms_cloud_oci_opa_opa_instance.html,200,61435,dbms_cloud_oci_opa_opa_instance.md
19:12:09,https://docs.oracle.com/iaas/Content/pl-sql-sdk/doc/dbms_cloud_oci_opa_opa_instance_t.html,200,36919,dbms_cloud_oci_opa_opa_instance_t.md
19:12:11,https://docs.oracle.com/iaas/Content/pl-sql-sdk/doc/dbms_cloud_oci_ops_opensearch_cluster.html,200,76163,dbms_cloud_oci_ops_opensearch_cluster.md
19:12:12,https://docs.oracle.com/iaas/Content/pl-sql-sdk/doc/dbms_cloud_oci_ops_opensearch_cluster_backup.html,200,27462,dbms_cloud_oci_ops_opensearch_cluster_backup.md
19:12:13,https://docs.oracle.com/iaas/Content/pl-sql-sdk/doc/dbms_cloud_oci_ops_opensearch_cluster_backup_t.html,200,18234,dbms_cloud_oci_ops_opensearch_cluster_backup_t.md
19:12:15,https://docs.oracle.com/iaas/Content/pl-sql-sdk/doc/dbms_cloud_oci_ops_opensearch_cluster_t.html,200,45777,dbms_cloud_oci_ops_opensearch_cluster_t.md
19:12:21,https://docs.oracle.com/iaas/Content/pl-sql-sdk/doc/dbms_cloud_oci_opsi_operations_insights.html,200,1455052,dbms_cloud_oci_opsi_operations_insights.md
19:12:26,https://docs.oracle.com/iaas/Content/pl-sql-sdk/doc/dbms_cloud_oci_opsi_operations_insights_t.html,200,523927,dbms_cloud_oci_opsi_operations_insights_t.md
19:12:27,https://docs.oracle.com/iaas/Content/pl-sql-sdk/doc/dbms_cloud_oci_os_billing_schedule.html,200,13515,dbms_cloud_oci_os_billing_schedule.md
19:12:29,https://docs.oracle.com/iaas/Content/pl-sql-sdk/doc/dbms_cloud_oci_os_billing_schedule_t.html,200,10833,dbms_cloud_oci_os_billing_schedule_t.md
19:12:30,https://docs.oracle.com/iaas/Content/pl-sql-sdk/doc/dbms_cloud_oci_os_commitment.html,200,16734,dbms_cloud_oci_os_commitment.md
19:12:32,https://docs.oracle.com/iaas/Content/pl-sql-sdk/doc/dbms_cloud_oci_os_commitment_t.html,200,13598,dbms_cloud_oci_os_commitment_t.md
19:12:33,https://docs.oracle.com/iaas/Content/pl-sql-sdk/doc/dbms_cloud_oci_os_computed_usage.html,200,26814,dbms_cloud_oci_os_computed_usage.md
19:12:34,https://docs.oracle.com/iaas/Content/pl-sql-sdk/doc/dbms_cloud_oci_os_computed_usage_t.html,200,17836,dbms_cloud_oci_os_computed_usage_t.md
19:12:36,https://docs.oracle.com/iaas/Content/pl-sql-sdk/doc/dbms_cloud_oci_os_invoice_summary.html,200,20917,dbms_cloud_oci_os_invoice_summary.md
19:12:37,https://docs.oracle.com/iaas/Content/pl-sql-sdk/doc/dbms_cloud_oci_os_invoice_summary_t.html,200,14837,dbms_cloud_oci_os_invoice_summary_t.md
19:12:39,https://docs.oracle.com/iaas/Content/pl-sql-sdk/doc/dbms_cloud_oci_os_organization_subscription.html,200,12735,dbms_cloud_oci_os_organization_subscription.md
19:12:40,https://docs.oracle.com/iaas/Content/pl-sql-sdk/doc/dbms_cloud_oci_os_organization_subscription_t.html,200,11031,dbms_cloud_oci_os_organization_subscription_t.md
19:12:42,https://docs.oracle.com/iaas/Content/pl-sql-sdk/doc/dbms_cloud_oci_os_ratecard.html,200,14221,dbms_cloud_oci_os_ratecard.md
19:12:43,https://docs.oracle.com/iaas/Content/pl-sql-sdk/doc/dbms_cloud_oci_os_ratecard_t.html,200,9683,dbms_cloud_oci_os_ratecard_t.md
19:12:45,https://docs.oracle.com/iaas/Content/pl-sql-sdk/doc/dbms_cloud_oci_os_subscribed_service.html,200,18598,dbms_cloud_oci_os_subscribed_service.md
19:12:47,https://docs.oracle.com/iaas/Content/pl-sql-sdk/doc/dbms_cloud_oci_os_subscribed_service_t.html,200,13862,dbms_cloud_oci_os_subscribed_service_t.md
19:12:48,https://docs.oracle.com/iaas/Content/pl-sql-sdk/doc/dbms_cloud_oci_os_subscription.html,200,14409,dbms_cloud_oci_os_subscription.md
19:12:49,https://docs.oracle.com/iaas/Content/pl-sql-sdk/doc/dbms_cloud_oci_os_subscription_t.html,200,10745,dbms_cloud_oci_os_subscription_t.md
19:12:51,https://docs.oracle.com/iaas/Content/pl-sql-sdk/doc/dbms_cloud_oci_osb_billing_schedule.html,200,13890,dbms_cloud_oci_osb_billing_schedule.md
19:12:53,https://docs.oracle.com/iaas/Content/pl-sql-sdk/doc/dbms_cloud_oci_osb_billing_schedule_t.html,200,10814,dbms_cloud_oci_osb_billing_schedule_t.md
19:12:54,https://docs.oracle.com/iaas/Content/pl-sql-sdk/doc/dbms_cloud_oci_osos_organization_subscription.html,200,13486,dbms_cloud_oci_osos_organization_subscription.md
19:12:56,https://docs.oracle.com/iaas/Content/pl-sql-sdk/doc/dbms_cloud_oci_osos_organization_subscription_t.html,200,10993,dbms_cloud_oci_osos_organization_subscription_t.md
19:12:57,https://docs.oracle.com/iaas/Content/pl-sql-sdk/doc/dbms_cloud_oci_oss_commitment.html,200,18718,dbms_cloud_oci_oss_commitment.md
19:12:59,https://docs.oracle.com/iaas/Content/pl-sql-sdk/doc/dbms_cloud_oci_oss_commitment_t.html,200,13633,dbms_cloud_oci_oss_commitment_t.md
19:13:00,https://docs.oracle.com/iaas/Content/pl-sql-sdk/doc/dbms_cloud_oci_oss_ratecard.html,200,14657,dbms_cloud_oci_oss_ratecard.md
19:13:02,https://docs.oracle.com/iaas/Content/pl-sql-sdk/doc/dbms_cloud_oci_oss_ratecard_t.html,200,10691,dbms_cloud_oci_oss_ratecard_t.md
19:13:04,https://docs.oracle.com/iaas/Content/pl-sql-sdk/doc/dbms_cloud_oci_oss_subscription.html,200,15333,dbms_cloud_oci_oss_subscription.md
19:13:05,https://docs.oracle.com/iaas/Content/pl-sql-sdk/doc/dbms_cloud_oci_oss_subscription_t.html,200,10702,dbms_cloud_oci_oss_subscription_t.md
19:13:06,https://docs.oracle.com/iaas/Content/pl-sql-sdk/doc/dbms_cloud_oci_osu_computed_usage.html,200,28008,dbms_cloud_oci_osu_computed_usage.md
19:13:08,https://docs.oracle.com/iaas/Content/pl-sql-sdk/doc/dbms_cloud_oci_osu_computed_usage_t.html,200,17679,dbms_cloud_oci_osu_computed_usage_t.md
19:13:09,https://docs.oracle.com/iaas/Content/pl-sql-sdk/doc/dbms_cloud_oci_ov_cluster.html,200,33411,dbms_cloud_oci_ov_cluster.md
19:13:11,https://docs.oracle.com/iaas/Content/pl-sql-sdk/doc/dbms_cloud_oci_ov_cluster_t.html,200,20298,dbms_cloud_oci_ov_cluster_t.md
19:13:12,https://docs.oracle.com/iaas/Content/pl-sql-sdk/doc/dbms_cloud_oci_ov_esxi_host.html,200,52279,dbms_cloud_oci_ov_esxi_host.md
19:13:14,https://docs.oracle.com/iaas/Content/pl-sql-sdk/doc/dbms_cloud_oci_ov_esxi_host_t.html,200,27849,dbms_cloud_oci_ov_esxi_host_t.md
19:13:15,https://docs.oracle.com/iaas/Content/pl-sql-sdk/doc/dbms_cloud_oci_ov_sddc.html,200,84994,dbms_cloud_oci_ov_sddc.md
19:13:17,https://docs.oracle.com/iaas/Content/pl-sql-sdk/doc/dbms_cloud_oci_ov_sddc_t.html,200,44347,dbms_cloud_oci_ov_sddc_t.md
19:13:19,https://docs.oracle.com/iaas/Content/pl-sql-sdk/doc/dbms_cloud_oci_ov_work_request.html,200,26702,dbms_cloud_oci_ov_work_request.md
19:13:21,https://docs.oracle.com/iaas/Content/pl-sql-sdk/doc/dbms_cloud_oci_ov_work_request_t.html,200,18553,dbms_cloud_oci_ov_work_request_t.md
19:13:23,https://docs.oracle.com/iaas/Content/pl-sql-sdk/doc/dbms_cloud_oci_psql_postgresql.html,200,178689,dbms_cloud_oci_psql_postgresql.md
19:13:25,https://docs.oracle.com/iaas/Content/pl-sql-sdk/doc/dbms_cloud_oci_psql_postgresql_t.html,200,97984,dbms_cloud_oci_psql_postgresql_t.md
19:13:27,https://docs.oracle.com/iaas/Content/pl-sql-sdk/doc/dbms_cloud_oci_q_queue.html,200,46821,dbms_cloud_oci_q_queue.md
19:13:30,https://docs.oracle.com/iaas/Content/pl-sql-sdk/doc/dbms_cloud_oci_q_queue_admin.html,200,61117,dbms_cloud_oci_q_queue_admin.md
19:13:31,https://docs.oracle.com/iaas/Content/pl-sql-sdk/doc/dbms_cloud_oci_q_queue_admin_t.html,200,36664,dbms_cloud_oci_q_queue_admin_t.md
19:13:33,https://docs.oracle.com/iaas/Content/pl-sql-sdk/doc/dbms_cloud_oci_q_queue_t.html,200,29202,dbms_cloud_oci_q_queue_t.md
19:13:34,https://docs.oracle.com/iaas/Content/pl-sql-sdk/doc/dbms_cloud_oci_r_database_recovery.html,200,124944,dbms_cloud_oci_r_database_recovery.md
19:13:36,https://docs.oracle.com/iaas/Content/pl-sql-sdk/doc/dbms_cloud_oci_r_database_recovery_t.html,200,72065,dbms_cloud_oci_r_database_recovery_t.md
19:13:38,https://docs.oracle.com/iaas/Content/pl-sql-sdk/doc/dbms_cloud_oci_rd_redis_cluster.html,200,64083,dbms_cloud_oci_rd_redis_cluster.md
19:13:40,https://docs.oracle.com/iaas/Content/pl-sql-sdk/doc/dbms_cloud_oci_rd_redis_cluster_t.html,200,37533,dbms_cloud_oci_rd_redis_cluster_t.md
19:13:41,https://docs.oracle.com/iaas/Content/pl-sql-sdk/doc/dbms_cloud_oci_rm_resource_manager.html,200,278834,dbms_cloud_oci_rm_resource_manager.md
19:13:42,https://docs.oracle.com/iaas/Content/pl-sql-sdk/doc/dbms_cloud_oci_rm_resource_manager_t.html,200,163054,dbms_cloud_oci_rm_resource_manager_t.md
19:13:44,https://docs.oracle.com/iaas/Content/pl-sql-sdk/doc/dbms_cloud_oci_rs_resource_search.html,200,20432,dbms_cloud_oci_rs_resource_search.md
19:13:46,https://docs.oracle.com/iaas/Content/pl-sql-sdk/doc/dbms_cloud_oci_rs_resource_search_t.html,200,16563,dbms_cloud_oci_rs_resource_search_t.md
19:13:48,https://docs.oracle.com/iaas/Content/pl-sql-sdk/doc/dbms_cloud_oci_rv_rover_bundle.html,200,43695,dbms_cloud_oci_rv_rover_bundle.md
19:13:49,https://docs.oracle.com/iaas/Content/pl-sql-sdk/doc/dbms_cloud_oci_rv_rover_bundle_t.html,200,30470,dbms_cloud_oci_rv_rover_bundle_t.md
19:13:50,https://docs.oracle.com/iaas/Content/pl-sql-sdk/doc/dbms_cloud_oci_rv_rover_cluster.html,200,46830,dbms_cloud_oci_rv_rover_cluster.md
19:13:52,https://docs.oracle.com/iaas/Content/pl-sql-sdk/doc/dbms_cloud_oci_rv_rover_cluster_t.html,200,29392,dbms_cloud_oci_rv_rover_cluster_t.md
19:13:54,https://docs.oracle.com/iaas/Content/pl-sql-sdk/doc/dbms_cloud_oci_rv_rover_entitlement.html,200,38942,dbms_cloud_oci_rv_rover_entitlement.md
19:13:55,https://docs.oracle.com/iaas/Content/pl-sql-sdk/doc/dbms_cloud_oci_rv_rover_entitlement_t.html,200,24106,dbms_cloud_oci_rv_rover_entitlement_t.md
19:13:57,https://docs.oracle.com/iaas/Content/pl-sql-sdk/doc/dbms_cloud_oci_rv_rover_node.html,200,82626,dbms_cloud_oci_rv_rover_node.md
19:13:58,https://docs.oracle.com/iaas/Content/pl-sql-sdk/doc/dbms_cloud_oci_rv_rover_node_t.html,200,50610,dbms_cloud_oci_rv_rover_node_t.md
19:14:00,https://docs.oracle.com/iaas/Content/pl-sql-sdk/doc/dbms_cloud_oci_rv_shape.html,200,12582,dbms_cloud_oci_rv_shape.md
19:14:01,https://docs.oracle.com/iaas/Content/pl-sql-sdk/doc/dbms_cloud_oci_rv_shape_t.html,200,9796,dbms_cloud_oci_rv_shape_t.md
19:14:03,https://docs.oracle.com/iaas/Content/pl-sql-sdk/doc/dbms_cloud_oci_rv_work_requests.html,200,33842,dbms_cloud_oci_rv_work_requests.md
19:14:05,https://docs.oracle.com/iaas/Content/pl-sql-sdk/doc/dbms_cloud_oci_rv_work_requests_t.html,200,21321,dbms_cloud_oci_rv_work_requests_t.md
19:14:07,https://docs.oracle.com/iaas/Content/pl-sql-sdk/doc/dbms_cloud_oci_sc_secrets.html,200,23556,dbms_cloud_oci_sc_secrets.md
19:14:09,https://docs.oracle.com/iaas/Content/pl-sql-sdk/doc/dbms_cloud_oci_sc_secrets_t.html,200,16539,dbms_cloud_oci_sc_secrets_t.md
19:14:10,https://docs.oracle.com/iaas/Content/pl-sql-sdk/doc/dbms_cloud_oci_sch_service_connector.html,200,70761,dbms_cloud_oci_sch_service_connector.md
19:14:12,https://docs.oracle.com/iaas/Content/pl-sql-sdk/doc/dbms_cloud_oci_sch_service_connector_t.html,200,40152,dbms_cloud_oci_sch_service_connector_t.md
19:14:14,https://docs.oracle.com/iaas/Content/pl-sql-sdk/doc/dbms_cloud_oci_smon_stack_monitoring.html,200,338389,dbms_cloud_oci_smon_stack_monitoring.md
19:14:17,https://docs.oracle.com/iaas/Content/pl-sql-sdk/doc/dbms_cloud_oci_smon_stack_monitoring_t.html,200,174433,dbms_cloud_oci_smon_stack_monitoring_t.md
19:14:18,https://docs.oracle.com/iaas/Content/pl-sql-sdk/doc/dbms_cloud_oci_smp_service_manager_proxy.html,200,18745,dbms_cloud_oci_smp_service_manager_proxy.md
19:14:19,https://docs.oracle.com/iaas/Content/pl-sql-sdk/doc/dbms_cloud_oci_smp_service_manager_proxy_t.html,200,12828,dbms_cloud_oci_smp_service_manager_proxy_t.md
19:14:22,https://docs.oracle.com/iaas/Content/pl-sql-sdk/doc/dbms_cloud_oci_st_stream.html,200,42687,dbms_cloud_oci_st_stream.md
19:14:23,https://docs.oracle.com/iaas/Content/pl-sql-sdk/doc/dbms_cloud_oci_st_stream_admin.html,200,97984,dbms_cloud_oci_st_stream_admin.md
19:14:25,https://docs.oracle.com/iaas/Content/pl-sql-sdk/doc/dbms_cloud_oci_st_stream_admin_t.html,200,59955,dbms_cloud_oci_st_stream_admin_t.md
19:14:27,https://docs.oracle.com/iaas/Content/pl-sql-sdk/doc/dbms_cloud_oci_st_stream_t.html,200,30218,dbms_cloud_oci_st_stream_t.md
19:14:29,https://docs.oracle.com/iaas/Content/pl-sql-sdk/doc/dbms_cloud_oci_svc_service_catalog.html,200,141560,dbms_cloud_oci_svc_service_catalog.md
19:14:31,https://docs.oracle.com/iaas/Content/pl-sql-sdk/doc/dbms_cloud_oci_svc_service_catalog_t.html,200,82708,dbms_cloud_oci_svc_service_catalog_t.md
19:14:34,https://docs.oracle.com/iaas/Content/pl-sql-sdk/doc/dbms_cloud_oci_svm_service_mesh.html,200,253565,dbms_cloud_oci_svm_service_mesh.md
19:14:37,https://docs.oracle.com/iaas/Content/pl-sql-sdk/doc/dbms_cloud_oci_svm_service_mesh_t.html,200,140778,dbms_cloud_oci_svm_service_mesh_t.md
19:14:38,https://docs.oracle.com/iaas/Content/pl-sql-sdk/doc/dbms_cloud_oci_ti_threatintel.html,200,35444,dbms_cloud_oci_ti_threatintel.md
19:14:39,https://docs.oracle.com/iaas/Content/pl-sql-sdk/doc/dbms_cloud_oci_ti_threatintel_t.html,200,21465,dbms_cloud_oci_ti_threatintel_t.md
19:14:41,https://docs.oracle.com/iaas/Content/pl-sql-sdk/doc/dbms_cloud_oci_tmcp_domain.html,200,31173,dbms_cloud_oci_tmcp_domain.md
19:14:42,https://docs.oracle.com/iaas/Content/pl-sql-sdk/doc/dbms_cloud_oci_tmcp_domain_governance.html,200,31816,dbms_cloud_oci_tmcp_domain_governance.md
19:14:44,https://docs.oracle.com/iaas/Content/pl-sql-sdk/doc/dbms_cloud_oci_tmcp_domain_governance_t.html,200,21541,dbms_cloud_oci_tmcp_domain_governance_t.md
19:14:45,https://docs.oracle.com/iaas/Content/pl-sql-sdk/doc/dbms_cloud_oci_tmcp_domain_t.html,200,20892,dbms_cloud_oci_tmcp_domain_t.md
19:14:47,https://docs.oracle.com/iaas/Content/pl-sql-sdk/doc/dbms_cloud_oci_tmcp_governance.html,200,17980,dbms_cloud_oci_tmcp_governance.md
19:14:48,https://docs.oracle.com/iaas/Content/pl-sql-sdk/doc/dbms_cloud_oci_tmcp_governance_t.html,200,11881,dbms_cloud_oci_tmcp_governance_t.md
19:14:49,https://docs.oracle.com/iaas/Content/pl-sql-sdk/doc/dbms_cloud_oci_tmcp_link.html,200,20690,dbms_cloud_oci_tmcp_link.md
19:14:50,https://docs.oracle.com/iaas/Content/pl-sql-sdk/doc/dbms_cloud_oci_tmcp_link_t.html,200,15046,dbms_cloud_oci_tmcp_link_t.md
19:14:52,https://docs.oracle.com/iaas/Content/pl-sql-sdk/doc/dbms_cloud_oci_tmcp_orders.html,200,15690,dbms_cloud_oci_tmcp_orders.md
19:14:53,https://docs.oracle.com/iaas/Content/pl-sql-sdk/doc/dbms_cloud_oci_tmcp_orders_t.html,200,12180,dbms_cloud_oci_tmcp_orders_t.md
19:14:54,https://docs.oracle.com/iaas/Content/pl-sql-sdk/doc/dbms_cloud_oci_tmcp_organization.html,200,54622,dbms_cloud_oci_tmcp_organization.md
19:14:56,https://docs.oracle.com/iaas/Content/pl-sql-sdk/doc/dbms_cloud_oci_tmcp_organization_t.html,200,35244,dbms_cloud_oci_tmcp_organization_t.md
19:14:57,https://docs.oracle.com/iaas/Content/pl-sql-sdk/doc/dbms_cloud_oci_tmcp_recipient_invitation.html,200,31563,dbms_cloud_oci_tmcp_recipient_invitation.md
19:14:58,https://docs.oracle.com/iaas/Content/pl-sql-sdk/doc/dbms_cloud_oci_tmcp_recipient_invitation_t.html,200,21738,dbms_cloud_oci_tmcp_recipient_invitation_t.md
19:14:59,https://docs.oracle.com/iaas/Content/pl-sql-sdk/doc/dbms_cloud_oci_tmcp_sender_invitation.html,200,32730,dbms_cloud_oci_tmcp_sender_invitation.md
19:15:01,https://docs.oracle.com/iaas/Content/pl-sql-sdk/doc/dbms_cloud_oci_tmcp_sender_invitation_t.html,200,21561,dbms_cloud_oci_tmcp_sender_invitation_t.md
19:15:02,https://docs.oracle.com/iaas/Content/pl-sql-sdk/doc/dbms_cloud_oci_tmcp_subscription.html,200,63228,dbms_cloud_oci_tmcp_subscription.md
19:15:04,https://docs.oracle.com/iaas/Content/pl-sql-sdk/doc/dbms_cloud_oci_tmcp_subscription_t.html,200,39445,dbms_cloud_oci_tmcp_subscription_t.md
19:15:06,https://docs.oracle.com/iaas/Content/pl-sql-sdk/doc/dbms_cloud_oci_tmcp_work_request.html,200,25680,dbms_cloud_oci_tmcp_work_request.md
19:15:08,https://docs.oracle.com/iaas/Content/pl-sql-sdk/doc/dbms_cloud_oci_tmcp_work_request_t.html,200,18819,dbms_cloud_oci_tmcp_work_request_t.md
19:15:10,https://docs.oracle.com/iaas/Content/pl-sql-sdk/doc/dbms_cloud_oci_ua_usageapi.html,200,135090,dbms_cloud_oci_ua_usageapi.md
19:15:11,https://docs.oracle.com/iaas/Content/pl-sql-sdk/doc/dbms_cloud_oci_ua_usageapi_t.html,200,87497,dbms_cloud_oci_ua_usageapi_t.md
19:15:13,https://docs.oracle.com/iaas/Content/pl-sql-sdk/doc/dbms_cloud_oci_us_resources.html,200,19448,dbms_cloud_oci_us_resources.md
19:15:15,https://docs.oracle.com/iaas/Content/pl-sql-sdk/doc/dbms_cloud_oci_us_resources_t.html,200,12556,dbms_cloud_oci_us_resources_t.md
19:15:16,https://docs.oracle.com/iaas/Content/pl-sql-sdk/doc/dbms_cloud_oci_us_rewards.html,200,41900,dbms_cloud_oci_us_rewards.md
19:15:18,https://docs.oracle.com/iaas/Content/pl-sql-sdk/doc/dbms_cloud_oci_us_rewards_t.html,200,23767,dbms_cloud_oci_us_rewards_t.md
19:15:20,https://docs.oracle.com/iaas/Content/pl-sql-sdk/doc/dbms_cloud_oci_us_usagelimits.html,200,13897,dbms_cloud_oci_us_usagelimits.md
19:15:22,https://docs.oracle.com/iaas/Content/pl-sql-sdk/doc/dbms_cloud_oci_us_usagelimits_t.html,200,9638,dbms_cloud_oci_us_usagelimits_t.md
19:15:24,https://docs.oracle.com/iaas/Content/pl-sql-sdk/doc/dbms_cloud_oci_vb_vb_instance.html,200,70642,dbms_cloud_oci_vb_vb_instance.md
19:15:26,https://docs.oracle.com/iaas/Content/pl-sql-sdk/doc/dbms_cloud_oci_vb_vb_instance_t.html,200,42462,dbms_cloud_oci_vb_vb_instance_t.md
19:15:27,https://docs.oracle.com/iaas/Content/pl-sql-sdk/doc/dbms_cloud_oci_vbi_vbs_instance.html,200,56659,dbms_cloud_oci_vbi_vbs_instance.md
19:15:29,https://docs.oracle.com/iaas/Content/pl-sql-sdk/doc/dbms_cloud_oci_vbi_vbs_instance_t.html,200,34583,dbms_cloud_oci_vbi_vbs_instance_t.md
19:15:32,https://docs.oracle.com/iaas/Content/pl-sql-sdk/doc/dbms_cloud_oci_vnm_vn_monitoring.html,200,73591,dbms_cloud_oci_vnm_vn_monitoring.md
19:15:33,https://docs.oracle.com/iaas/Content/pl-sql-sdk/doc/dbms_cloud_oci_vnm_vn_monitoring_t.html,200,41143,dbms_cloud_oci_vnm_vn_monitoring_t.md
19:15:35,https://docs.oracle.com/iaas/Content/pl-sql-sdk/doc/dbms_cloud_oci_vs_vulnerability_scanning.html,200,317123,dbms_cloud_oci_vs_vulnerability_scanning.md
19:15:37,https://docs.oracle.com/iaas/Content/pl-sql-sdk/doc/dbms_cloud_oci_vs_vulnerability_scanning_t.html,200,175143,dbms_cloud_oci_vs_vulnerability_scanning_t.md
19:15:39,https://docs.oracle.com/iaas/Content/pl-sql-sdk/doc/dbms_cloud_oci_vt_vaults.html,200,63058,dbms_cloud_oci_vt_vaults.md
19:15:40,https://docs.oracle.com/iaas/Content/pl-sql-sdk/doc/dbms_cloud_oci_vt_vaults_t.html,200,38420,dbms_cloud_oci_vt_vaults_t.md
19:15:41,https://docs.oracle.com/iaas/Content/pl-sql-sdk/doc/dbms_cloud_oci_waa_waa.html,200,72407,dbms_cloud_oci_waa_waa.md
19:15:43,https://docs.oracle.com/iaas/Content/pl-sql-sdk/doc/dbms_cloud_oci_waa_waa_t.html,200,42371,dbms_cloud_oci_waa_waa_t.md
19:15:45,https://docs.oracle.com/iaas/Content/pl-sql-sdk/doc/dbms_cloud_oci_waa_work_request.html,200,25248,dbms_cloud_oci_waa_work_request.md
19:15:47,https://docs.oracle.com/iaas/Content/pl-sql-sdk/doc/dbms_cloud_oci_waa_work_request_t.html,200,18540,dbms_cloud_oci_waa_work_request_t.md
19:15:49,https://docs.oracle.com/iaas/Content/pl-sql-sdk/doc/dbms_cloud_oci_waf_waf.html,200,130417,dbms_cloud_oci_waf_waf.md
19:15:50,https://docs.oracle.com/iaas/Content/pl-sql-sdk/doc/dbms_cloud_oci_waf_waf_t.html,200,74765,dbms_cloud_oci_waf_waf_t.md
19:15:52,https://docs.oracle.com/iaas/Content/pl-sql-sdk/doc/dbms_cloud_oci_wr_work_request.html,200,27587,dbms_cloud_oci_wr_work_request.md
19:15:54,https://docs.oracle.com/iaas/Content/pl-sql-sdk/doc/dbms_cloud_oci_wr_work_request_t.html,200,21511,dbms_cloud_oci_wr_work_request_t.md
19:15:55,https://docs.oracle.com/iaas/Content/pl-sql-sdk/doc/dbms_cloud_oci_ws_redirect.html,200,40321,dbms_cloud_oci_ws_redirect.md
19:15:57,https://docs.oracle.com/iaas/Content/pl-sql-sdk/doc/dbms_cloud_oci_ws_redirect_t.html,200,23615,dbms_cloud_oci_ws_redirect_t.md
19:16:01,https://docs.oracle.com/iaas/Content/pl-sql-sdk/doc/dbms_cloud_oci_ws_waas.html,200,380373,dbms_cloud_oci_ws_waas.md
19:16:03,https://docs.oracle.com/iaas/Content/pl-sql-sdk/doc/dbms_cloud_oci_ws_waas_t.html,200,203055,dbms_cloud_oci_ws_waas_t.md
19:16:05,https://docs.oracle.com/iaas/Content/pl-sql-sdk/doc/devops-package.html,200,8263,devops-package.md
19:16:12,https://docs.oracle.com/iaas/Content/pl-sql-sdk/doc/devops_t.html,200,1757873,devops_t.md
19:16:14,https://docs.oracle.com/iaas/Content/pl-sql-sdk/doc/disaster-recovery-package.html,200,9423,disaster-recovery-package.md
19:16:15,https://docs.oracle.com/iaas/Content/pl-sql-sdk/doc/disaster_recovery_t.html,200,557666,disaster_recovery_t.md
19:16:16,https://docs.oracle.com/iaas/Content/pl-sql-sdk/doc/dns-package.html,200,8464,dns-package.md
19:16:18,https://docs.oracle.com/iaas/Content/pl-sql-sdk/doc/dns_t.html,200,370194,dns_t.md
19:16:20,https://docs.oracle.com/iaas/Content/pl-sql-sdk/doc/em-warehouse-package.html,200,8910,em-warehouse-package.md
19:16:22,https://docs.oracle.com/iaas/Content/pl-sql-sdk/doc/em_warehouse_t.html,200,96224,em_warehouse_t.md
19:16:23,https://docs.oracle.com/iaas/Content/pl-sql-sdk/doc/email-package.html,200,9452,email-package.md
19:16:25,https://docs.oracle.com/iaas/Content/pl-sql-sdk/doc/email_t.html,200,139787,email_t.md
19:16:27,https://docs.oracle.com/iaas/Content/pl-sql-sdk/doc/events-package.html,200,8405,events-package.md
19:16:30,https://docs.oracle.com/iaas/Content/pl-sql-sdk/doc/events_t.html,200,76341,events_t.md
19:16:31,https://docs.oracle.com/iaas/Content/pl-sql-sdk/doc/file-storage-package.html,200,9845,file-storage-package.md
19:16:32,https://docs.oracle.com/iaas/Content/pl-sql-sdk/doc/file_storage_t.html,200,344981,file_storage_t.md
19:16:34,https://docs.oracle.com/iaas/Content/pl-sql-sdk/doc/fleet-software-update-package.html,200,8227,fleet-software-update-package.md
19:16:36,https://docs.oracle.com/iaas/Content/pl-sql-sdk/doc/fleet_software_update_t.html,200,604943,fleet_software_update_t.md
19:16:37,https://docs.oracle.com/iaas/Content/pl-sql-sdk/doc/functions-package.html,200,9485,functions-package.md
19:16:38,https://docs.oracle.com/iaas/Content/pl-sql-sdk/doc/functions_t.html,200,169482,functions_t.md
19:16:40,https://docs.oracle.com/iaas/Content/pl-sql-sdk/doc/fusion-apps-package.html,200,7413,fusion-apps-package.md
19:16:42,https://docs.oracle.com/iaas/Content/pl-sql-sdk/doc/fusion_apps_t.html,200,319755,fusion_apps_t.md
19:16:43,https://docs.oracle.com/iaas/Content/pl-sql-sdk/doc/generative-ai-inference-package.html,200,8123,generative-ai-inference-package.md
19:16:44,https://docs.oracle.com/iaas/Content/pl-sql-sdk/doc/generative-ai-package.html,200,9103,generative-ai-package.md
19:16:45,https://docs.oracle.com/iaas/Content/pl-sql-sdk/doc/generative_ai_inference_t.html,200,61645,generative_ai_inference_t.md
19:16:48,https://docs.oracle.com/iaas/Content/pl-sql-sdk/doc/generative_ai_t.html,200,188865,generative_ai_t.md
19:16:50,https://docs.oracle.com/iaas/Content/pl-sql-sdk/doc/generic-artifacts-content-package.html,200,8964,generic-artifacts-content-package.md
19:16:51,https://docs.oracle.com/iaas/Content/pl-sql-sdk/doc/generic_artifacts_content_t.html,200,18787,generic_artifacts_content_t.md
19:16:53,https://docs.oracle.com/iaas/Content/pl-sql-sdk/doc/golden-gate-package.html,200,7572,golden-gate-package.md
19:16:55,https://docs.oracle.com/iaas/Content/pl-sql-sdk/doc/golden_gate_t.html,200,1027568,golden_gate_t.md
19:16:57,https://docs.oracle.com/iaas/Content/pl-sql-sdk/doc/governance-rules-cp-package.html,200,8884,governance-rules-cp-package.md
19:16:58,https://docs.oracle.com/iaas/Content/pl-sql-sdk/doc/governance_rules_control_plane_t.html,200,166861,governance_rules_control_plane_t.md
19:17:00,https://docs.oracle.com/iaas/Content/pl-sql-sdk/doc/health-checks-package.html,200,9425,health-checks-package.md
19:17:03,https://docs.oracle.com/iaas/Content/pl-sql-sdk/doc/healthchecks_t.html,200,151569,healthchecks_t.md
19:17:04,https://docs.oracle.com/iaas/Content/pl-sql-sdk/doc/identity-dataplane-package.html,200,9244,identity-dataplane-package.md
19:17:06,https://docs.oracle.com/iaas/Content/pl-sql-sdk/doc/identity-package.html,200,9101,identity-package.md
19:17:07,https://docs.oracle.com/iaas/Content/pl-sql-sdk/doc/identity_dataplane_t.html,200,167459,identity_dataplane_t.md
19:17:09,https://docs.oracle.com/iaas/Content/pl-sql-sdk/doc/identity_t.html,200,642633,identity_t.md
19:17:11,https://docs.oracle.com/iaas/Content/pl-sql-sdk/doc/integration-package.html,200,9288,integration-package.md
19:17:12,https://docs.oracle.com/iaas/Content/pl-sql-sdk/doc/integration_t.html,200,123701,integration_t.md
19:17:13,https://docs.oracle.com/iaas/Content/pl-sql-sdk/doc/jms-java-downloads-package.html,200,8680,jms-java-downloads-package.md
19:17:15,https://docs.oracle.com/iaas/Content/pl-sql-sdk/doc/jms-package.html,200,8215,jms-package.md
19:17:16,https://docs.oracle.com/iaas/Content/pl-sql-sdk/doc/jms_java_downloads_t.html,200,187966,jms_java_downloads_t.md
19:17:17,https://docs.oracle.com/iaas/Content/pl-sql-sdk/doc/jms_t.html,200,573131,jms_t.md
19:17:19,https://docs.oracle.com/iaas/Content/pl-sql-sdk/doc/key-management-package.html,200,9253,key-management-package.md
19:17:21,https://docs.oracle.com/iaas/Content/pl-sql-sdk/doc/key_management_t.html,200,261774,key_management_t.md
19:17:23,https://docs.oracle.com/iaas/Content/pl-sql-sdk/doc/license-manager-package.html,200,9499,license-manager-package.md
19:17:24,https://docs.oracle.com/iaas/Content/pl-sql-sdk/doc/license_manager_t.html,200,159372,license_manager_t.md
19:17:25,https://docs.oracle.com/iaas/Content/pl-sql-sdk/doc/limits-package.html,200,7657,limits-package.md
19:17:27,https://docs.oracle.com/iaas/Content/pl-sql-sdk/doc/limits_t.html,200,61327,limits_t.md
19:17:29,https://docs.oracle.com/iaas/Content/pl-sql-sdk/doc/load-balancer-package.html,200,8860,load-balancer-package.md
19:17:31,https://docs.oracle.com/iaas/Content/pl-sql-sdk/doc/load_balancer_t.html,200,428474,load_balancer_t.md
19:17:33,https://docs.oracle.com/iaas/Content/pl-sql-sdk/doc/lockbox-package.html,200,7251,lockbox-package.md
19:17:35,https://docs.oracle.com/iaas/Content/pl-sql-sdk/doc/lockbox_t.html,200,161550,lockbox_t.md
19:17:36,https://docs.oracle.com/iaas/Content/pl-sql-sdk/doc/logging-ingestion-package.html,200,7464,logging-ingestion-package.md
19:17:37,https://docs.oracle.com/iaas/Content/pl-sql-sdk/doc/logging-package.html,200,7760,logging-package.md
19:17:39,https://docs.oracle.com/iaas/Content/pl-sql-sdk/doc/logging-search-package.html,200,7473,logging-search-package.md
19:17:41,https://docs.oracle.com/iaas/Content/pl-sql-sdk/doc/logging_ingestion_t.html,200,22852,logging_ingestion_t.md
19:17:42,https://docs.oracle.com/iaas/Content/pl-sql-sdk/doc/logging_search_t.html,200,27302,logging_search_t.md
19:17:44,https://docs.oracle.com/iaas/Content/pl-sql-sdk/doc/logging_t.html,200,263837,logging_t.md
19:17:45,https://docs.oracle.com/iaas/Content/pl-sql-sdk/doc/management-agent-package.html,200,7834,management-agent-package.md
19:17:47,https://docs.oracle.com/iaas/Content/pl-sql-sdk/doc/management-dashboard-package.html,200,8703,management-dashboard-package.md
19:17:50,https://docs.oracle.com/iaas/Content/pl-sql-sdk/doc/management_agent_t.html,200,163741,management_agent_t.md
19:17:52,https://docs.oracle.com/iaas/Content/pl-sql-sdk/doc/management_dashboard_t.html,200,170150,management_dashboard_t.md
19:17:53,https://docs.oracle.com/iaas/Content/pl-sql-sdk/doc/marketplace-package.html,200,9854,marketplace-package.md
19:17:55,https://docs.oracle.com/iaas/Content/pl-sql-sdk/doc/marketplace-publisher-package.html,200,8635,marketplace-publisher-package.md
19:17:57,https://docs.oracle.com/iaas/Content/pl-sql-sdk/doc/marketplace_publisher_t.html,200,470770,marketplace_publisher_t.md
19:18:00,https://docs.oracle.com/iaas/Content/pl-sql-sdk/doc/marketplace_t.html,200,275122,marketplace_t.md
19:18:02,https://docs.oracle.com/iaas/Content/pl-sql-sdk/doc/media-services-package.html,200,9598,media-services-package.md
19:18:03,https://docs.oracle.com/iaas/Content/pl-sql-sdk/doc/media_services_t.html,200,336224,media_services_t.md
19:18:05,https://docs.oracle.com/iaas/Content/pl-sql-sdk/doc/monitoring-package.html,200,8629,monitoring-package.md
19:18:07,https://docs.oracle.com/iaas/Content/pl-sql-sdk/doc/monitoring_t.html,200,152682,monitoring_t.md
19:18:08,https://docs.oracle.com/iaas/Content/pl-sql-sdk/doc/mysql-package.html,200,9376,mysql-package.md
19:18:10,https://docs.oracle.com/iaas/Content/pl-sql-sdk/doc/mysql_t.html,200,480026,mysql_t.md
19:18:11,https://docs.oracle.com/iaas/Content/pl-sql-sdk/doc/network-firewall-package.html,200,8266,network-firewall-package.md
19:18:13,https://docs.oracle.com/iaas/Content/pl-sql-sdk/doc/network-load-balancer-package.html,200,8767,network-load-balancer-package.md
19:18:16,https://docs.oracle.com/iaas/Content/pl-sql-sdk/doc/network_firewall_t.html,200,408579,network_firewall_t.md
19:18:18,https://docs.oracle.com/iaas/Content/pl-sql-sdk/doc/network_load_balancer_t.html,200,251798,network_load_balancer_t.md
19:18:20,https://docs.oracle.com/iaas/Content/pl-sql-sdk/doc/nosql-package.html,200,8314,nosql-package.md
19:18:21,https://docs.oracle.com/iaas/Content/pl-sql-sdk/doc/nosql_t.html,200,169106,nosql_t.md
19:18:23,https://docs.oracle.com/iaas/Content/pl-sql-sdk/doc/object-storage-package.html,200,9198,object-storage-package.md
19:18:25,https://docs.oracle.com/iaas/Content/pl-sql-sdk/doc/object_storage_t.html,200,245899,object_storage_t.md
19:18:26,https://docs.oracle.com/iaas/Content/pl-sql-sdk/doc/oce-package.html,200,7950,oce-package.md
19:18:27,https://docs.oracle.com/iaas/Content/pl-sql-sdk/doc/oce_t.html,200,82790,oce_t.md
19:18:28,https://docs.oracle.com/iaas/Content/pl-sql-sdk/doc/oci-control-center-package.html,200,8520,oci-control-center-package.md
19:18:30,https://docs.oracle.com/iaas/Content/pl-sql-sdk/doc/oci_control_center_t.html,200,38300,oci_control_center_t.md
19:18:32,https://docs.oracle.com/iaas/Content/pl-sql-sdk/doc/ocvp-package.html,200,9693,ocvp-package.md
19:18:35,https://docs.oracle.com/iaas/Content/pl-sql-sdk/doc/ocvp_t.html,200,272623,ocvp_t.md
19:18:37,https://docs.oracle.com/iaas/Content/pl-sql-sdk/doc/oda-package.html,200,9796,oda-package.md
19:18:40,https://docs.oracle.com/iaas/Content/pl-sql-sdk/doc/oda_t.html,200,763923,oda_t.md
19:18:41,https://docs.oracle.com/iaas/Content/pl-sql-sdk/doc/one-subscription-package.html,200,9593,one-subscription-package.md
19:18:44,https://docs.oracle.com/iaas/Content/pl-sql-sdk/doc/onesubscription_t.html,200,308776,onesubscription_t.md
19:18:45,https://docs.oracle.com/iaas/Content/pl-sql-sdk/doc/ons-package.html,200,10176,ons-package.md
19:18:48,https://docs.oracle.com/iaas/Content/pl-sql-sdk/doc/ons_t.html,200,75871,ons_t.md
19:18:49,https://docs.oracle.com/iaas/Content/pl-sql-sdk/doc/opa-package.html,200,8767,opa-package.md
19:18:51,https://docs.oracle.com/iaas/Content/pl-sql-sdk/doc/opa_t.html,200,85645,opa_t.md
19:18:52,https://docs.oracle.com/iaas/Content/pl-sql-sdk/doc/opensearch-package.html,200,9776,opensearch-package.md
19:18:54,https://docs.oracle.com/iaas/Content/pl-sql-sdk/doc/opensearch_t.html,200,168995,opensearch_t.md
19:18:56,https://docs.oracle.com/iaas/Content/pl-sql-sdk/doc/operator-access-control-package.html,200,9541,operator-access-control-package.md
19:18:57,https://docs.oracle.com/iaas/Content/pl-sql-sdk/doc/operator_access_control_t.html,200,188925,operator_access_control_t.md
19:18:58,https://docs.oracle.com/iaas/Content/pl-sql-sdk/doc/opsi-package.html,200,8258,opsi-package.md
19:19:00,https://docs.oracle.com/iaas/Content/pl-sql-sdk/doc/opsi_t.html,200,1931296,opsi_t.md
19:19:03,https://docs.oracle.com/iaas/Content/pl-sql-sdk/doc/optimizer-package.html,200,7962,optimizer-package.md
19:19:06,https://docs.oracle.com/iaas/Content/pl-sql-sdk/doc/optimizer_t.html,200,257497,optimizer_t.md
19:19:09,https://docs.oracle.com/iaas/Content/pl-sql-sdk/doc/os-management-hub-package.html,200,12085,os-management-hub-package.md
19:19:10,https://docs.oracle.com/iaas/Content/pl-sql-sdk/doc/os-management-package.html,200,8539,os-management-package.md
19:19:12,https://docs.oracle.com/iaas/Content/pl-sql-sdk/doc/os_management_hub_t.html,200,836329,os_management_hub_t.md
19:19:14,https://docs.oracle.com/iaas/Content/pl-sql-sdk/doc/os_management_t.html,200,376492,os_management_t.md
19:19:15,https://docs.oracle.com/iaas/Content/pl-sql-sdk/doc/osp-gateway-package.html,200,8507,osp-gateway-package.md
19:19:17,https://docs.oracle.com/iaas/Content/pl-sql-sdk/doc/osp_gateway_t.html,200,195650,osp_gateway_t.md
19:19:18,https://docs.oracle.com/iaas/Content/pl-sql-sdk/doc/osub-billing-schedule-package.html,200,7731,osub-billing-schedule-package.md
19:19:19,https://docs.oracle.com/iaas/Content/pl-sql-sdk/doc/osub-organization-subscription-package.html,200,7892,osub-organization-subscription-package.md
19:19:21,https://docs.oracle.com/iaas/Content/pl-sql-sdk/doc/osub-subscription-package.html,200,8249,osub-subscription-package.md
19:19:23,https://docs.oracle.com/iaas/Content/pl-sql-sdk/doc/osub-usage-package.html,200,7736,osub-usage-package.md
19:19:24,https://docs.oracle.com/iaas/Content/pl-sql-sdk/doc/osub_billing_schedule_t.html,200,19952,osub_billing_schedule_t.md
19:19:25,https://docs.oracle.com/iaas/Content/pl-sql-sdk/doc/osub_organization_subscription_t.html,200,18823,osub_organization_subscription_t.md
19:19:26,https://docs.oracle.com/iaas/Content/pl-sql-sdk/doc/osub_subscription_t.html,200,61626,osub_subscription_t.md
19:19:28,https://docs.oracle.com/iaas/Content/pl-sql-sdk/doc/osub_usage_t.html,200,53214,osub_usage_t.md
19:19:30,https://docs.oracle.com/iaas/Content/pl-sql-sdk/doc/psql-package.html,200,8522,psql-package.md
19:19:31,https://docs.oracle.com/iaas/Content/pl-sql-sdk/doc/psql_t.html,200,322973,psql_t.md
19:19:33,https://docs.oracle.com/iaas/Content/pl-sql-sdk/doc/queue-package.html,200,9715,queue-package.md
19:19:34,https://docs.oracle.com/iaas/Content/pl-sql-sdk/doc/queue_t.html,200,150176,queue_t.md
19:19:36,https://docs.oracle.com/iaas/Content/pl-sql-sdk/doc/recovery-package.html,200,9268,recovery-package.md
19:19:37,https://docs.oracle.com/iaas/Content/pl-sql-sdk/doc/recovery_t.html,200,181627,recovery_t.md
19:19:39,https://docs.oracle.com/iaas/Content/pl-sql-sdk/doc/redis-package.html,200,8747,redis-package.md
19:19:40,https://docs.oracle.com/iaas/Content/pl-sql-sdk/doc/redis_t.html,200,90133,redis_t.md
19:19:42,https://docs.oracle.com/iaas/Content/pl-sql-sdk/doc/resource-manager-package.html,200,9145,resource-manager-package.md
19:19:43,https://docs.oracle.com/iaas/Content/pl-sql-sdk/doc/resource-search-package.html,200,10898,resource-search-package.md
19:19:45,https://docs.oracle.com/iaas/Content/pl-sql-sdk/doc/resource_manager_t.html,200,542754,resource_manager_t.md
19:19:47,https://docs.oracle.com/iaas/Content/pl-sql-sdk/doc/resource_search_t.html,200,45317,resource_search_t.md
19:19:48,https://docs.oracle.com/iaas/Content/pl-sql-sdk/doc/rover-package.html,200,10781,rover-package.md
19:19:50,https://docs.oracle.com/iaas/Content/pl-sql-sdk/doc/rover_t.html,200,318931,rover_t.md
19:19:51,https://docs.oracle.com/iaas/Content/pl-sql-sdk/doc/sch-package.html,200,9058,sch-package.md
19:19:54,https://docs.oracle.com/iaas/Content/pl-sql-sdk/doc/sch_t.html,200,155854,sch_t.md
19:19:56,https://docs.oracle.com/iaas/Content/pl-sql-sdk/doc/secrets-package.html,200,7073,secrets-package.md
19:19:57,https://docs.oracle.com/iaas/Content/pl-sql-sdk/doc/secrets_t.html,200,27065,secrets_t.md
19:19:58,https://docs.oracle.com/iaas/Content/pl-sql-sdk/doc/service-catalog-package.html,200,8429,service-catalog-package.md
19:20:00,https://docs.oracle.com/iaas/Content/pl-sql-sdk/doc/service-manager-proxy-package.html,200,7633,service-manager-proxy-package.md
19:20:01,https://docs.oracle.com/iaas/Content/pl-sql-sdk/doc/service-mesh-package.html,200,8872,service-mesh-package.md
19:20:04,https://docs.oracle.com/iaas/Content/pl-sql-sdk/doc/service_catalog_t.html,200,155717,service_catalog_t.md
19:20:05,https://docs.oracle.com/iaas/Content/pl-sql-sdk/doc/service_manager_proxy_t.html,200,35285,service_manager_proxy_t.md
19:20:09,https://docs.oracle.com/iaas/Content/pl-sql-sdk/doc/service_mesh_t.html,200,466578,service_mesh_t.md
19:20:11,https://docs.oracle.com/iaas/Content/pl-sql-sdk/doc/stack-monitoring-package.html,200,9236,stack-monitoring-package.md
19:20:12,https://docs.oracle.com/iaas/Content/pl-sql-sdk/doc/stack_monitoring_t.html,200,578191,stack_monitoring_t.md
19:20:14,https://docs.oracle.com/iaas/Content/pl-sql-sdk/doc/streaming-package.html,200,8588,streaming-package.md
19:20:16,https://docs.oracle.com/iaas/Content/pl-sql-sdk/doc/streaming_t.html,200,143893,streaming_t.md
19:20:18,https://docs.oracle.com/iaas/Content/pl-sql-sdk/doc/tenant-manager-control-plane-package.html,200,10363,tenant-manager-control-plane-package.md
19:20:20,https://docs.oracle.com/iaas/Content/pl-sql-sdk/doc/tenant_manager_control_plane_t.html,200,357188,tenant_manager_control_plane_t.md
19:20:22,https://docs.oracle.com/iaas/Content/dev/terraform/applying.htm,200,15430,terraform__applying.md
19:20:23,https://docs.oracle.com/iaas/Content/dev/terraform/async.htm,200,9809,terraform__async.md
19:20:25,https://docs.oracle.com/iaas/Content/dev/terraform/authoring-configs.htm,200,31594,terraform__authoring-configs.md
19:20:27,https://docs.oracle.com/iaas/Content/dev/terraform/best-practices.htm,200,6409,terraform__best-practices.md
19:20:30,https://docs.oracle.com/iaas/Content/dev/terraform/configuring.htm,200,40017,terraform__configuring.md
19:20:31,https://docs.oracle.com/iaas/Content/dev/terraform/default-vcn.htm,200,10640,terraform__default-vcn.md
19:20:33,https://docs.oracle.com/iaas/Content/dev/terraform/deprecated-resources.htm,200,56012,terraform__deprecated-resources.md
19:20:35,https://docs.oracle.com/iaas/Content/dev/terraform/describing-infra.htm,200,11164,terraform__describing-infra.md
19:20:36,https://docs.oracle.com/iaas/Content/dev/terraform/examples-templates.htm,200,10092,terraform__examples-templates.md
19:20:37,https://docs.oracle.com/iaas/Content/dev/terraform/fips-compatible.htm,200,24653,terraform__fips-compatible.md
19:20:39,https://docs.oracle.com/iaas/Content/dev/terraform/getting-started.htm,200,10098,terraform__getting-started.md
19:20:40,https://docs.oracle.com/iaas/Content/dev/terraform/guides.htm,200,7527,terraform__guides.md
19:20:41,https://docs.oracle.com/iaas/Content/dev/terraform/home.htm,200,11690,terraform__home.md
19:20:43,https://docs.oracle.com/iaas/Content/dev/terraform/installing.htm,200,11147,terraform__installing.md
19:20:44,https://docs.oracle.com/iaas/Content/dev/terraform/known-issues.htm,200,5614,terraform__known-issues.md
19:20:45,https://docs.oracle.com/iaas/Content/dev/terraform/managing-volumes.htm,200,13141,terraform__managing-volumes.md
19:20:47,https://docs.oracle.com/iaas/Content/dev/terraform/migrating-exadatadb.htm,200,12770,terraform__migrating-exadatadb.md
19:20:49,https://docs.oracle.com/iaas/Content/dev/terraform/migrating-legacy.htm,200,9132,terraform__migrating-legacy.md
19:20:50,https://docs.oracle.com/iaas/Content/dev/terraform/object-storage-state.htm,200,35614,terraform__object-storage-state.md
19:20:51,https://docs.oracle.com/iaas/Content/dev/terraform/ref-availability-domains.htm,200,11653,terraform__ref-availability-domains.md
19:20:53,https://docs.oracle.com/iaas/Content/dev/terraform/ref-images.htm,200,8161,terraform__ref-images.md
19:20:55,https://docs.oracle.com/iaas/Content/dev/terraform/resource-discovery-output.htm,200,7455,terraform__resource-discovery-output.md
19:20:57,https://docs.oracle.com/iaas/Content/dev/terraform/resource-discovery-using.htm,200,29972,terraform__resource-discovery-using.md
19:20:59,https://docs.oracle.com/iaas/Content/dev/terraform/resource-discovery.htm,200,48572,terraform__resource-discovery.md
19:21:00,https://docs.oracle.com/iaas/Content/dev/terraform/specifying-versions.htm,200,11013,terraform__specifying-versions.md
19:21:02,https://docs.oracle.com/iaas/Content/dev/terraform/storing-sensitive-data.htm,200,6356,terraform__storing-sensitive-data.md
19:21:03,https://docs.oracle.com/iaas/Content/dev/terraform/supported-services.htm,200,8294,terraform__supported-services.md
19:21:05,https://docs.oracle.com/iaas/Content/dev/terraform/tagging-resources.htm,200,9850,terraform__tagging-resources.md
19:21:06,https://docs.oracle.com/iaas/Content/dev/terraform/targeting-multiple-regions.htm,200,12295,terraform__targeting-multiple-regions.md
19:21:08,https://docs.oracle.com/iaas/Content/dev/terraform/troubleshooting-basics.htm,200,9546,terraform__troubleshooting-basics.md
19:21:10,https://docs.oracle.com/iaas/Content/dev/terraform/troubleshooting.htm,200,56334,terraform__troubleshooting.md
19:21:11,https://docs.oracle.com/iaas/Content/dev/terraform/tutorials.htm,200,7975,terraform__tutorials.md
19:21:13,https://docs.oracle.com/iaas/Content/dev/terraform/tutorials/tf-cluster.htm,200,43658,terraform__tutorials__tf-cluster.md
19:21:15,https://docs.oracle.com/iaas/Content/dev/terraform/tutorials/tf-compartment.htm,200,31217,terraform__tutorials__tf-compartment.md
19:21:16,https://docs.oracle.com/iaas/Content/dev/terraform/tutorials/tf-compute.htm,200,52055,terraform__tutorials__tf-compute.md
19:21:19,https://docs.oracle.com/iaas/Content/dev/terraform/tutorials/tf-provider.htm,200,56846,terraform__tutorials__tf-provider.md
19:21:20,https://docs.oracle.com/iaas/Content/dev/terraform/tutorials/tf-resource-discovery-setup.htm,200,49133,terraform__tutorials__tf-resource-discovery-setup.md
19:21:21,https://docs.oracle.com/iaas/Content/dev/terraform/tutorials/tf-resource-discovery.htm,200,45451,terraform__tutorials__tf-resource-discovery.md
19:21:23,https://docs.oracle.com/iaas/Content/dev/terraform/tutorials/tf-simple-infrastructure.htm,200,32187,terraform__tutorials__tf-simple-infrastructure.md
19:21:24,https://docs.oracle.com/iaas/Content/dev/terraform/tutorials/tf-vcn.htm,200,90999,terraform__tutorials__tf-vcn.md
19:21:27,https://docs.oracle.com/iaas/Content/dev/terraform/upgrading.htm,200,15770,terraform__upgrading.md
19:21:28,https://docs.oracle.com/iaas/Content/dev/terraform/whats-new.htm,200,6560,terraform__whats-new.md
19:21:30,https://docs.oracle.com/iaas/Content/pl-sql-sdk/doc/threat-intelligence-package.html,200,8499,threat-intelligence-package.md
19:21:32,https://docs.oracle.com/iaas/Content/pl-sql-sdk/doc/threat_intelligence_t.html,200,92991,threat_intelligence_t.md
19:21:33,https://docs.oracle.com/iaas/Content/pl-sql-sdk/doc/usage-api-package.html,200,8579,usage-api-package.md
19:21:35,https://docs.oracle.com/iaas/Content/pl-sql-sdk/doc/usage-package.html,200,7917,usage-package.md
19:21:36,https://docs.oracle.com/iaas/Content/pl-sql-sdk/doc/usage_t.html,200,88971,usage_t.md
19:21:40,https://docs.oracle.com/iaas/Content/pl-sql-sdk/doc/usageapi_t.html,200,220536,usageapi_t.md
19:21:41,https://docs.oracle.com/iaas/Content/pl-sql-sdk/doc/vault-package.html,200,8682,vault-package.md
19:21:43,https://docs.oracle.com/iaas/Content/pl-sql-sdk/doc/vault_t.html,200,80744,vault_t.md
19:21:45,https://docs.oracle.com/iaas/Content/pl-sql-sdk/doc/vbs-inst-package.html,200,8679,vbs-inst-package.md
19:21:46,https://docs.oracle.com/iaas/Content/pl-sql-sdk/doc/vbs_inst_t.html,200,75226,vbs_inst_t.md
19:21:47,https://docs.oracle.com/iaas/Content/pl-sql-sdk/doc/visual-builder-package.html,200,8592,visual-builder-package.md
19:21:48,https://docs.oracle.com/iaas/Content/pl-sql-sdk/doc/visual_builder_t.html,200,116102,visual_builder_t.md
19:21:50,https://docs.oracle.com/iaas/Content/pl-sql-sdk/doc/vn-monitoring-package.html,200,7467,vn-monitoring-package.md
19:21:56,https://docs.oracle.com/iaas/Content/pl-sql-sdk/doc/vn_monitoring_t.html,200,1548681,vn_monitoring_t.md
19:21:57,https://docs.oracle.com/iaas/Content/pl-sql-sdk/doc/vulnerability-scanning-package.html,200,7717,vulnerability-scanning-package.md
19:21:59,https://docs.oracle.com/iaas/Content/pl-sql-sdk/doc/vulnerability_scanning_t.html,200,444194,vulnerability_scanning_t.md
19:22:00,https://docs.oracle.com/iaas/Content/pl-sql-sdk/doc/waa-package.html,200,9171,waa-package.md
19:22:02,https://docs.oracle.com/iaas/Content/pl-sql-sdk/doc/waa_t.html,200,125287,waa_t.md
19:22:04,https://docs.oracle.com/iaas/Content/pl-sql-sdk/doc/waas-package.html,200,7769,waas-package.md
19:22:05,https://docs.oracle.com/iaas/Content/pl-sql-sdk/doc/waas_t.html,200,451989,waas_t.md
19:22:07,https://docs.oracle.com/iaas/Content/pl-sql-sdk/doc/waf_t.html,200,268666,waf_t.md
19:22:09,https://docs.oracle.com/iaas/Content/pl-sql-sdk/doc/web-application-firewall-package.html,200,9427,web-application-firewall-package.md
19:22:11,https://docs.oracle.com/iaas/Content/pl-sql-sdk/doc/work-requests-package.html,200,8834,work-requests-package.md
19:22:13,https://docs.oracle.com/iaas/Content/pl-sql-sdk/doc/work_requests_t.html,200,33155,work_requests_t.md
